sample_index,time_us,CH01_S1,CH02_S2,CH03_S3,CH04_S4
0,-204.8,0,0,0,0
1,-204.7,0,0,0,0
2,-204.6,1,1,1,2
3,-204.5,2,1,2,3
4,-204.4,2,1,2,3
5,-204.3,3,1,2,3
6,-204.2,4,1,2,3
7,-204.1,4,1,2,3
8,-204,4,1,1,3
9,-203.9,4,1,1,3
10,-203.8,3,1,0,2
11,-203.7,3,1,0,2
12,-203.6,3,1,1,2
13,-203.5,2,1,1,1
14,-203.4,2,2,1,1
15,-203.3,2,2,0,1
16,-203.2,2,3,0,1
17,-203.1,2,3,0,2
18,-203,2,3,0,3
19,-202.9,3,4,0,4
20,-202.8,3,4,0,5
21,-202.7,4,4,0,5
22,-202.6,4,4,0,5
23,-202.5,5,4,0,5
24,-202.4,4,4,0,5
25,-202.3,4,5,1,5
26,-202.2,4,5,2,5
27,-202.1,4,5,2,5
28,-202,3,5,3,4
29,-201.9,4,5,4,4
30,-201.8,4,5,5,4
31,-201.7,4,6,6,3
32,-201.6,4,6,6,3
33,-201.5,4,6,5,3
34,-201.4,4,5,4,3
35,-201.3,3,5,3,3
36,-201.2,3,4,2,3
37,-201.1,2,3,1,2
38,-201,1,3,1,2
39,-200.9,1,1,1,1
40,-200.8,0,0,1,0
41,-200.7,-1,0,1,-1
42,-200.6,-2,-1,0,-1
43,-200.5,-3,-1,-1,-2
44,-200.4,-5,-1,-2,-3
45,-200.3,-6,-2,-2,-4
46,-200.2,-7,-2,-2,-4
47,-200.1,-6,-2,-1,-4
48,-200,-5,-2,0,-4
49,-199.9,-4,-2,1,-2
50,-199.8,-4,-2,1,-1
51,-199.7,-3,-1,1,-1
52,-199.6,-3,-1,1,-2
53,-199.5,-3,-1,0,-2
54,-199.4,-2,-1,-1,-3
55,-199.3,-3,-1,-2,-4
56,-199.2,-3,-1,-4,-6
57,-199.1,-4,-2,-5,-7
58,-199,-4,-2,-5,-7
59,-198.9,-4,-3,-6,-7
60,-198.8,-4,-3,-5,-7
61,-198.7,-3,-3,-4,-6
62,-198.6,-3,-3,-4,-5
63,-198.5,-2,-3,-3,-5
64,-198.4,-2,-3,-2,-4
65,-198.3,-2,-3,-1,-4
66,-198.2,-1,-3,-1,-3
67,-198.1,-1,-2,0,-2
68,-198,0,-1,0,-1
69,-197.9,0,-1,0,0
70,-197.8,0,0,0,0
71,-197.7,0,0,0,0
72,-197.6,0,0,0,0
73,-197.5,0,0,-1,0
74,-197.4,0,-1,-1,0
75,-197.3,1,-1,-1,1
76,-197.2,1,-1,0,1
77,-197.1,2,-1,1,3
78,-197,3,0,2,4
79,-196.9,4,0,3,5
80,-196.8,4,1,3,5
81,-196.7,4,1,3,5
82,-196.6,3,0,2,5
83,-196.5,2,0,1,4
84,-196.4,1,0,0,4
85,-196.3,1,0,-1,3
86,-196.2,0,0,-1,3
87,-196.1,0,0,-2,3
88,-196,0,0,-2,3
89,-195.9,0,1,-3,3
90,-195.8,0,1,-4,3
91,-195.7,0,1,-4,3
92,-195.6,0,1,-4,3
93,-195.5,1,1,-4,3
94,-195.4,1,1,-4,3
95,-195.3,1,1,-3,3
96,-195.2,2,1,-2,3
97,-195.1,2,1,-2,2
98,-195,2,1,-2,2
99,-194.9,2,1,-2,1
100,-194.8,1,1,-3,0
101,-194.7,0,0,-4,0
102,-194.6,-1,-1,-4,-1
103,-194.5,-1,-2,-5,-1
104,-194.4,-1,-3,-5,-1
105,-194.3,-2,-3,-5,-1
106,-194.2,-2,-3,-5,-1
107,-194.1,-3,-3,-5,-1
108,-194,-3,-3,-5,-1
109,-193.9,-4,-4,-5,-2
110,-193.8,-4,-4,-5,-3
111,-193.7,-5,-5,-5,-3
112,-193.6,-4,-5,-5,-4
113,-193.5,-4,-5,-4,-3
114,-193.4,-3,-4,-3,-2
115,-193.3,-2,-3,-2,-1
116,-193.2,-1,-2,0,0
117,-193.1,-1,-1,1,1
118,-193,0,0,1,2
119,-192.9,0,1,1,2
120,-192.8,1,1,1,2
121,-192.7,1,2,1,1
122,-192.6,1,1,1,0
123,-192.5,0,0,0,-1
124,-192.4,0,0,0,-2
125,-192.3,0,-1,0,-3
126,-192.2,-1,-2,0,-3
127,-192.1,-1,-3,0,-3
128,-192,-1,-3,0,-3
129,-191.9,-1,-3,0,-3
130,-191.8,-1,-3,1,-3
131,-191.7,-2,-3,1,-2
132,-191.6,-2,-3,1,-2
133,-191.5,-1,-3,1,-2
134,-191.4,-1,-2,1,-1
135,-191.3,-1,-1,2,0
136,-191.2,0,1,2,0
137,-191.1,0,2,2,0
138,-191,-1,2,2,1
139,-190.9,-1,2,2,1
140,-190.8,-1,2,3,1
141,-190.7,-1,2,3,1
142,-190.6,-1,2,4,1
143,-190.5,0,1,4,2
144,-190.4,0,1,4,2
145,-190.3,1,2,4,2
146,-190.2,1,2,5,1
147,-190.1,2,2,5,1
148,-190,2,2,4,1
149,-189.9,2,1,4,0
150,-189.8,3,1,4,0
151,-189.7,3,1,4,0
152,-189.6,4,0,4,0
153,-189.5,4,0,4,1
154,-189.4,4,1,3,1
155,-189.3,4,1,3,1
156,-189.2,3,0,2,1
157,-189.1,2,0,1,1
158,-189,1,0,0,0
159,-188.9,0,-1,-1,0
160,-188.8,-1,-1,-2,0
161,-188.7,0,-1,-2,1
162,-188.6,0,0,-1,1
163,-188.5,1,1,1,2
164,-188.4,3,2,3,3
165,-188.3,4,3,5,4
166,-188.2,4,4,5,5
167,-188.1,3,3,5,5
168,-188,3,3,3,4
169,-187.9,1,2,2,2
170,-187.8,1,1,1,1
171,-187.7,1,1,0,0
172,-187.6,1,0,0,0
173,-187.5,1,0,-1,-1
174,-187.4,1,0,-1,-2
175,-187.3,0,-1,-1,-2
176,-187.2,-1,-1,-1,-2
177,-187.1,-2,-2,-1,-2
178,-187,-3,-2,-1,-2
179,-186.9,-2,-2,-1,-1
180,-186.8,-2,-2,0,-1
181,-186.7,-1,-1,0,0
182,-186.6,-1,-1,1,0
183,-186.5,0,-1,1,0
184,-186.4,0,0,1,0
185,-186.3,1,0,1,0
186,-186.2,2,0,0,1
187,-186.1,2,0,0,1
188,-186,2,0,0,2
189,-185.9,1,0,0,3
190,-185.8,1,-1,0,3
191,-185.7,1,-1,0,2
192,-185.6,0,-1,0,2
193,-185.5,-1,-1,0,1
194,-185.4,-1,-2,-1,-1
195,-185.3,-2,-2,-1,-2
196,-185.2,-1,-3,-2,-3
197,-185.1,-2,-3,-3,-3
198,-185,-2,-3,-3,-3
199,-184.9,-1,-3,-3,-3
200,-184.8,0,-2,-2,-2
201,-184.7,1,-1,-1,0
202,-184.6,2,0,1,2
203,-184.5,3,1,2,3
204,-184.4,3,1,3,4
205,-184.3,3,1,3,4
206,-184.2,3,1,3,2
207,-184.1,3,1,2,2
208,-184,2,0,2,1
209,-183.9,2,0,2,0
210,-183.8,1,0,2,0
211,-183.7,1,-1,2,0
212,-183.6,1,0,1,0
213,-183.5,1,0,1,0
214,-183.4,1,0,0,0
215,-183.3,0,0,-1,-1
216,-183.2,0,-1,-2,-2
217,-183.1,-1,-1,-3,-3
218,-183,-1,-2,-4,-3
219,-182.9,-2,-2,-5,-4
220,-182.8,-2,-3,-5,-4
221,-182.7,-2,-3,-5,-4
222,-182.6,-3,-4,-6,-4
223,-182.5,-3,-5,-6,-4
224,-182.4,-4,-6,-7,-5
225,-182.3,-4,-7,-7,-5
226,-182.2,-5,-7,-7,-5
227,-182.1,-6,-8,-7,-5
228,-182,-6,-7,-6,-4
229,-181.9,-5,-7,-5,-3
230,-181.8,-5,-7,-3,-2
231,-181.7,-4,-6,-2,-2
232,-181.6,-4,-6,-1,-1
233,-181.5,-4,-6,-2,-1
234,-181.4,-4,-6,-2,0
235,-181.3,-4,-6,-3,0
236,-181.2,-3,-5,-4,0
237,-181.1,-3,-5,-4,0
238,-181,-2,-4,-4,0
239,-180.9,-2,-3,-4,0
240,-180.8,-2,-3,-4,0
241,-180.7,-2,-3,-3,0
242,-180.6,-2,-3,-3,-1
243,-180.5,-2,-3,-3,-1
244,-180.4,-3,-3,-2,-1
245,-180.3,-3,-3,-2,-1
246,-180.2,-2,-3,-2,-1
247,-180.1,-2,-2,-1,-1
248,-180,-1,-2,0,-1
249,-179.9,0,-1,0,0
250,-179.8,0,0,1,1
251,-179.7,1,1,2,2
252,-179.6,2,2,2,3
253,-179.5,2,3,2,5
254,-179.4,3,4,3,6
255,-179.3,4,4,3,7
256,-179.2,4,5,3,7
257,-179.1,5,6,4,8
258,-179,6,7,5,8
259,-178.9,6,7,6,8
260,-178.8,7,7,7,8
261,-178.7,8,7,8,7
262,-178.6,8,6,8,7
263,-178.5,8,6,9,8
264,-178.4,8,6,9,9
265,-178.3,9,6,10,10
266,-178.2,8,7,11,10
267,-178.1,8,8,11,11
268,-178,8,8,11,10
269,-177.9,7,8,10,9
270,-177.8,6,7,9,8
271,-177.7,6,7,7,7
272,-177.6,5,7,6,6
273,-177.5,5,7,5,6
274,-177.4,5,6,5,6
275,-177.3,5,6,6,7
276,-177.2,5,5,7,7
277,-177.1,5,5,7,8
278,-177,6,4,7,8
279,-176.9,6,4,8,7
280,-176.8,6,4,8,7
281,-176.7,7,3,8,6
282,-176.6,7,3,8,5
283,-176.5,7,2,7,4
284,-176.4,7,1,6,3
285,-176.3,6,0,5,2
286,-176.2,5,0,4,1
287,-176.1,4,-1,3,0
288,-176,2,-2,2,0
289,-175.9,0,-2,1,-1
290,-175.8,-1,-3,1,-2
291,-175.7,-3,-3,0,-2
292,-175.6,-4,-4,-1,-3
293,-175.5,-4,-4,-1,-3
294,-175.4,-4,-4,-1,-3
295,-175.3,-4,-4,-1,-3
296,-175.2,-4,-4,0,-3
297,-175.1,-4,-4,0,-2
298,-175,-3,-4,0,-1
299,-174.9,-2,-3,1,0
300,-174.8,-1,-3,1,1
301,-174.7,0,-3,2,2
302,-174.6,1,-2,3,3
303,-174.5,2,-1,4,3
304,-174.4,3,-1,4,3
305,-174.3,4,0,4,3
306,-174.2,3,0,4,3
307,-174.1,3,-1,3,2
308,-174,1,-2,2,1
309,-173.9,0,-3,0,0
310,-173.8,-1,-4,-2,-1
311,-173.7,-1,-4,-2,-2
312,-173.6,-1,-5,-2,-2
313,-173.5,-1,-5,-2,-2
314,-173.4,-1,-4,-1,-3
315,-173.3,-1,-3,0,-3
316,-173.2,-1,-3,1,-2
317,-173.1,0,-2,2,-2
318,-173,1,-1,3,-1
319,-172.9,2,0,3,0
320,-172.8,2,1,4,2
321,-172.7,3,2,4,3
322,-172.6,4,3,5,4
323,-172.5,4,3,4,5
324,-172.4,4,3,4,6
325,-172.3,4,2,4,5
326,-172.2,3,1,3,5
327,-172.1,1,0,1,4
328,-172,0,-1,0,2
329,-171.9,-2,-3,-1,1
330,-171.8,-3,-3,-2,0
331,-171.7,-3,-3,-3,-1
332,-171.6,-2,-3,-3,-1
333,-171.5,-2,-2,-2,-1
334,-171.4,-1,-1,-2,-1
335,-171.3,-1,-1,-2,-1
336,-171.2,-1,-1,-3,-1
337,-171.1,-2,-1,-4,-1
338,-171,-3,-1,-4,-2
339,-170.9,-4,-1,-5,-2
340,-170.8,-4,-1,-5,-2
341,-170.7,-4,-2,-4,-1
342,-170.6,-4,-2,-3,-1
343,-170.5,-3,-2,-3,0
344,-170.4,-3,-1,-1,1
345,-170.3,-2,-1,0,1
346,-170.2,-1,-1,1,2
347,-170.1,-1,-1,2,2
348,-170,0,0,1,2
349,-169.9,0,0,2,2
350,-169.8,0,0,2,2
351,-169.7,1,0,2,2
352,-169.6,1,0,1,2
353,-169.5,1,0,0,2
354,-169.4,1,-1,0,1
355,-169.3,0,-1,-1,0
356,-169.2,0,-2,-1,-1
357,-169.1,-1,-3,-1,-2
358,-169,-1,-4,-1,-3
359,-168.9,-2,-4,-1,-3
360,-168.8,-2,-4,-1,-3
361,-168.7,-2,-4,-1,-3
362,-168.6,-2,-4,-1,-3
363,-168.5,-1,-3,0,-3
364,-168.4,-1,-3,0,-3
365,-168.3,0,-2,0,-2
366,-168.2,0,-2,0,-2
367,-168.1,1,-1,0,-1
368,-168,1,-1,0,-1
369,-167.9,1,0,0,-1
370,-167.8,2,0,0,0
371,-167.7,2,1,0,0
372,-167.6,2,1,0,-1
373,-167.5,1,0,-1,-1
374,-167.4,0,-1,-2,-2
375,-167.3,-1,-2,-3,-3
376,-167.2,-2,-2,-3,-3
377,-167.1,-2,-3,-3,-4
378,-167,-2,-4,-3,-4
379,-166.9,-2,-4,-2,-4
380,-166.8,-2,-4,-1,-4
381,-166.7,-2,-4,0,-4
382,-166.6,-2,-4,1,-4
383,-166.5,-2,-4,1,-4
384,-166.4,-3,-4,1,-4
385,-166.3,-3,-3,1,-4
386,-166.2,-3,-3,1,-4
387,-166.1,-3,-3,0,-4
388,-166,-3,-3,-1,-4
389,-165.9,-3,-3,-1,-3
390,-165.8,-3,-2,-1,-3
391,-165.7,-2,-2,-1,-2
392,-165.6,-3,-1,0,-1
393,-165.5,-3,-1,0,-1
394,-165.4,-3,-1,0,-1
395,-165.3,-3,-1,0,-1
396,-165.2,-3,-1,1,-1
397,-165.1,-3,0,2,-1
398,-165,-2,1,2,-1
399,-164.9,-1,2,3,0
400,-164.8,-1,2,3,0
401,-164.7,-1,3,2,0
402,-164.6,0,3,2,0
403,-164.5,0,3,1,0
404,-164.4,-1,3,0,0
405,-164.3,-1,3,0,0
406,-164.2,-1,3,0,1
407,-164.1,-1,3,0,1
408,-164,-1,3,0,0
409,-163.9,-1,3,0,0
410,-163.8,-1,2,-1,-1
411,-163.7,-1,2,-1,-2
412,-163.6,-1,2,-1,-2
413,-163.5,-1,2,0,-2
414,-163.4,0,2,1,-2
415,-163.3,0,2,2,-2
416,-163.2,1,2,3,-1
417,-163.1,2,2,2,0
418,-163,2,3,3,0
419,-162.9,3,3,4,1
420,-162.8,3,2,4,1
421,-162.7,3,2,3,1
422,-162.6,3,1,3,0
423,-162.5,3,0,2,0
424,-162.4,2,-1,1,-1
425,-162.3,2,-2,1,-1
426,-162.2,1,-2,1,-1
427,-162.1,1,-1,2,0
428,-162,0,0,2,0
429,-161.9,-1,1,2,0
430,-161.8,-2,2,2,0
431,-161.7,-2,3,2,0
432,-161.6,-2,4,1,0
433,-161.5,-1,4,1,0
434,-161.4,-1,4,2,1
435,-161.3,0,4,2,1
436,-161.2,1,4,2,1
437,-161.1,1,4,2,0
438,-161,1,4,1,0
439,-160.9,1,3,0,-1
440,-160.8,1,3,0,-1
441,-160.7,1,3,0,-1
442,-160.6,1,3,1,0
443,-160.5,2,3,2,0
444,-160.4,3,4,4,1
445,-160.3,3,5,6,2
446,-160.2,4,6,7,3
447,-160.1,3,6,7,3
448,-160,3,7,7,4
449,-159.9,3,7,7,4
450,-159.8,2,7,6,4
451,-159.7,3,7,6,4
452,-159.6,3,7,6,4
453,-159.5,4,7,6,4
454,-159.4,5,7,6,3
455,-159.3,5,6,7,3
456,-159.2,6,6,7,3
457,-159.1,6,5,7,3
458,-159,6,5,7,2
459,-158.9,5,4,7,2
460,-158.8,5,3,7,2
461,-158.7,5,3,6,1
462,-158.6,5,3,6,1
463,-158.5,6,3,5,2
464,-158.4,6,4,5,2
465,-158.3,6,4,5,3
466,-158.2,6,5,5,4
467,-158.1,6,5,5,4
468,-158,5,5,4,4
469,-157.9,5,4,4,4
470,-157.8,5,4,3,3
471,-157.7,4,3,2,2
472,-157.6,3,3,1,1
473,-157.5,2,2,0,1
474,-157.4,1,1,-1,0
475,-157.3,0,0,-2,0
476,-157.2,-2,-1,-3,-1
477,-157.1,-3,-2,-4,-2
478,-157,-3,-3,-5,-2
479,-156.9,-3,-3,-5,-3
480,-156.8,-2,-3,-5,-3
481,-156.7,-1,-3,-4,-2
482,-156.6,0,-2,-4,-2
483,-156.5,0,-1,-3,-1
484,-156.4,1,-1,-2,-1
485,-156.3,0,0,-1,-2
486,-156.2,0,0,-1,-2
487,-156.1,-1,0,-2,-3
488,-156,-1,-1,-3,-3
489,-155.9,-2,-2,-3,-4
490,-155.8,-3,-3,-4,-4
491,-155.7,-3,-4,-5,-5
492,-155.6,-3,-4,-5,-5
493,-155.5,-3,-5,-5,-5
494,-155.4,-4,-5,-5,-5
495,-155.3,-4,-5,-5,-5
496,-155.2,-4,-5,-6,-5
497,-155.1,-4,-5,-7,-5
498,-155,-4,-5,-7,-5
499,-154.9,-3,-5,-7,-5
500,-154.8,-3,-4,-7,-4
501,-154.7,-2,-4,-6,-4
502,-154.6,-2,-4,-6,-4
503,-154.5,-2,-4,-5,-4
504,-154.4,-2,-4,-5,-5
505,-154.3,-2,-4,-5,-5
506,-154.2,-2,-3,-4,-6
507,-154.1,-2,-3,-4,-6
508,-154,-1,-3,-3,-6
509,-153.9,-1,-3,-2,-6
510,-153.8,0,-3,-2,-5
511,-153.7,0,-3,-1,-4
512,-153.6,1,-2,-1,-4
513,-153.5,1,-2,-1,-3
514,-153.4,1,-1,-1,-2
515,-153.3,1,0,-1,-2
516,-153.2,1,0,-1,-1
517,-153.1,1,1,0,-1
518,-153,2,2,1,0
519,-152.9,2,3,1,0
520,-152.8,1,3,1,0
521,-152.7,1,3,1,0
522,-152.6,0,3,1,0
523,-152.5,-1,3,0,0
524,-152.4,-1,3,1,0
525,-152.3,-1,3,1,1
526,-152.2,0,3,2,2
527,-152.1,1,3,4,3
528,-152,2,4,5,4
529,-151.9,2,5,6,5
530,-151.8,3,6,7,6
531,-151.7,4,7,7,7
532,-151.6,5,7,7,7
533,-151.5,6,8,6,7
534,-151.4,6,8,5,7
535,-151.3,6,8,4,6
536,-151.2,6,8,3,6
537,-151.1,6,8,3,6
538,-151,6,8,2,6
539,-150.9,5,8,2,6
540,-150.8,5,7,2,6
541,-150.7,5,6,2,5
542,-150.6,5,4,3,5
543,-150.5,5,4,3,5
544,-150.4,5,4,4,6
545,-150.3,5,4,4,6
546,-150.2,5,4,5,6
547,-150.1,6,4,5,6
548,-150,6,5,5,6
549,-149.9,6,6,4,5
550,-149.8,6,6,3,5
551,-149.7,6,6,3,4
552,-149.6,5,6,2,3
553,-149.5,4,6,1,2
554,-149.4,3,4,1,1
555,-149.3,2,3,0,1
556,-149.2,1,2,-1,0
557,-149.1,0,1,-1,0
558,-149,-1,-1,-2,0
559,-148.9,-2,-2,-3,-1
560,-148.8,-4,-3,-4,-1
561,-148.7,-5,-5,-6,-2
562,-148.6,-7,-6,-7,-3
563,-148.5,-8,-8,-9,-5
564,-148.4,-9,-9,-10,-6
565,-148.3,-9,-9,-11,-7
566,-148.2,-8,-9,-11,-7
567,-148.1,-8,-8,-11,-7
568,-148,-7,-8,-11,-6
569,-147.9,-7,-7,-11,-6
570,-147.8,-7,-6,-10,-6
571,-147.7,-7,-5,-10,-7
572,-147.6,-7,-6,-10,-7
573,-147.5,-6,-6,-9,-7
574,-147.4,-6,-6,-8,-7
575,-147.3,-5,-7,-7,-8
576,-147.2,-5,-7,-6,-8
577,-147.1,-5,-7,-6,-8
578,-147,-5,-7,-6,-8
579,-146.9,-6,-6,-4,-7
580,-146.8,-6,-5,-4,-7
581,-146.7,-6,-5,-4,-6
582,-146.6,-7,-4,-4,-6
583,-146.5,-7,-5,-4,-5
584,-146.4,-7,-5,-4,-5
585,-146.3,-7,-5,-4,-5
586,-146.2,-7,-5,-5,-5
587,-146.1,-7,-5,-5,-6
588,-146,-7,-5,-5,-5
589,-145.9,-8,-5,-6,-6
590,-145.8,-8,-5,-6,-6
591,-145.7,-8,-6,-7,-5
592,-145.6,-7,-5,-7,-4
593,-145.5,-6,-5,-6,-2
594,-145.4,-5,-4,-5,-1
595,-145.3,-3,-3,-3,1
596,-145.2,-1,-1,-1,3
597,-145.1,0,0,0,4
598,-145,2,2,1,5
599,-144.9,3,3,2,5
600,-144.8,4,4,2,6
601,-144.7,4,4,2,5
602,-144.6,5,5,3,5
603,-144.5,5,5,3,4
604,-144.4,5,5,4,4
605,-144.3,5,6,5,4
606,-144.2,5,6,6,3
607,-144.1,4,6,6,3
608,-144,4,5,5,3
609,-143.9,3,5,5,2
610,-143.8,3,5,5,2
611,-143.7,3,4,5,2
612,-143.6,3,5,4,3
613,-143.5,3,5,4,3
614,-143.4,3,5,4,3
615,-143.3,3,5,5,4
616,-143.2,2,5,4,4
617,-143.1,2,6,4,5
618,-143,2,6,4,5
619,-142.9,2,6,3,5
620,-142.8,2,6,2,4
621,-142.7,2,5,2,3
622,-142.6,2,5,2,2
623,-142.5,2,4,2,0
624,-142.4,2,4,2,0
625,-142.3,2,4,2,-1
626,-142.2,1,3,1,-1
627,-142.1,0,3,1,0
628,-142,0,3,0,0
629,-141.9,-1,1,-1,1
630,-141.8,-1,1,-1,1
631,-141.7,-1,1,-1,1
632,-141.6,0,1,-1,1
633,-141.5,1,1,-1,2
634,-141.4,1,0,-1,2
635,-141.3,1,0,-2,1
636,-141.2,0,-1,-3,1
637,-141.1,-1,-2,-4,0
638,-141,-2,-3,-4,0
639,-140.9,-2,-2,-4,-1
640,-140.8,-2,-2,-3,-1
641,-140.7,-2,-2,-2,-1
642,-140.6,-2,-2,-1,-1
643,-140.5,-2,-2,0,-1
644,-140.4,-2,-1,0,-1
645,-140.3,-1,-1,1,-1
646,-140.2,-1,-1,1,-1
647,-140.1,0,-1,2,-1
648,-140,1,0,3,-1
649,-139.9,1,-1,3,-1
650,-139.8,2,0,3,-1
651,-139.7,2,0,2,0
652,-139.6,2,0,0,0
653,-139.5,3,0,-1,0
654,-139.4,3,0,0,0
655,-139.3,3,0,-1,0
656,-139.2,3,0,-1,0
657,-139.1,3,0,-1,-1
658,-139,3,0,-1,-2
659,-138.9,3,0,-1,-2
660,-138.8,2,0,0,-2
661,-138.7,2,0,1,-1
662,-138.6,2,1,1,0
663,-138.5,2,2,2,1
664,-138.4,2,2,2,1
665,-138.3,3,3,1,2
666,-138.2,3,3,1,2
667,-138.1,3,3,1,3
668,-138,2,3,1,3
669,-137.9,2,1,0,4
670,-137.8,1,1,0,4
671,-137.7,1,0,0,3
672,-137.6,0,-1,0,2
673,-137.5,-1,-1,-1,1
674,-137.4,-2,-1,-1,0
675,-137.3,-2,-2,-2,-2
676,-137.2,-3,-3,-2,-3
677,-137.1,-4,-3,-2,-3
678,-137,-4,-4,-3,-4
679,-136.9,-4,-4,-3,-3
680,-136.8,-5,-4,-3,-3
681,-136.7,-5,-4,-3,-3
682,-136.6,-4,-4,-3,-3
683,-136.5,-4,-3,-2,-2
684,-136.4,-3,-3,-1,-2
685,-136.3,-2,-2,0,-2
686,-136.2,-1,-2,1,-2
687,-136.1,0,-1,2,-2
688,-136,1,-1,3,-1
689,-135.9,2,0,4,-1
690,-135.8,2,0,4,0
691,-135.7,3,0,5,1
692,-135.6,2,0,3,1
693,-135.5,2,0,3,1
694,-135.4,0,0,1,0
695,-135.3,-1,-1,0,-1
696,-135.2,-1,-1,0,-2
697,-135.1,-2,-1,-1,-2
698,-135,-1,0,-1,-2
699,-134.9,-1,1,-1,-2
700,-134.8,0,1,0,-2
701,-134.7,0,2,0,-2
702,-134.6,0,2,0,-2
703,-134.5,0,2,0,-2
704,-134.4,0,1,0,-2
705,-134.3,0,0,0,-2
706,-134.2,0,0,0,-1
707,-134.1,0,-1,1,0
708,-134,0,-1,1,2
709,-133.9,0,-1,2,3
710,-133.8,1,-1,3,4
711,-133.7,1,0,4,4
712,-133.6,2,0,5,4
713,-133.5,3,1,6,4
714,-133.4,4,1,7,4
715,-133.3,5,2,8,4
716,-133.2,5,3,8,4
717,-133.1,6,4,8,4
718,-133,6,4,8,3
719,-132.9,5,5,8,3
720,-132.8,4,5,7,2
721,-132.7,3,4,6,1
722,-132.6,2,3,5,0
723,-132.5,1,2,4,-1
724,-132.4,0,1,3,-2
725,-132.3,0,0,3,-1
726,-132.2,0,0,3,-1
727,-132.1,0,0,3,0
728,-132,0,0,3,1
729,-131.9,1,1,4,2
730,-131.8,1,1,4,3
731,-131.7,2,2,5,3
732,-131.6,2,2,5,3
733,-131.5,3,2,5,4
734,-131.4,4,2,5,4
735,-131.3,5,2,4,4
736,-131.2,5,2,3,4
737,-131.1,5,1,1,3
738,-131,5,1,0,2
739,-130.9,4,0,0,1
740,-130.8,3,-1,-1,1
741,-130.7,2,-1,-1,0
742,-130.6,1,-2,-1,0
743,-130.5,0,-3,0,0
744,-130.4,-1,-3,0,0
745,-130.3,-1,-1,1,0
746,-130.2,-1,-1,1,0
747,-130.1,-1,0,1,0
748,-130,-1,1,1,0
749,-129.9,-1,1,1,-1
750,-129.8,-1,0,1,-1
751,-129.7,-1,1,2,-1
752,-129.6,-1,1,2,-1
753,-129.5,-1,1,3,-1
754,-129.4,0,1,5,0
755,-129.3,1,1,7,0
756,-129.2,2,2,8,1
757,-129.1,3,2,10,1
758,-129,3,3,12,2
759,-128.9,4,3,13,1
760,-128.8,4,3,15,1
761,-128.7,4,3,16,0
762,-128.6,3,3,17,0
763,-128.5,3,4,18,0
764,-128.4,3,4,20,0
765,-128.3,4,5,21,1
766,-128.2,4,5,21,2
767,-128.1,3,6,22,2
768,-128,3,6,22,2
769,-127.9,3,5,22,3
770,-127.8,3,5,22,3
771,-127.7,2,5,22,3
772,-127.6,2,5,21,3
773,-127.5,2,5,21,2
774,-127.4,1,4,21,2
775,-127.3,1,4,21,2
776,-127.2,0,3,20,2
777,-127.1,0,3,20,3
778,-127,0,3,19,3
779,-126.9,0,3,17,3
780,-126.8,0,3,16,3
781,-126.7,1,3,14,3
782,-126.6,1,3,12,4
783,-126.5,2,2,11,4
784,-126.4,2,2,9,4
785,-126.3,2,2,7,3
786,-126.2,2,1,5,2
787,-126.1,1,1,2,1
788,-126,0,0,-1,-1
789,-125.9,-2,-1,-4,-3
790,-125.8,-3,-2,-6,-5
791,-125.7,-3,-3,-7,-6
792,-125.6,-4,-3,-8,-7
793,-125.5,-4,-2,-7,-6
794,-125.4,-4,-2,-6,-5
795,-125.3,-4,-2,-5,-4
796,-125.2,-3,-3,-4,-3
797,-125.1,-3,-3,-3,-2
798,-125,-3,-4,-2,-2
799,-124.9,-2,-4,0,-2
800,-124.8,-2,-3,1,-2
801,-124.7,-1,-3,2,-2
802,-124.6,0,-2,4,-2
803,-124.5,0,-2,4,-1
804,-124.4,0,-2,5,-1
805,-124.3,0,-2,5,0
806,-124.2,1,-2,5,1
807,-124.1,1,-2,4,1
808,-124,1,-2,4,1
809,-123.9,2,-2,4,1
810,-123.8,3,-1,3,0
811,-123.7,4,0,3,0
812,-123.6,4,1,3,0
813,-123.5,5,3,3,1
814,-123.4,5,4,3,1
815,-123.3,5,6,3,2
816,-123.2,5,6,4,3
817,-123.1,6,6,5,3
818,-123,6,6,6,4
819,-122.9,7,6,7,4
820,-122.8,7,6,9,4
821,-122.7,7,5,11,4
822,-122.6,7,5,13,4
823,-122.5,7,6,16,4
824,-122.4,7,6,18,5
825,-122.3,7,5,20,6
826,-122.2,7,5,22,7
827,-122.1,6,4,22,7
828,-122,6,3,22,7
829,-121.9,5,3,21,7
830,-121.8,4,2,20,6
831,-121.7,3,2,18,6
832,-121.6,2,1,15,4
833,-121.5,1,0,12,3
834,-121.4,-1,-1,8,1
835,-121.3,-2,-1,5,0
836,-121.2,-3,-2,1,-1
837,-121.1,-4,-3,-2,-1
838,-121,-5,-3,-5,-1
839,-120.9,-5,-3,-7,-2
840,-120.8,-5,-4,-8,-2
841,-120.7,-6,-4,-9,-3
842,-120.6,-6,-4,-9,-3
843,-120.5,-5,-3,-9,-4
844,-120.4,-5,-3,-9,-4
845,-120.3,-4,-3,-8,-4
846,-120.2,-4,-3,-8,-3
847,-120.1,-3,-3,-7,-3
848,-120,-3,-3,-7,-2
849,-119.9,-2,-3,-7,-2
850,-119.8,-2,-3,-7,-1
851,-119.7,-2,-3,-7,-1
852,-119.6,-2,-2,-8,-1
853,-119.5,-2,-2,-8,-1
854,-119.4,-2,-2,-8,0
855,-119.3,-2,-1,-8,0
856,-119.2,-2,-2,-9,0
857,-119.1,-3,-2,-10,0
858,-119,-4,-2,-11,1
859,-118.9,-4,-3,-12,1
860,-118.8,-5,-3,-14,1
861,-118.7,-5,-3,-15,0
862,-118.6,-6,-3,-17,0
863,-118.5,-6,-3,-18,-1
864,-118.4,-5,-2,-18,-2
865,-118.3,-5,-1,-18,-2
866,-118.2,-4,0,-17,-3
867,-118.1,-4,0,-15,-3
868,-118,-4,-1,-14,-3
869,-117.9,-3,-1,-13,-3
870,-117.8,-3,-2,-12,-3
871,-117.7,-2,-3,-11,-3
872,-117.6,-2,-3,-11,-2
873,-117.5,-2,-3,-10,-2
874,-117.4,-1,-3,-10,-2
875,-117.3,-1,-2,-10,-3
876,-117.2,0,-1,-9,-3
877,-117.1,0,0,-9,-3
878,-117,1,0,-10,-3
879,-116.9,1,0,-10,-3
880,-116.8,1,0,-11,-3
881,-116.7,1,-1,-12,-3
882,-116.6,0,-2,-13,-3
883,-116.5,0,-2,-14,-2
884,-116.4,-1,-3,-14,-2
885,-116.3,-1,-3,-14,-2
886,-116.2,-2,-3,-13,-2
887,-116.1,-2,-2,-11,-2
888,-116,-2,-2,-8,-2
889,-115.9,-2,-2,-5,-2
890,-115.8,-2,-2,0,-1
891,-115.7,-2,-2,4,-1
892,-115.6,-1,-2,10,0
893,-115.5,-1,-1,16,1
894,-115.4,0,0,22,2
895,-115.3,1,1,27,3
896,-115.2,3,2,32,5
897,-115.1,3,4,36,6
898,-115,3,4,39,6
899,-114.9,3,4,39,6
900,-114.8,2,4,38,5
901,-114.7,0,3,36,4
902,-114.6,-1,2,33,3
903,-114.5,-1,2,31,2
904,-114.4,-1,2,28,1
905,-114.3,-1,2,26,1
906,-114.2,-1,2,23,2
907,-114.1,-1,2,20,2
908,-114,0,2,16,3
909,-113.9,0,2,12,4
910,-113.8,0,1,7,5
911,-113.7,0,1,3,5
912,-113.6,0,1,-2,5
913,-113.5,1,1,-7,6
914,-113.4,2,1,-11,5
915,-113.3,3,2,-15,5
916,-113.2,4,2,-18,5
917,-113.1,4,3,-21,5
918,-113,5,3,-24,5
919,-112.9,5,4,-27,5
920,-112.8,4,3,-32,4
921,-112.7,3,3,-38,4
922,-112.6,2,2,-44,4
923,-112.5,1,1,-52,3
924,-112.4,1,0,-59,3
925,-112.3,0,0,-66,3
926,-112.2,0,0,-73,2
927,-112.1,0,1,-80,2
928,-112,0,1,-86,1
929,-111.9,-1,1,-91,0
930,-111.8,-1,1,-94,0
931,-111.7,0,1,-95,0
932,-111.6,0,2,-92,0
933,-111.5,1,3,-87,1
934,-111.4,2,4,-79,2
935,-111.3,2,5,-70,4
936,-111.2,3,6,-59,5
937,-111.1,4,6,-46,5
938,-111,4,6,-33,6
939,-110.9,5,6,-19,6
940,-110.8,5,5,-6,6
941,-110.7,5,4,7,6
942,-110.6,5,3,19,5
943,-110.5,5,2,29,5
944,-110.4,4,2,37,4
945,-110.3,4,2,44,3
946,-110.2,4,2,48,2
947,-110.1,4,3,51,1
948,-110,3,3,52,1
949,-109.9,3,2,52,0
950,-109.8,2,2,51,-1
951,-109.7,2,2,50,-1
952,-109.6,2,1,50,-1
953,-109.5,2,1,50,0
954,-109.4,2,1,49,0
955,-109.3,2,1,50,1
956,-109.2,2,0,53,2
957,-109.1,2,0,57,2
958,-109,3,0,64,3
959,-108.9,3,0,72,3
960,-108.8,3,0,81,4
961,-108.7,4,1,91,5
962,-108.6,4,2,101,6
963,-108.5,4,3,110,7
964,-108.4,3,4,118,7
965,-108.3,3,5,124,7
966,-108.2,2,5,128,6
967,-108.1,1,4,129,5
968,-108,0,3,129,4
969,-107.9,0,3,127,3
970,-107.8,0,2,124,2
971,-107.7,0,1,120,2
972,-107.6,1,1,115,2
973,-107.5,1,1,110,2
974,-107.4,1,0,104,2
975,-107.3,1,0,99,2
976,-107.2,0,0,95,2
977,-107.1,-1,-1,93,2
978,-107,-2,-1,92,2
979,-106.9,-2,-1,92,2
980,-106.8,-2,0,93,3
981,-106.7,-1,0,96,4
982,-106.6,1,0,98,6
983,-106.5,2,1,101,7
984,-106.4,3,1,102,7
985,-106.3,3,1,101,6
986,-106.2,2,0,99,5
987,-106.1,1,-1,95,4
988,-106,-1,-2,90,2
989,-105.9,-2,-2,84,1
990,-105.8,-3,-3,77,1
991,-105.7,-3,-4,70,1
992,-105.6,-4,-4,62,1
993,-105.5,-5,-4,54,1
994,-105.4,-5,-4,46,1
995,-105.3,-5,-3,37,1
996,-105.2,-5,-3,28,2
997,-105.1,-5,-1,18,2
998,-105,-5,0,9,3
999,-104.9,-5,0,-1,4
1000,-104.8,-5,0,-11,5
1001,-104.7,-6,0,-22,5
1002,-104.6,-7,0,-33,5
1003,-104.5,-8,0,-46,6
1004,-104.4,-8,-1,-60,6
1005,-104.3,-8,-1,-75,7
1006,-104.2,-8,-1,-92,8
1007,-104.1,-7,0,-110,9
1008,-104,-6,0,-128,11
1009,-103.9,-4,1,-147,12
1010,-103.8,-3,1,-165,14
1011,-103.7,-2,2,-184,15
1012,-103.6,-1,3,-202,16
1013,-103.5,-1,4,-220,17
1014,-103.4,-1,4,-237,16
1015,-103.3,-2,4,-255,16
1016,-103.2,-2,4,-271,15
1017,-103.1,-3,3,-286,14
1018,-103,-3,4,-297,14
1019,-102.9,-3,4,-305,15
1020,-102.8,-2,5,-310,16
1021,-102.7,-2,5,-312,17
1022,-102.6,-2,5,-311,18
1023,-102.5,-3,5,-308,18
1024,-102.4,-3,4,-303,17
1025,-102.3,-3,4,-297,17
1026,-102.2,-2,4,-290,16
1027,-102.1,-1,3,-282,16
1028,-102,0,3,-274,16
1029,-101.9,1,4,-265,16
1030,-101.8,3,4,-255,17
1031,-101.7,4,4,-245,17
1032,-101.6,5,4,-234,17
1033,-101.5,5,5,-223,17
1034,-101.4,6,5,-210,17
1035,-101.3,7,5,-196,17
1036,-101.2,9,5,-182,16
1037,-101.1,9,5,-167,15
1038,-101,9,5,-152,14
1039,-100.9,9,4,-138,12
1040,-100.8,7,3,-123,10
1041,-100.7,6,3,-109,9
1042,-100.6,4,2,-95,8
1043,-100.5,3,3,-81,8
1044,-100.4,3,4,-67,8
1045,-100.3,3,7,-53,9
1046,-100.2,4,9,-39,11
1047,-100.1,5,12,-24,12
1048,-100,5,14,-9,14
1049,-99.9,6,17,5,15
1050,-99.8,6,18,18,16
1051,-99.7,5,20,30,16
1052,-99.6,4,20,41,16
1053,-99.5,4,21,49,15
1054,-99.4,3,21,56,14
1055,-99.3,2,22,62,13
1056,-99.2,2,23,66,12
1057,-99.1,2,24,68,12
1058,-99,1,24,69,12
1059,-98.9,1,25,68,12
1060,-98.8,0,25,67,11
1061,-98.7,-1,24,64,11
1062,-98.6,-2,24,60,11
1063,-98.5,-3,23,56,10
1064,-98.4,-3,22,51,10
1065,-98.3,-3,21,46,10
1066,-98.2,-4,20,40,10
1067,-98.1,-4,19,35,10
1068,-98,-4,17,30,10
1069,-97.9,-5,15,26,10
1070,-97.8,-5,13,23,10
1071,-97.7,-5,12,22,10
1072,-97.6,-5,10,22,10
1073,-97.5,-5,9,23,10
1074,-97.4,-4,8,27,9
1075,-97.3,-4,7,33,9
1076,-97.2,-3,7,39,9
1077,-97.1,-3,6,47,9
1078,-97,-3,6,56,9
1079,-96.9,-3,6,65,8
1080,-96.8,-4,6,75,8
1081,-96.7,-5,6,85,7
1082,-96.6,-5,6,97,6
1083,-96.5,-5,6,109,5
1084,-96.4,-6,5,122,5
1085,-96.3,-6,5,136,4
1086,-96.2,-6,4,151,3
1087,-96.1,-6,3,166,1
1088,-96,-6,1,181,0
1089,-95.9,-7,0,196,-2
1090,-95.8,-7,-2,212,-4
1091,-95.7,-7,-3,228,-5
1092,-95.6,-7,-3,245,-5
1093,-95.5,-7,-3,262,-5
1094,-95.4,-6,-4,279,-5
1095,-95.3,-6,-4,294,-4
1096,-95.2,-6,-4,309,-3
1097,-95.1,-6,-4,323,-3
1098,-95,-5,-4,334,-2
1099,-94.9,-5,-4,345,-1
1100,-94.8,-4,-5,355,0
1101,-94.7,-4,-5,363,0
1102,-94.6,-4,-4,370,1
1103,-94.5,-4,-4,377,1
1104,-94.4,-3,-3,382,1
1105,-94.3,-4,-3,387,1
1106,-94.2,-4,-2,392,1
1107,-94.1,-4,-1,397,0
1108,-94,-4,1,403,-1
1109,-93.9,-4,2,410,-1
1110,-93.8,-4,4,419,-2
1111,-93.7,-4,6,428,-2
1112,-93.6,-3,7,439,-2
1113,-93.5,-2,9,450,-2
1114,-93.4,0,11,462,-3
1115,-93.3,1,12,474,-3
1116,-93.2,2,13,485,-3
1117,-93.1,2,14,494,-3
1118,-93,2,14,502,-2
1119,-92.9,2,14,509,-2
1120,-92.8,2,13,514,-2
1121,-92.7,2,12,518,-1
1122,-92.6,3,10,521,-1
1123,-92.5,3,9,523,0
1124,-92.4,3,7,524,0
1125,-92.3,3,5,524,0
1126,-92.2,2,2,523,0
1127,-92.1,1,1,522,0
1128,-92,0,-1,520,0
1129,-91.9,-1,-1,519,0
1130,-91.8,-1,-1,518,0
1131,-91.7,-1,0,518,0
1132,-91.6,-1,1,517,0
1133,-91.5,-1,3,516,0
1134,-91.4,-1,4,513,0
1135,-91.3,-1,5,509,0
1136,-91.2,-1,6,502,0
1137,-91.1,-2,7,493,-1
1138,-91,-2,7,481,-1
1139,-90.9,-2,7,467,-2
1140,-90.8,-2,8,450,-2
1141,-90.7,-2,8,430,-3
1142,-90.6,-2,8,407,-3
1143,-90.5,-2,9,382,-4
1144,-90.4,-2,9,355,-4
1145,-90.3,-3,8,325,-5
1146,-90.2,-3,7,294,-5
1147,-90.1,-2,6,260,-5
1148,-90,-2,5,225,-5
1149,-89.9,-2,3,188,-4
1150,-89.8,-1,2,150,-3
1151,-89.7,-1,0,112,-3
1152,-89.6,0,-2,72,-3
1153,-89.5,-1,-4,31,-3
1154,-89.4,-2,-6,-10,-5
1155,-89.3,-3,-8,-51,-7
1156,-89.2,-3,-10,-92,-9
1157,-89.1,-4,-10,-132,-10
1158,-89,-4,-10,-171,-11
1159,-88.9,-3,-9,-209,-11
1160,-88.8,-2,-7,-247,-11
1161,-88.7,-1,-5,-285,-11
1162,-88.6,-1,-3,-323,-11
1163,-88.5,0,-1,-363,-11
1164,-88.4,0,1,-402,-11
1165,-88.3,0,2,-441,-10
1166,-88.2,0,3,-479,-10
1167,-88.1,0,4,-516,-9
1168,-88,0,4,-551,-9
1169,-87.9,0,4,-586,-8
1170,-87.8,0,4,-619,-8
1171,-87.7,-1,3,-650,-8
1172,-87.6,-1,2,-680,-8
1173,-87.5,-2,0,-707,-9
1174,-87.4,-2,-1,-735,-10
1175,-87.3,-3,-3,-760,-11
1176,-87.2,-3,-4,-785,-11
1177,-87.1,-2,-5,-808,-12
1178,-87,-2,-5,-830,-12
1179,-86.9,-1,-5,-851,-11
1180,-86.8,-2,-5,-870,-11
1181,-86.7,-2,-4,-888,-11
1182,-86.6,-2,-4,-905,-11
1183,-86.5,-3,-3,-919,-11
1184,-86.4,-3,-2,-932,-11
1185,-86.3,-3,0,-943,-11
1186,-86.2,-2,2,-952,-11
1187,-86.1,-2,4,-958,-10
1188,-86,-1,6,-962,-9
1189,-85.9,0,8,-963,-8
1190,-85.8,1,10,-961,-7
1191,-85.7,1,11,-956,-6
1192,-85.6,1,12,-947,-5
1193,-85.5,1,12,-935,-4
1194,-85.4,1,13,-919,-3
1195,-85.3,1,13,-900,-1
1196,-85.2,1,12,-878,0
1197,-85.1,2,12,-853,2
1198,-85,2,11,-827,3
1199,-84.9,1,10,-799,4
1200,-84.8,1,8,-770,4
1201,-84.7,0,7,-739,4
1202,-84.6,0,5,-707,5
1203,-84.5,0,4,-674,5
1204,-84.4,1,3,-640,5
1205,-84.3,2,3,-604,5
1206,-84.2,3,2,-567,5
1207,-84.1,4,2,-529,6
1208,-84,5,2,-489,6
1209,-83.9,6,3,-450,7
1210,-83.8,7,4,-410,7
1211,-83.7,8,5,-371,8
1212,-83.6,9,6,-333,8
1213,-83.5,11,7,-296,8
1214,-83.4,12,9,-261,7
1215,-83.3,13,10,-227,7
1216,-83.2,13,11,-194,7
1217,-83.1,14,12,-164,7
1218,-83,15,12,-136,7
1219,-82.9,15,12,-111,7
1220,-82.8,15,11,-88,7
1221,-82.7,14,9,-69,6
1222,-82.6,14,7,-53,5
1223,-82.5,13,4,-40,4
1224,-82.4,13,2,-30,3
1225,-82.3,13,1,-22,3
1226,-82.2,12,-1,-16,2
1227,-82.1,11,-2,-13,1
1228,-82,10,-3,-13,0
1229,-81.9,9,-4,-15,-1
1230,-81.8,8,-5,-19,-2
1231,-81.7,7,-5,-24,-2
1232,-81.6,7,-6,-31,-3
1233,-81.5,7,-6,-38,-3
1234,-81.4,7,-5,-46,-3
1235,-81.3,7,-5,-55,-4
1236,-81.2,7,-5,-64,-4
1237,-81.1,6,-5,-73,-4
1238,-81,6,-5,-82,-5
1239,-80.9,5,-5,-92,-5
1240,-80.8,5,-7,-102,-6
1241,-80.7,4,-8,-111,-8
1242,-80.6,3,-10,-120,-9
1243,-80.5,2,-11,-129,-9
1244,-80.4,2,-13,-136,-9
1245,-80.3,1,-14,-144,-9
1246,-80.2,1,-14,-151,-8
1247,-80.1,0,-15,-159,-7
1248,-80,0,-16,-167,-7
1249,-79.9,-1,-17,-177,-7
1250,-79.8,-2,-18,-188,-7
1251,-79.7,-2,-19,-198,-7
1252,-79.6,-2,-20,-209,-7
1253,-79.5,-2,-20,-220,-7
1254,-79.4,-1,-20,-230,-7
1255,-79.3,-2,-20,-239,-7
1256,-79.2,-2,-19,-247,-6
1257,-79.1,-2,-18,-255,-5
1258,-79,-2,-17,-261,-4
1259,-78.9,-1,-15,-266,-3
1260,-78.8,-1,-14,-270,-2
1261,-78.7,1,-12,-272,0
1262,-78.6,2,-10,-273,1
1263,-78.5,3,-9,-274,2
1264,-78.4,4,-8,-274,3
1265,-78.3,4,-8,-274,3
1266,-78.2,3,-8,-275,3
1267,-78.1,2,-9,-275,3
1268,-78,1,-9,-274,2
1269,-77.9,1,-10,-271,1
1270,-77.8,0,-11,-267,0
1271,-77.7,0,-11,-261,-1
1272,-77.6,1,-11,-253,-1
1273,-77.5,1,-11,-243,-1
1274,-77.4,0,-11,-232,-2
1275,-77.3,0,-11,-219,-2
1276,-77.2,0,-10,-206,-1
1277,-77.1,0,-10,-193,-1
1278,-77,0,-9,-179,-1
1279,-76.9,0,-8,-165,0
1280,-76.8,1,-8,-152,0
1281,-76.7,2,-7,-139,0
1282,-76.6,4,-6,-128,1
1283,-76.5,5,-6,-119,1
1284,-76.4,7,-6,-112,0
1285,-76.3,7,-6,-108,-1
1286,-76.2,7,-7,-106,-2
1287,-76.1,7,-8,-106,-4
1288,-76,6,-10,-108,-5
1289,-75.9,4,-11,-111,-6
1290,-75.8,3,-12,-115,-6
1291,-75.7,2,-13,-121,-7
1292,-75.6,0,-14,-128,-8
1293,-75.5,-1,-15,-137,-9
1294,-75.4,-2,-16,-147,-11
1295,-75.3,-4,-17,-159,-12
1296,-75.2,-5,-18,-172,-12
1297,-75.1,-5,-19,-186,-12
1298,-75,-6,-20,-200,-12
1299,-74.9,-5,-21,-213,-12
1300,-74.8,-5,-22,-226,-11
1301,-74.7,-4,-23,-239,-10
1302,-74.6,-4,-23,-251,-9
1303,-74.5,-3,-23,-263,-9
1304,-74.4,-3,-23,-274,-9
1305,-74.3,-3,-22,-285,-9
1306,-74.2,-4,-22,-294,-10
1307,-74.1,-4,-21,-302,-11
1308,-74,-5,-22,-308,-12
1309,-73.9,-6,-22,-313,-13
1310,-73.8,-6,-23,-316,-15
1311,-73.7,-7,-24,-316,-17
1312,-73.6,-7,-25,-314,-18
1313,-73.5,-7,-27,-310,-20
1314,-73.4,-8,-29,-304,-22
1315,-73.3,-9,-31,-293,-23
1316,-73.2,-9,-32,-279,-23
1317,-73.1,-9,-33,-261,-23
1318,-73,-7,-34,-238,-22
1319,-72.9,-6,-34,-211,-21
1320,-72.8,-4,-33,-180,-21
1321,-72.7,-3,-33,-146,-20
1322,-72.6,-2,-33,-109,-20
1323,-72.5,-1,-33,-69,-20
1324,-72.4,-1,-33,-27,-20
1325,-72.3,0,-32,16,-20
1326,-72.2,0,-33,61,-20
1327,-72.1,0,-33,106,-20
1328,-72,1,-32,151,-20
1329,-71.9,2,-32,196,-20
1330,-71.8,3,-32,240,-21
1331,-71.7,5,-31,282,-22
1332,-71.6,6,-31,322,-23
1333,-71.5,7,-30,361,-24
1334,-71.4,7,-30,396,-24
1335,-71.3,8,-30,431,-24
1336,-71.2,8,-29,463,-22
1337,-71.1,8,-29,494,-19
1338,-71,8,-28,523,-15
1339,-70.9,8,-27,549,-10
1340,-70.8,7,-27,574,-3
1341,-70.7,7,-26,598,3
1342,-70.6,6,-25,619,10
1343,-70.5,6,-24,640,16
1344,-70.4,7,-23,659,21
1345,-70.3,7,-22,678,26
1346,-70.2,8,-21,695,29
1347,-70.1,8,-21,712,32
1348,-70,9,-20,728,33
1349,-69.9,9,-20,744,32
1350,-69.8,9,-20,758,30
1351,-69.7,9,-21,771,25
1352,-69.6,7,-23,783,18
1353,-69.5,5,-25,794,9
1354,-69.4,3,-26,805,-1
1355,-69.3,1,-28,816,-12
1356,-69.2,0,-29,827,-23
1357,-69.1,-1,-29,838,-34
1358,-69,-2,-29,849,-44
1359,-68.9,-2,-29,859,-53
1360,-68.8,-2,-29,869,-61
1361,-68.7,-2,-29,879,-67
1362,-68.6,-2,-29,889,-73
1363,-68.5,-2,-28,898,-77
1364,-68.4,-1,-27,907,-79
1365,-68.3,-2,-25,916,-81
1366,-68.2,-3,-23,926,-82
1367,-68.1,-4,-21,937,-82
1368,-68,-5,-17,949,-82
1369,-67.9,-7,-13,964,-82
1370,-67.8,-8,-8,982,-80
1371,-67.7,-10,-4,1001,-78
1372,-67.6,-11,1,1022,-76
1373,-67.5,-13,4,1044,-74
1374,-67.4,-14,7,1068,-72
1375,-67.3,-14,9,1093,-69
1376,-67.2,-14,9,1116,-66
1377,-67.1,-14,8,1139,-62
1378,-67,-14,5,1161,-58
1379,-66.9,-14,-1,1180,-53
1380,-66.8,-14,-8,1196,-48
1381,-66.7,-15,-19,1209,-43
1382,-66.6,-15,-31,1219,-37
1383,-66.5,-15,-44,1226,-29
1384,-66.4,-15,-58,1231,-21
1385,-66.3,-14,-72,1232,-11
1386,-66.2,-13,-86,1230,-1
1387,-66.1,-13,-99,1224,8
1388,-66,-12,-109,1215,17
1389,-65.9,-11,-118,1202,26
1390,-65.8,-10,-124,1185,34
1391,-65.7,-9,-127,1167,42
1392,-65.6,-9,-126,1146,49
1393,-65.5,-8,-122,1123,56
1394,-65.4,-7,-116,1098,62
1395,-65.3,-6,-107,1073,67
1396,-65.2,-5,-96,1048,70
1397,-65.1,-4,-84,1023,72
1398,-65,-3,-71,998,72
1399,-64.9,-2,-57,974,71
1400,-64.8,-2,-44,950,69
1401,-64.7,-1,-31,926,65
1402,-64.6,-1,-19,902,60
1403,-64.5,-1,-8,878,55
1404,-64.4,-1,2,856,49
1405,-64.3,-1,11,834,42
1406,-64.2,-1,19,812,34
1407,-64.1,-1,26,792,25
1408,-64,-1,32,773,15
1409,-63.9,0,37,756,5
1410,-63.8,1,41,740,-5
1411,-63.7,2,45,725,-16
1412,-63.6,4,49,711,-27
1413,-63.5,5,52,699,-38
1414,-63.4,7,55,689,-50
1415,-63.3,8,57,679,-61
1416,-63.2,9,59,669,-72
1417,-63.1,9,60,660,-83
1418,-63,8,60,652,-93
1419,-62.9,8,58,644,-103
1420,-62.8,7,56,637,-111
1421,-62.7,6,52,633,-119
1422,-62.6,5,48,630,-126
1423,-62.5,4,44,628,-132
1424,-62.4,4,39,629,-137
1425,-62.3,2,33,630,-141
1426,-62.2,1,28,633,-145
1427,-62.1,-1,22,637,-148
1428,-62,-2,16,642,-150
1429,-61.9,-4,10,648,-152
1430,-61.8,-5,2,654,-152
1431,-61.7,-6,-7,662,-152
1432,-61.6,-7,-17,670,-150
1433,-61.5,-7,-29,678,-148
1434,-61.4,-8,-43,687,-144
1435,-61.3,-8,-57,696,-139
1436,-61.2,-8,-73,705,-133
1437,-61.1,-8,-89,714,-126
1438,-61,-8,-106,723,-119
1439,-60.9,-7,-123,732,-110
1440,-60.8,-7,-140,741,-101
1441,-60.7,-7,-155,750,-92
1442,-60.6,-7,-168,759,-81
1443,-60.5,-6,-180,770,-71
1444,-60.4,-6,-189,781,-60
1445,-60.3,-6,-196,794,-49
1446,-60.2,-6,-202,807,-39
1447,-60.1,-6,-206,820,-30
1448,-60,-6,-207,834,-21
1449,-59.9,-6,-207,849,-13
1450,-59.8,-6,-204,865,-6
1451,-59.7,-6,-200,881,1
1452,-59.6,-6,-193,896,8
1453,-59.5,-6,-184,913,14
1454,-59.4,-6,-173,929,20
1455,-59.3,-6,-161,944,26
1456,-59.2,-6,-148,960,32
1457,-59.1,-6,-133,974,38
1458,-59,-5,-118,987,45
1459,-58.9,-3,-102,998,51
1460,-58.8,-1,-86,1008,57
1461,-58.7,0,-69,1016,64
1462,-58.6,1,-53,1021,69
1463,-58.5,2,-37,1024,75
1464,-58.4,2,-22,1026,79
1465,-58.3,1,-7,1025,83
1466,-58.2,1,7,1023,85
1467,-58.1,1,21,1019,86
1468,-58,1,33,1012,85
1469,-57.9,1,46,1005,84
1470,-57.8,0,58,997,82
1471,-57.7,0,70,988,79
1472,-57.6,-1,83,978,76
1473,-57.5,-2,97,966,73
1474,-57.4,-2,112,953,69
1475,-57.3,-2,128,938,64
1476,-57.2,-1,145,922,60
1477,-57.1,-1,163,903,55
1478,-57,0,181,882,50
1479,-56.9,1,199,857,45
1480,-56.8,1,216,828,39
1481,-56.7,1,231,796,33
1482,-56.6,0,245,760,26
1483,-56.5,0,256,721,20
1484,-56.4,0,263,678,14
1485,-56.3,0,268,633,7
1486,-56.2,0,268,586,1
1487,-56.1,0,264,536,-6
1488,-56,1,255,485,-12
1489,-55.9,2,242,433,-17
1490,-55.8,3,224,381,-21
1491,-55.7,3,203,327,-25
1492,-55.6,3,178,273,-27
1493,-55.5,3,151,219,-29
1494,-55.4,2,121,164,-30
1495,-55.3,2,92,110,-30
1496,-55.2,1,62,56,-29
1497,-55.1,2,34,2,-27
1498,-55,2,8,-52,-25
1499,-54.9,2,-16,-106,-22
1500,-54.8,3,-37,-160,-18
1501,-54.7,3,-56,-214,-14
1502,-54.6,4,-71,-268,-9
1503,-54.5,4,-85,-322,-5
1504,-54.4,3,-97,-376,-1
1505,-54.3,3,-108,-430,2
1506,-54.2,2,-117,-482,4
1507,-54.1,0,-125,-534,7
1508,-54,-1,-133,-583,9
1509,-53.9,-2,-140,-632,11
1510,-53.8,-3,-146,-679,12
1511,-53.7,-4,-151,-725,13
1512,-53.6,-5,-155,-769,14
1513,-53.5,-6,-157,-811,14
1514,-53.4,-7,-158,-851,14
1515,-53.3,-8,-157,-888,13
1516,-53.2,-8,-154,-924,12
1517,-53.1,-8,-150,-958,10
1518,-53,-6,-143,-990,8
1519,-52.9,-5,-135,-1020,4
1520,-52.8,-5,-126,-1049,-1
1521,-52.7,-6,-117,-1077,-7
1522,-52.6,-6,-108,-1103,-14
1523,-52.5,-7,-98,-1128,-22
1524,-52.4,-7,-88,-1152,-32
1525,-52.3,-8,-79,-1175,-41
1526,-52.2,-8,-71,-1196,-52
1527,-52.1,-7,-63,-1217,-63
1528,-52,-7,-55,-1238,-75
1529,-51.9,-7,-49,-1258,-87
1530,-51.8,-6,-43,-1277,-100
1531,-51.7,-5,-37,-1294,-114
1532,-51.6,-4,-33,-1308,-128
1533,-51.5,-4,-30,-1321,-143
1534,-51.4,-4,-30,-1330,-157
1535,-51.3,-3,-31,-1337,-172
1536,-51.2,-4,-36,-1341,-187
1537,-51.1,-4,-43,-1343,-201
1538,-51,-5,-53,-1342,-215
1539,-50.9,-6,-66,-1339,-228
1540,-50.8,-7,-81,-1334,-240
1541,-50.7,-7,-98,-1328,-252
1542,-50.6,-8,-115,-1321,-261
1543,-50.5,-7,-133,-1313,-270
1544,-50.4,-6,-150,-1304,-276
1545,-50.3,-4,-166,-1295,-282
1546,-50.2,-3,-182,-1285,-286
1547,-50.1,-2,-196,-1275,-290
1548,-50,-1,-207,-1264,-291
1549,-49.9,0,-216,-1253,-292
1550,-49.8,1,-221,-1241,-290
1551,-49.7,1,-223,-1229,-287
1552,-49.6,1,-221,-1217,-281
1553,-49.5,1,-216,-1205,-274
1554,-49.4,1,-207,-1195,-266
1555,-49.3,1,-195,-1185,-257
1556,-49.2,0,-179,-1176,-246
1557,-49.1,0,-160,-1168,-234
1558,-49,-1,-138,-1162,-221
1559,-48.9,-2,-113,-1156,-206
1560,-48.8,-2,-85,-1152,-191
1561,-48.7,-2,-55,-1149,-175
1562,-48.6,-2,-23,-1146,-158
1563,-48.5,-2,10,-1144,-140
1564,-48.4,-2,45,-1143,-122
1565,-48.3,-2,80,-1141,-103
1566,-48.2,-2,115,-1140,-84
1567,-48.1,-2,151,-1138,-64
1568,-48,-2,185,-1137,-43
1569,-47.9,-2,219,-1135,-21
1570,-47.8,-2,251,-1133,2
1571,-47.7,-1,282,-1131,25
1572,-47.6,-1,311,-1130,48
1573,-47.5,-1,338,-1129,72
1574,-47.4,-1,363,-1128,95
1575,-47.3,-1,386,-1127,117
1576,-47.2,-1,408,-1128,139
1577,-47.1,-1,427,-1129,159
1578,-47,-2,445,-1131,178
1579,-46.9,-2,459,-1134,195
1580,-46.8,-2,472,-1136,211
1581,-46.7,-2,482,-1139,227
1582,-46.6,-1,491,-1143,241
1583,-46.5,0,497,-1147,255
1584,-46.4,1,501,-1152,268
1585,-46.3,1,502,-1158,281
1586,-46.2,1,501,-1164,292
1587,-46.1,0,497,-1171,303
1588,-46,0,491,-1179,313
1589,-45.9,-1,482,-1188,323
1590,-45.8,-1,472,-1197,332
1591,-45.7,-1,458,-1208,341
1592,-45.6,-1,442,-1220,350
1593,-45.5,-1,423,-1233,358
1594,-45.4,-1,402,-1247,366
1595,-45.3,-1,378,-1264,373
1596,-45.2,-1,352,-1281,379
1597,-45.1,-1,325,-1299,384
1598,-45,-1,297,-1317,387
1599,-44.9,-1,268,-1335,389
1600,-44.8,-1,238,-1353,390
1601,-44.7,-1,209,-1371,388
1602,-44.6,-2,179,-1390,385
1603,-44.5,-2,150,-1409,380
1604,-44.4,-3,120,-1428,373
1605,-44.3,-4,89,-1448,364
1606,-44.2,-5,57,-1467,354
1607,-44.1,-5,25,-1487,342
1608,-44,-6,-8,-1506,328
1609,-43.9,-6,-41,-1525,313
1610,-43.8,-6,-73,-1544,297
1611,-43.7,-5,-104,-1561,282
1612,-43.6,-4,-134,-1579,266
1613,-43.5,-4,-164,-1596,250
1614,-43.4,-3,-193,-1614,234
1615,-43.3,-3,-221,-1633,217
1616,-43.2,-3,-247,-1651,201
1617,-43.1,-3,-272,-1669,184
1618,-43,-3,-294,-1687,168
1619,-42.9,-3,-313,-1704,152
1620,-42.8,-3,-330,-1722,136
1621,-42.7,-3,-345,-1738,120
1622,-42.6,-3,-357,-1754,104
1623,-42.5,-3,-366,-1769,88
1624,-42.4,-3,-373,-1782,73
1625,-42.3,-2,-377,-1794,57
1626,-42.2,-2,-379,-1803,42
1627,-42.1,-2,-379,-1812,28
1628,-42,-2,-375,-1819,14
1629,-41.9,-2,-369,-1825,1
1630,-41.8,-2,-359,-1830,-12
1631,-41.7,-2,-348,-1835,-23
1632,-41.6,-3,-334,-1839,-34
1633,-41.5,-3,-318,-1844,-45
1634,-41.4,-3,-300,-1848,-54
1635,-41.3,-3,-280,-1852,-63
1636,-41.2,-3,-258,-1857,-72
1637,-41.1,-3,-235,-1862,-80
1638,-41,-3,-211,-1867,-88
1639,-40.9,-3,-187,-1871,-97
1640,-40.8,-4,-162,-1875,-105
1641,-40.7,-4,-136,-1877,-114
1642,-40.6,-4,-109,-1878,-122
1643,-40.5,-4,-82,-1878,-131
1644,-40.4,-3,-54,-1875,-141
1645,-40.3,-3,-26,-1872,-150
1646,-40.2,-3,2,-1867,-159
1647,-40.1,-2,30,-1861,-168
1648,-40,-1,56,-1853,-177
1649,-39.9,0,81,-1844,-186
1650,-39.8,1,105,-1833,-194
1651,-39.7,2,126,-1822,-203
1652,-39.6,3,145,-1808,-212
1653,-39.5,4,163,-1793,-222
1654,-39.4,5,179,-1776,-230
1655,-39.3,6,193,-1758,-240
1656,-39.2,7,206,-1737,-250
1657,-39.1,9,217,-1715,-259
1658,-39,10,227,-1690,-267
1659,-38.9,11,236,-1664,-274
1660,-38.8,11,243,-1635,-280
1661,-38.7,11,248,-1606,-285
1662,-38.6,10,251,-1574,-289
1663,-38.5,9,252,-1542,-292
1664,-38.4,7,250,-1509,-294
1665,-38.3,5,246,-1476,-295
1666,-38.2,3,240,-1441,-294
1667,-38.1,1,230,-1406,-293
1668,-38,-1,220,-1370,-290
1669,-37.9,-2,208,-1333,-287
1670,-37.8,-3,196,-1294,-282
1671,-37.7,-4,183,-1255,-277
1672,-37.6,-5,169,-1215,-271
1673,-37.5,-5,155,-1174,-264
1674,-37.4,-4,141,-1131,-256
1675,-37.3,-4,128,-1087,-248
1676,-37.2,-3,114,-1043,-239
1677,-37.1,-2,100,-999,-230
1678,-37,-2,86,-954,-221
1679,-36.9,-2,73,-910,-212
1680,-36.8,-3,59,-867,-203
1681,-36.7,-3,46,-824,-194
1682,-36.6,-4,32,-781,-184
1683,-36.5,-6,18,-739,-173
1684,-36.4,-7,5,-697,-162
1685,-36.3,-8,-9,-654,-151
1686,-36.2,-10,-23,-612,-140
1687,-36.1,-11,-37,-571,-128
1688,-36,-12,-51,-530,-116
1689,-35.9,-14,-64,-489,-104
1690,-35.8,-15,-76,-449,-93
1691,-35.7,-16,-87,-410,-81
1692,-35.6,-17,-97,-372,-70
1693,-35.5,-18,-106,-334,-59
1694,-35.4,-19,-113,-296,-50
1695,-35.3,-19,-119,-259,-41
1696,-35.2,-18,-123,-222,-33
1697,-35.1,-17,-126,-185,-25
1698,-35,-14,-127,-149,-19
1699,-34.9,-10,-128,-113,-15
1700,-34.8,-6,-128,-77,-12
1701,-34.7,0,-127,-43,-11
1702,-34.6,5,-127,-9,-11
1703,-34.5,11,-126,24,-14
1704,-34.4,16,-125,57,-17
1705,-34.3,21,-124,90,-22
1706,-34.2,25,-123,122,-28
1707,-34.1,28,-122,155,-35
1708,-34,30,-119,187,-42
1709,-33.9,32,-117,219,-49
1710,-33.8,32,-114,252,-56
1711,-33.7,32,-111,284,-64
1712,-33.6,31,-108,317,-71
1713,-33.5,29,-104,351,-77
1714,-33.4,27,-100,384,-83
1715,-33.3,24,-97,416,-89
1716,-33.2,20,-93,447,-94
1717,-33.1,16,-90,477,-99
1718,-33,11,-88,505,-103
1719,-32.9,7,-86,530,-106
1720,-32.8,4,-85,555,-107
1721,-32.7,1,-85,578,-108
1722,-32.6,-1,-85,600,-107
1723,-32.5,-3,-85,621,-104
1724,-32.4,-4,-85,642,-99
1725,-32.3,-4,-85,662,-92
1726,-32.2,-5,-84,682,-83
1727,-32.1,-7,-83,701,-72
1728,-32,-9,-82,720,-59
1729,-31.9,-12,-80,737,-45
1730,-31.8,-16,-77,754,-31
1731,-31.7,-20,-75,770,-16
1732,-31.6,-25,-73,785,0
1733,-31.5,-30,-70,799,16
1734,-31.4,-36,-68,813,33
1735,-31.3,-41,-65,826,50
1736,-31.2,-46,-62,836,69
1737,-31.1,-50,-58,847,88
1738,-31,-54,-54,856,109
1739,-30.9,-58,-50,863,130
1740,-30.8,-60,-45,870,152
1741,-30.7,-61,-40,876,175
1742,-30.6,-60,-34,881,199
1743,-30.5,-59,-27,885,224
1744,-30.4,-56,-20,889,248
1745,-30.3,-53,-12,893,272
1746,-30.2,-50,-3,895,295
1747,-30.1,-47,7,898,317
1748,-30,-43,18,901,338
1749,-29.9,-39,31,905,358
1750,-29.8,-34,45,910,377
1751,-29.7,-29,60,916,394
1752,-29.6,-23,77,921,411
1753,-29.5,-17,96,926,426
1754,-29.4,-12,116,930,439
1755,-29.3,-6,136,934,450
1756,-29.2,-1,158,938,459
1757,-29.1,4,180,942,467
1758,-29,9,202,946,473
1759,-28.9,13,223,950,477
1760,-28.8,17,242,955,481
1761,-28.7,21,260,960,483
1762,-28.6,25,275,966,484
1763,-28.5,29,289,972,484
1764,-28.4,32,299,978,483
1765,-28.3,34,308,983,480
1766,-28.2,36,313,988,476
1767,-28.1,38,317,992,470
1768,-28,40,320,996,465
1769,-27.9,42,322,1000,459
1770,-27.8,44,324,1005,454
1771,-27.7,47,326,1008,448
1772,-27.6,49,329,1013,441
1773,-27.5,52,333,1019,434
1774,-27.4,54,338,1025,426
1775,-27.3,57,343,1031,416
1776,-27.2,59,349,1038,406
1777,-27.1,62,356,1045,394
1778,-27,66,362,1052,382
1779,-26.9,69,369,1059,368
1780,-26.8,72,376,1067,353
1781,-26.7,75,383,1075,337
1782,-26.6,78,390,1083,320
1783,-26.5,80,397,1090,303
1784,-26.4,81,404,1097,285
1785,-26.3,82,410,1105,267
1786,-26.2,83,414,1112,249
1787,-26.1,84,418,1118,232
1788,-26,83,420,1126,215
1789,-25.9,82,421,1134,199
1790,-25.8,80,421,1143,185
1791,-25.7,77,419,1152,172
1792,-25.6,72,416,1160,160
1793,-25.5,67,411,1168,149
1794,-25.4,60,404,1175,140
1795,-25.3,52,395,1181,133
1796,-25.2,43,385,1186,127
1797,-25.1,33,373,1190,123
1798,-25,23,361,1193,120
1799,-24.9,12,347,1196,118
1800,-24.8,1,333,1199,117
1801,-24.7,-10,319,1200,117
1802,-24.6,-21,305,1202,116
1803,-24.5,-32,291,1204,116
1804,-24.4,-45,278,1204,115
1805,-24.3,-57,264,1203,113
1806,-24.2,-71,252,1202,111
1807,-24.1,-84,241,1200,108
1808,-24,-97,231,1197,106
1809,-23.9,-109,222,1194,105
1810,-23.8,-120,215,1191,103
1811,-23.7,-132,207,1187,101
1812,-23.6,-142,200,1182,99
1813,-23.5,-152,192,1176,97
1814,-23.4,-160,184,1168,94
1815,-23.3,-169,173,1159,92
1816,-23.2,-176,162,1149,89
1817,-23.1,-181,150,1138,86
1818,-23,-186,137,1127,83
1819,-22.9,-189,122,1116,80
1820,-22.8,-190,107,1104,78
1821,-22.7,-189,90,1093,77
1822,-22.6,-187,72,1081,77
1823,-22.5,-183,53,1069,77
1824,-22.4,-177,35,1057,79
1825,-22.3,-170,17,1045,81
1826,-22.2,-161,0,1032,83
1827,-22.1,-151,-15,1019,86
1828,-22,-139,-30,1004,88
1829,-21.9,-127,-43,989,90
1830,-21.8,-113,-55,971,91
1831,-21.7,-97,-68,954,90
1832,-21.6,-81,-81,936,88
1833,-21.5,-63,-93,917,84
1834,-21.4,-44,-106,899,79
1835,-21.3,-25,-119,880,72
1836,-21.2,-6,-130,862,65
1837,-21.1,12,-141,844,59
1838,-21,30,-151,825,53
1839,-20.9,46,-160,804,47
1840,-20.8,62,-167,782,41
1841,-20.7,76,-175,757,35
1842,-20.6,90,-182,731,30
1843,-20.5,104,-188,704,25
1844,-20.4,118,-194,676,21
1845,-20.3,132,-199,647,17
1846,-20.2,145,-205,618,13
1847,-20.1,156,-211,588,9
1848,-20,167,-216,557,5
1849,-19.9,176,-222,526,2
1850,-19.8,184,-227,493,-1
1851,-19.7,191,-231,460,-4
1852,-19.6,196,-234,428,-7
1853,-19.5,199,-236,395,-10
1854,-19.4,202,-237,362,-13
1855,-19.3,202,-236,328,-17
1856,-19.2,201,-234,292,-22
1857,-19.1,199,-232,256,-28
1858,-19,195,-230,219,-37
1859,-18.9,189,-227,181,-47
1860,-18.8,182,-224,143,-59
1861,-18.7,175,-221,106,-73
1862,-18.6,167,-218,69,-89
1863,-18.5,159,-215,33,-106
1864,-18.4,150,-213,-3,-124
1865,-18.3,141,-211,-38,-143
1866,-18.2,133,-210,-73,-163
1867,-18.1,124,-210,-109,-183
1868,-18,116,-212,-144,-202
1869,-17.9,108,-214,-179,-221
1870,-17.8,101,-218,-215,-240
1871,-17.7,95,-224,-251,-257
1872,-17.6,89,-232,-286,-273
1873,-17.5,84,-240,-320,-286
1874,-17.4,80,-250,-354,-297
1875,-17.3,77,-261,-387,-306
1876,-17.2,73,-273,-420,-313
1877,-17.1,70,-286,-452,-319
1878,-17,67,-299,-483,-324
1879,-16.9,64,-312,-514,-329
1880,-16.8,62,-323,-545,-333
1881,-16.7,60,-333,-576,-338
1882,-16.6,58,-343,-606,-343
1883,-16.5,57,-351,-636,-348
1884,-16.4,55,-360,-666,-354
1885,-16.3,52,-368,-696,-361
1886,-16.2,50,-377,-727,-367
1887,-16.1,47,-385,-757,-374
1888,-16,44,-395,-786,-381
1889,-15.9,41,-405,-816,-386
1890,-15.8,39,-416,-844,-390
1891,-15.7,37,-428,-873,-392
1892,-15.6,34,-441,-901,-393
1893,-15.5,32,-453,-928,-392
1894,-15.4,29,-465,-955,-389
1895,-15.3,26,-477,-981,-384
1896,-15.2,22,-487,-1008,-378
1897,-15.1,18,-496,-1035,-371
1898,-15,13,-503,-1062,-364
1899,-14.9,9,-509,-1087,-356
1900,-14.8,5,-513,-1113,-347
1901,-14.7,1,-516,-1139,-338
1902,-14.6,-3,-517,-1164,-329
1903,-14.5,-6,-518,-1189,-319
1904,-14.4,-10,-518,-1212,-310
1905,-14.3,-14,-516,-1236,-300
1906,-14.2,-19,-514,-1258,-291
1907,-14.1,-25,-511,-1279,-281
1908,-14,-31,-505,-1299,-272
1909,-13.9,-39,-498,-1318,-263
1910,-13.8,-46,-490,-1335,-255
1911,-13.7,-55,-480,-1351,-247
1912,-13.6,-65,-469,-1365,-240
1913,-13.5,-76,-457,-1379,-235
1914,-13.4,-88,-444,-1392,-230
1915,-13.3,-102,-431,-1406,-226
1916,-13.2,-116,-418,-1419,-222
1917,-13.1,-132,-405,-1432,-219
1918,-13,-148,-392,-1446,-215
1919,-12.9,-164,-379,-1459,-212
1920,-12.8,-180,-366,-1472,-210
1921,-12.7,-195,-353,-1484,-208
1922,-12.6,-209,-339,-1495,-206
1923,-12.5,-222,-325,-1506,-204
1924,-12.4,-233,-311,-1514,-203
1925,-12.3,-243,-296,-1522,-201
1926,-12.2,-253,-282,-1530,-200
1927,-12.1,-261,-268,-1536,-198
1928,-12,-269,-256,-1541,-197
1929,-11.9,-275,-245,-1546,-196
1930,-11.8,-282,-235,-1549,-196
1931,-11.7,-289,-227,-1553,-195
1932,-11.6,-296,-221,-1555,-196
1933,-11.5,-302,-216,-1558,-196
1934,-11.4,-308,-213,-1559,-197
1935,-11.3,-313,-211,-1561,-199
1936,-11.2,-318,-211,-1563,-200
1937,-11.1,-322,-211,-1564,-202
1938,-11,-326,-212,-1565,-204
1939,-10.9,-328,-213,-1563,-205
1940,-10.8,-328,-215,-1561,-207
1941,-10.7,-328,-217,-1556,-207
1942,-10.6,-326,-219,-1551,-207
1943,-10.5,-322,-222,-1544,-207
1944,-10.4,-318,-225,-1535,-206
1945,-10.3,-311,-229,-1525,-204
1946,-10.2,-302,-233,-1515,-202
1947,-10.1,-292,-238,-1505,-199
1948,-10,-279,-243,-1494,-196
1949,-9.9,-264,-249,-1482,-192
1950,-9.8,-246,-254,-1469,-189
1951,-9.7,-227,-259,-1455,-186
1952,-9.6,-206,-263,-1440,-183
1953,-9.5,-183,-266,-1424,-180
1954,-9.4,-159,-269,-1407,-178
1955,-9.3,-134,-270,-1389,-176
1956,-9.2,-108,-270,-1369,-174
1957,-9.1,-80,-268,-1350,-171
1958,-9,-52,-263,-1329,-169
1959,-8.9,-22,-257,-1308,-166
1960,-8.8,8,-249,-1286,-162
1961,-8.7,39,-239,-1263,-158
1962,-8.6,71,-228,-1241,-154
1963,-8.5,104,-215,-1219,-149
1964,-8.4,137,-202,-1197,-144
1965,-8.3,169,-188,-1175,-139
1966,-8.2,202,-173,-1154,-133
1967,-8.1,235,-156,-1131,-127
1968,-8,267,-137,-1108,-120
1969,-7.9,299,-117,-1083,-113
1970,-7.8,330,-94,-1058,-105
1971,-7.7,360,-71,-1032,-96
1972,-7.6,388,-47,-1006,-86
1973,-7.5,414,-21,-980,-75
1974,-7.4,438,5,-953,-62
1975,-7.3,460,33,-925,-48
1976,-7.2,481,61,-896,-32
1977,-7.1,500,90,-866,-16
1978,-7,517,120,-837,1
1979,-6.9,531,149,-807,18
1980,-6.8,543,178,-777,35
1981,-6.7,553,207,-748,51
1982,-6.6,561,235,-719,66
1983,-6.5,566,262,-691,80
1984,-6.4,569,289,-663,92
1985,-6.3,570,314,-634,104
1986,-6.2,569,338,-605,113
1987,-6.1,566,361,-575,121
1988,-6,562,382,-544,128
1989,-5.9,556,401,-513,133
1990,-5.8,548,419,-481,137
1991,-5.7,538,435,-448,139
1992,-5.6,527,449,-416,140
1993,-5.5,514,461,-383,141
1994,-5.4,500,472,-349,140
1995,-5.3,486,482,-315,137
1996,-5.2,470,490,-281,134
1997,-5.1,454,499,-246,131
1998,-5,437,507,-211,126
1999,-4.9,420,513,-176,121
2000,-4.8,402,519,-142,116
2001,-4.7,383,523,-107,111
2002,-4.6,365,526,-72,106
2003,-4.5,346,529,-37,103
2004,-4.4,328,530,-1,100
2005,-4.3,310,530,35,98
2006,-4.2,292,528,73,98
2007,-4.1,274,525,111,98
2008,-4,257,521,150,99
2009,-3.9,239,514,189,100
2010,-3.8,221,507,229,102
2011,-3.7,204,499,269,104
2012,-3.6,186,490,309,106
2013,-3.5,167,482,350,109
2014,-3.4,149,475,391,113
2015,-3.3,129,469,432,117
2016,-3.2,109,463,473,122
2017,-3.1,88,457,514,126
2018,-3,67,451,556,132
2019,-2.9,45,444,596,137
2020,-2.8,23,437,638,144
2021,-2.7,2,429,681,152
2022,-2.6,-17,421,725,161
2023,-2.5,-37,412,770,171
2024,-2.4,-56,403,815,182
2025,-2.3,-74,394,862,194
2026,-2.2,-93,387,908,207
2027,-2.1,-112,380,956,220
2028,-2,-131,375,1003,234
2029,-1.9,-151,371,1050,248
2030,-1.8,-171,369,1097,262
2031,-1.7,-192,368,1145,276
2032,-1.6,-214,367,1192,289
2033,-1.5,-236,368,1241,301
2034,-1.4,-257,369,1290,313
2035,-1.3,-279,371,1341,323
2036,-1.2,-300,373,1391,333
2037,-1.1,-322,374,1443,342
2038,-1,-344,373,1495,350
2039,-0.9,-366,372,1548,356
2040,-0.8,-389,370,1600,362
2041,-0.7,-412,367,1653,368
2042,-0.6,-434,364,1706,372
2043,-0.5,-457,361,1759,377
2044,-0.4,-479,357,1812,380
2045,-0.3,-500,355,1864,384
2046,-0.2,-522,352,1916,387
2047,-0.1,-543,350,1968,390
2048,0,-564,349,2020,394
2049,0.1,-584,348,2073,397
2050,0.2,-603,347,2126,400
2051,0.3,-621,346,2180,402
2052,0.4,-638,344,2234,405
2053,0.5,-655,342,2288,407
2054,0.6,-670,338,2340,408
2055,0.7,-684,333,2394,409
2056,0.8,-697,327,2446,408
2057,0.9,-709,320,2499,406
2058,1,-719,312,2551,403
2059,1.1,-728,304,2602,400
2060,1.2,-735,296,2653,395
2061,1.3,-740,287,2703,390
2062,1.4,-742,279,2754,385
2063,1.5,-743,271,2805,380
2064,1.6,-740,263,2856,375
2065,1.7,-736,255,2906,370
2066,1.8,-730,245,2955,364
2067,1.9,-722,235,3004,358
2068,2,-712,225,3052,352
2069,2.1,-699,214,3100,346
2070,2.2,-684,203,3147,340
2071,2.3,-666,193,3193,334
2072,2.4,-646,184,3239,330
2073,2.5,-624,175,3286,325
2074,2.6,-600,167,3332,321
2075,2.7,-574,161,3378,317
2076,2.8,-545,155,3424,314
2077,2.9,-515,151,3469,310
2078,3,-482,148,3514,306
2079,3.1,-447,147,3559,302
2080,3.2,-409,147,3604,298
2081,3.3,-370,149,3648,294
2082,3.4,-330,152,3692,288
2083,3.5,-288,157,3735,283
2084,3.6,-245,164,3777,278
2085,3.7,-202,172,3818,272
2086,3.8,-159,181,3858,267
2087,3.9,-115,191,3900,262
2088,4,-71,202,3941,258
2089,4.1,-28,214,3983,254
2090,4.2,16,226,4023,251
2091,4.3,58,238,4065,250
2092,4.4,100,250,4106,250
2093,4.5,141,263,4147,251
2094,4.6,181,276,4186,253
2095,4.7,221,290,4226,256
2096,4.8,258,304,4265,260
2097,4.9,295,319,4303,265
2098,5,331,335,4340,271
2099,5.1,365,351,4378,278
2100,5.2,398,369,4415,285
2101,5.3,430,387,4452,292
2102,5.4,459,406,4487,300
2103,5.5,485,425,4523,307
2104,5.6,510,443,4558,315
2105,5.7,531,461,4592,322
2106,5.8,551,479,4627,330
2107,5.9,569,497,4662,338
2108,6,585,515,4696,346
2109,6.1,599,533,4730,353
2110,6.2,611,550,4763,359
2111,6.3,619,568,4796,365
2112,6.4,625,585,4827,370
2113,6.5,627,603,4857,374
2114,6.6,627,621,4887,377
2115,6.7,624,639,4916,379
2116,6.8,618,657,4943,381
2117,6.9,610,675,4971,381
2118,7,599,693,4998,380
2119,7.1,585,711,5023,379
2120,7.2,570,727,5049,377
2121,7.3,552,742,5075,375
2122,7.4,533,755,5100,372
2123,7.5,513,767,5125,369
2124,7.6,491,776,5150,366
2125,7.7,468,785,5173,363
2126,7.8,444,794,5197,359
2127,7.9,419,802,5219,356
2128,8,393,809,5240,353
2129,8.1,368,817,5261,350
2130,8.2,342,824,5280,347
2131,8.3,317,831,5299,344
2132,8.4,292,837,5315,340
2133,8.5,268,843,5331,337
2134,8.6,246,848,5346,333
2135,8.7,225,853,5359,329
2136,8.8,207,856,5372,326
2137,8.9,189,858,5385,323
2138,9,174,859,5396,320
2139,9.1,160,859,5406,318
2140,9.2,148,857,5416,317
2141,9.3,137,855,5423,315
2142,9.4,129,852,5429,314
2143,9.5,123,848,5434,313
2144,9.6,119,842,5436,311
2145,9.7,118,837,5438,309
2146,9.8,118,830,5439,307
2147,9.9,121,822,5437,304
2148,10,126,814,5436,301
2149,10.1,132,805,5433,297
2150,10.2,140,795,5429,295
2151,10.3,148,785,5424,293
2152,10.4,156,774,5418,292
2153,10.5,166,762,5409,291
2154,10.6,176,750,5400,290
2155,10.7,187,738,5390,290
2156,10.8,200,725,5378,289
2157,10.9,213,713,5366,287
2158,11,227,700,5352,285
2159,11.1,241,686,5336,283
2160,11.2,256,672,5319,280
2161,11.3,270,657,5301,276
2162,11.4,284,642,5281,271
2163,11.5,297,625,5261,266
2164,11.6,310,607,5239,259
2165,11.7,322,587,5216,252
2166,11.8,333,566,5192,243
2167,11.9,342,543,5167,233
2168,12,348,520,5139,221
2169,12.1,352,495,5111,209
2170,12.2,354,470,5082,195
2171,12.3,353,445,5051,182
2172,12.4,350,420,5021,168
2173,12.5,346,396,4991,154
2174,12.6,341,373,4961,141
2175,12.7,335,350,4929,128
2176,12.8,327,328,4898,115
2177,12.9,318,306,4866,100
2178,13,307,283,4830,85
2179,13.1,294,260,4794,68
2180,13.2,280,235,4756,51
2181,13.3,264,208,4715,32
2182,13.4,247,180,4673,12
2183,13.5,229,151,4628,-10
2184,13.6,211,120,4583,-32
2185,13.7,191,88,4535,-56
2186,13.8,172,56,4487,-80
2187,13.9,153,25,4439,-106
2188,14,133,-6,4390,-131
2189,14.1,113,-37,4340,-158
2190,14.2,93,-68,4289,-185
2191,14.3,72,-98,4238,-212
2192,14.4,52,-130,4185,-239
2193,14.5,33,-161,4133,-265
2194,14.6,15,-194,4079,-291
2195,14.7,-2,-227,4023,-317
2196,14.8,-19,-262,3966,-341
2197,14.9,-34,-297,3907,-365
2198,15,-49,-334,3847,-388
2199,15.1,-64,-371,3785,-411
2200,15.2,-77,-408,3721,-432
2201,15.3,-90,-445,3657,-452
2202,15.4,-101,-480,3592,-470
2203,15.5,-111,-514,3528,-487
2204,15.6,-119,-546,3463,-502
2205,15.7,-126,-577,3397,-516
2206,15.8,-132,-608,3330,-530
2207,15.9,-137,-637,3263,-542
2208,16,-141,-667,3194,-553
2209,16.1,-145,-695,3124,-564
2210,16.2,-149,-726,3051,-575
2211,16.3,-153,-758,2978,-585
2212,16.4,-158,-791,2905,-594
2213,16.5,-164,-825,2830,-603
2214,16.6,-171,-861,2754,-611
2215,16.7,-180,-898,2677,-620
2216,16.8,-189,-936,2599,-628
2217,16.9,-200,-975,2521,-635
2218,17,-212,-1014,2443,-643
2219,17.1,-224,-1054,2365,-650
2220,17.2,-237,-1093,2287,-656
2221,17.3,-250,-1132,2209,-661
2222,17.4,-263,-1170,2132,-665
2223,17.5,-276,-1206,2055,-668
2224,17.6,-289,-1242,1979,-670
2225,17.7,-302,-1277,1903,-670
2226,17.8,-315,-1311,1827,-670
2227,17.9,-328,-1346,1752,-670
2228,18,-341,-1382,1677,-670
2229,18.1,-354,-1418,1601,-670
2230,18.2,-367,-1455,1525,-669
2231,18.3,-379,-1492,1449,-669
2232,18.4,-391,-1530,1371,-669
2233,18.5,-403,-1567,1293,-669
2234,18.6,-414,-1604,1215,-669
2235,18.7,-425,-1641,1137,-670
2236,18.8,-435,-1678,1058,-672
2237,18.9,-445,-1713,978,-674
2238,19,-455,-1749,899,-677
2239,19.1,-464,-1783,820,-680
2240,19.2,-473,-1817,742,-684
2241,19.3,-481,-1850,664,-688
2242,19.4,-489,-1881,586,-692
2243,19.5,-496,-1912,507,-698
2244,19.6,-503,-1941,429,-704
2245,19.7,-510,-1969,351,-711
2246,19.8,-515,-1995,273,-720
2247,19.9,-520,-2021,194,-729
2248,20,-523,-2046,116,-739
2249,20.1,-526,-2069,38,-751
2250,20.2,-527,-2090,-40,-764
2251,20.3,-529,-2109,-117,-779
2252,20.4,-530,-2126,-194,-795
2253,20.5,-531,-2140,-270,-812
2254,20.6,-532,-2150,-347,-830
2255,20.7,-532,-2160,-423,-850
2256,20.8,-532,-2167,-500,-869
2257,20.9,-532,-2172,-577,-889
2258,21,-531,-2176,-653,-910
2259,21.1,-529,-2177,-729,-931
2260,21.2,-527,-2177,-805,-953
2261,21.3,-524,-2173,-881,-974
2262,21.4,-521,-2170,-957,-995
2263,21.5,-518,-2164,-1034,-1018
2264,21.6,-516,-2157,-1111,-1040
2265,21.7,-513,-2150,-1188,-1064
2266,21.8,-510,-2140,-1264,-1087
2267,21.9,-508,-2130,-1341,-1110
2268,22,-505,-2118,-1416,-1132
2269,22.1,-502,-2104,-1492,-1154
2270,22.2,-500,-2090,-1568,-1175
2271,22.3,-497,-2075,-1644,-1196
2272,22.4,-495,-2060,-1720,-1215
2273,22.5,-492,-2043,-1797,-1234
2274,22.6,-489,-2025,-1873,-1252
2275,22.7,-485,-2006,-1950,-1268
2276,22.8,-480,-1986,-2027,-1283
2277,22.9,-473,-1964,-2103,-1298
2278,23,-466,-1943,-2178,-1311
2279,23.1,-458,-1922,-2254,-1323
2280,23.2,-450,-1900,-2331,-1334
2281,23.3,-441,-1879,-2408,-1345
2282,23.4,-432,-1858,-2486,-1354
2283,23.5,-424,-1837,-2563,-1363
2284,23.6,-415,-1816,-2640,-1370
2285,23.7,-407,-1795,-2718,-1376
2286,23.8,-399,-1776,-2796,-1381
2287,23.9,-391,-1758,-2873,-1384
2288,24,-382,-1740,-2950,-1385
2289,24.1,-372,-1723,-3025,-1383
2290,24.2,-360,-1706,-3098,-1378
2291,24.3,-348,-1690,-3171,-1370
2292,24.4,-336,-1675,-3243,-1361
2293,24.5,-323,-1660,-3313,-1349
2294,24.6,-309,-1646,-3383,-1336
2295,24.7,-295,-1631,-3450,-1322
2296,24.8,-280,-1616,-3517,-1306
2297,24.9,-265,-1602,-3583,-1288
2298,25,-250,-1588,-3648,-1271
2299,25.1,-235,-1574,-3713,-1252
2300,25.2,-218,-1560,-3775,-1232
2301,25.3,-202,-1545,-3838,-1211
2302,25.4,-184,-1532,-3899,-1190
2303,25.5,-166,-1518,-3960,-1167
2304,25.6,-146,-1505,-4019,-1144
2305,25.7,-126,-1492,-4078,-1120
2306,25.8,-105,-1480,-4137,-1095
2307,25.9,-82,-1468,-4194,-1070
2308,26,-60,-1457,-4250,-1044
2309,26.1,-36,-1445,-4307,-1017
2310,26.2,-13,-1434,-4363,-990
2311,26.3,10,-1422,-4418,-962
2312,26.4,34,-1411,-4471,-934
2313,26.5,58,-1399,-4525,-906
2314,26.6,82,-1388,-4578,-877
2315,26.7,107,-1376,-4631,-847
2316,26.8,133,-1363,-4684,-816
2317,26.9,160,-1350,-4737,-785
2318,27,188,-1337,-4791,-754
2319,27.1,217,-1324,-4843,-723
2320,27.2,246,-1310,-4896,-692
2321,27.3,276,-1296,-4948,-662
2322,27.4,306,-1282,-5000,-633
2323,27.5,336,-1267,-5053,-606
2324,27.6,366,-1253,-5106,-579
2325,27.7,396,-1237,-5159,-553
2326,27.8,426,-1220,-5210,-527
2327,27.9,455,-1201,-5262,-502
2328,28,482,-1181,-5315,-478
2329,28.1,508,-1161,-5367,-454
2330,28.2,531,-1138,-5421,-430
2331,28.3,553,-1115,-5474,-407
2332,28.4,573,-1091,-5526,-384
2333,28.5,591,-1065,-5579,-360
2334,28.6,609,-1038,-5630,-336
2335,28.7,624,-1011,-5680,-312
2336,28.8,638,-982,-5730,-288
2337,28.9,650,-953,-5780,-264
2338,29,660,-924,-5828,-241
2339,29.1,668,-893,-5877,-218
2340,29.2,674,-862,-5923,-195
2341,29.3,679,-831,-5968,-172
2342,29.4,682,-799,-6012,-148
2343,29.5,683,-767,-6054,-125
2344,29.6,683,-734,-6096,-102
2345,29.7,682,-702,-6136,-79
2346,29.8,678,-669,-6174,-56
2347,29.9,672,-636,-6211,-33
2348,30,663,-602,-6247,-9
2349,30.1,652,-569,-6282,14
2350,30.2,638,-536,-6316,38
2351,30.3,621,-503,-6349,62
2352,30.4,602,-470,-6380,85
2353,30.5,581,-436,-6411,109
2354,30.6,558,-402,-6439,132
2355,30.7,535,-367,-6467,155
2356,30.8,512,-331,-6493,178
2357,30.9,489,-296,-6519,199
2358,31,467,-260,-6544,220
2359,31.1,446,-225,-6567,240
2360,31.2,427,-191,-6591,259
2361,31.3,410,-157,-6613,275
2362,31.4,394,-123,-6635,292
2363,31.5,383,-91,-6656,308
2364,31.6,373,-59,-6674,322
2365,31.7,365,-28,-6694,335
2366,31.8,360,3,-6711,347
2367,31.9,355,32,-6729,356
2368,32,353,62,-6746,363
2369,32.1,351,91,-6762,368
2370,32.2,350,120,-6776,372
2371,32.3,350,149,-6788,374
2372,32.4,351,177,-6800,374
2373,32.5,352,205,-6809,373
2374,32.6,354,233,-6818,370
2375,32.7,356,260,-6825,367
2376,32.8,359,287,-6830,361
2377,32.9,361,313,-6836,355
2378,33,364,337,-6840,347
2379,33.1,367,361,-6845,338
2380,33.2,370,384,-6850,328
2381,33.3,373,406,-6853,318
2382,33.4,376,428,-6856,307
2383,33.5,378,450,-6857,296
2384,33.6,381,472,-6858,286
2385,33.7,384,495,-6856,276
2386,33.8,387,517,-6854,266
2387,33.9,390,538,-6851,257
2388,34,393,559,-6845,249
2389,34.1,395,580,-6839,241
2390,34.2,397,599,-6830,235
2391,34.3,399,618,-6820,231
2392,34.4,400,637,-6808,228
2393,34.5,401,654,-6796,226
2394,34.6,400,671,-6782,224
2395,34.7,397,687,-6768,223
2396,34.8,392,703,-6754,222
2397,34.9,386,717,-6739,222
2398,35,377,732,-6724,222
2399,35.1,368,747,-6709,224
2400,35.2,357,762,-6691,227
2401,35.3,346,778,-6673,231
2402,35.4,334,794,-6653,238
2403,35.5,322,811,-6632,247
2404,35.6,309,827,-6610,258
2405,35.7,296,844,-6586,271
2406,35.8,282,860,-6561,286
2407,35.9,267,875,-6534,302
2408,36,252,891,-6508,319
2409,36.1,237,906,-6481,338
2410,36.2,222,921,-6453,357
2411,36.3,207,937,-6424,377
2412,36.4,191,954,-6394,398
2413,36.5,176,972,-6363,420
2414,36.6,160,991,-6331,442
2415,36.7,145,1010,-6298,463
2416,36.8,129,1029,-6265,485
2417,36.9,113,1048,-6231,508
2418,37,96,1067,-6197,531
2419,37.1,79,1087,-6162,554
2420,37.2,62,1108,-6126,579
2421,37.3,44,1129,-6090,603
2422,37.4,26,1152,-6053,628
2423,37.5,7,1176,-6015,652
2424,37.6,-12,1201,-5978,676
2425,37.7,-32,1226,-5940,700
2426,37.8,-52,1253,-5903,723
2427,37.9,-72,1280,-5865,746
2428,38,-91,1308,-5825,769
2429,38.1,-110,1337,-5786,792
2430,38.2,-127,1366,-5746,815
2431,38.3,-142,1396,-5705,839
2432,38.4,-157,1425,-5666,862
2433,38.5,-171,1456,-5626,886
2434,38.6,-183,1486,-5586,910
2435,38.7,-194,1516,-5548,933
2436,38.8,-205,1547,-5510,956
2437,38.9,-215,1576,-5472,979
2438,39,-226,1607,-5436,1000
2439,39.1,-235,1637,-5399,1022
2440,39.2,-244,1667,-5362,1044
2441,39.3,-251,1697,-5326,1067
2442,39.4,-258,1726,-5290,1089
2443,39.5,-264,1756,-5254,1112
2444,39.6,-270,1785,-5220,1134
2445,39.7,-275,1813,-5186,1155
2446,39.8,-280,1842,-5152,1175
2447,39.9,-285,1869,-5120,1195
2448,40,-290,1898,-5087,1215
2449,40.1,-294,1928,-5053,1234
2450,40.2,-298,1958,-5021,1254
2451,40.3,-303,1989,-4988,1273
2452,40.4,-307,2020,-4955,1291
2453,40.5,-310,2053,-4922,1309
2454,40.6,-314,2087,-4889,1327
2455,40.7,-316,2122,-4857,1345
2456,40.8,-318,2159,-4823,1362
2457,40.9,-319,2197,-4791,1378
2458,41,-319,2236,-4759,1393
2459,41.1,-319,2276,-4725,1408
2460,41.2,-317,2317,-4693,1421
2461,41.3,-314,2359,-4660,1433
2462,41.4,-310,2399,-4628,1444
2463,41.5,-305,2440,-4594,1453
2464,41.6,-299,2481,-4561,1460
2465,41.7,-291,2520,-4528,1467
2466,41.8,-282,2559,-4493,1473
2467,41.9,-272,2596,-4459,1478
2468,42,-262,2633,-4425,1482
2469,42.1,-253,2667,-4390,1485
2470,42.2,-243,2700,-4353,1488
2471,42.3,-234,2731,-4317,1491
2472,42.4,-224,2760,-4280,1493
2473,42.5,-214,2788,-4241,1496
2474,42.6,-204,2814,-4200,1499
2475,42.7,-194,2837,-4158,1501
2476,42.8,-183,2861,-4116,1505
2477,42.9,-172,2883,-4072,1509
2478,43,-161,2904,-4026,1514
2479,43.1,-150,2924,-3981,1519
2480,43.2,-140,2943,-3935,1524
2481,43.3,-130,2961,-3888,1529
2482,43.4,-120,2979,-3841,1535
2483,43.5,-110,2997,-3795,1540
2484,43.6,-101,3014,-3748,1545
2485,43.7,-91,3032,-3701,1550
2486,43.8,-81,3050,-3651,1554
2487,43.9,-71,3069,-3600,1559
2488,44,-60,3089,-3549,1564
2489,44.1,-48,3109,-3496,1569
2490,44.2,-37,3129,-3442,1574
2491,44.3,-24,3148,-3387,1578
2492,44.4,-11,3168,-3332,1583
2493,44.5,3,3188,-3276,1587
2494,44.6,17,3207,-3220,1590
2495,44.7,31,3227,-3164,1592
2496,44.8,46,3244,-3106,1593
2497,44.9,59,3262,-3050,1593
2498,45,73,3280,-2993,1593
2499,45.1,85,3297,-2935,1592
2500,45.2,96,3314,-2876,1591
2501,45.3,107,3329,-2815,1590
2502,45.4,118,3345,-2753,1589
2503,45.5,129,3359,-2690,1589
2504,45.6,138,3372,-2627,1589
2505,45.7,148,3384,-2563,1588
2506,45.8,156,3393,-2499,1588
2507,45.9,164,3401,-2435,1587
2508,46,170,3407,-2370,1585
2509,46.1,175,3412,-2307,1583
2510,46.2,179,3415,-2243,1579
2511,46.3,181,3415,-2179,1573
2512,46.4,182,3414,-2116,1566
2513,46.5,183,3411,-2052,1558
2514,46.6,182,3408,-1989,1549
2515,46.7,182,3403,-1924,1539
2516,46.8,181,3396,-1860,1528
2517,46.9,180,3389,-1796,1515
2518,47,179,3379,-1732,1502
2519,47.1,177,3367,-1669,1488
2520,47.2,174,3353,-1607,1474
2521,47.3,170,3337,-1546,1458
2522,47.4,166,3320,-1484,1442
2523,47.5,162,3302,-1422,1425
2524,47.6,157,3283,-1359,1408
2525,47.7,151,3263,-1295,1391
2526,47.8,145,3241,-1233,1373
2527,47.9,138,3218,-1170,1355
2528,48,130,3194,-1109,1335
2529,48.1,121,3170,-1047,1316
2530,48.2,112,3144,-987,1296
2531,48.3,102,3117,-926,1276
2532,48.4,91,3091,-866,1255
2533,48.5,80,3064,-806,1235
2534,48.6,68,3038,-746,1213
2535,48.7,56,3010,-687,1192
2536,48.8,43,2982,-629,1169
2537,48.9,29,2954,-572,1147
2538,49,16,2926,-514,1124
2539,49.1,3,2898,-457,1101
2540,49.2,-9,2870,-400,1078
2541,49.3,-19,2843,-343,1054
2542,49.4,-29,2814,-286,1029
2543,49.5,-38,2787,-230,1005
2544,49.6,-46,2761,-174,981
2545,49.7,-54,2734,-120,957
2546,49.8,-62,2707,-67,933
2547,49.9,-69,2680,-14,910
2548,50,-76,2652,37,886
2549,50.1,-83,2624,88,862
2550,50.2,-91,2595,138,837
2551,50.3,-99,2565,187,811
2552,50.4,-107,2535,236,785
2553,50.5,-116,2505,284,758
2554,50.6,-124,2472,332,729
2555,50.7,-133,2440,378,700
2556,50.8,-142,2406,424,670
2557,50.9,-151,2372,469,639
2558,51,-161,2336,514,606
2559,51.1,-171,2300,559,573
2560,51.2,-180,2263,603,540
2561,51.3,-190,2226,647,506
2562,51.4,-200,2189,691,472
2563,51.5,-211,2153,734,439
2564,51.6,-222,2115,776,405
2565,51.7,-234,2078,818,372
2566,51.8,-247,2041,859,341
2567,51.9,-261,2003,899,310
2568,52,-276,1966,938,279
2569,52.1,-291,1927,976,249
2570,52.2,-308,1888,1013,218
2571,52.3,-326,1849,1050,188
2572,52.4,-345,1810,1085,157
2573,52.5,-365,1771,1119,128
2574,52.6,-386,1732,1153,99
2575,52.7,-408,1693,1186,71
2576,52.8,-430,1654,1217,45
2577,52.9,-452,1616,1247,19
2578,53,-474,1577,1276,-5
2579,53.1,-495,1539,1304,-28
2580,53.2,-516,1503,1331,-50
2581,53.3,-537,1467,1358,-71
2582,53.4,-556,1433,1385,-90
2583,53.5,-576,1398,1411,-109
2584,53.6,-594,1365,1437,-127
2585,53.7,-612,1331,1462,-145
2586,53.8,-629,1297,1486,-163
2587,53.9,-646,1263,1511,-181
2588,54,-661,1229,1536,-200
2589,54.1,-674,1193,1561,-218
2590,54.2,-686,1155,1585,-237
2591,54.3,-695,1116,1609,-256
2592,54.4,-702,1075,1632,-276
2593,54.5,-708,1033,1655,-295
2594,54.6,-712,989,1676,-315
2595,54.7,-714,943,1695,-335
2596,54.8,-716,896,1713,-354
2597,54.9,-716,847,1729,-374
2598,55,-715,797,1745,-394
2599,55.1,-714,746,1758,-414
2600,55.2,-713,693,1770,-434
2601,55.3,-711,638,1779,-454
2602,55.4,-710,582,1788,-473
2603,55.5,-708,524,1794,-493
2604,55.6,-706,465,1799,-513
2605,55.7,-703,405,1802,-533
2606,55.8,-698,344,1805,-553
2607,55.9,-691,283,1807,-572
2608,56,-681,221,1809,-592
2609,56.1,-671,160,1811,-611
2610,56.2,-660,98,1812,-629
2611,56.3,-647,37,1812,-648
2612,56.4,-632,-24,1812,-665
2613,56.5,-617,-84,1812,-682
2614,56.6,-599,-142,1811,-699
2615,56.7,-580,-200,1811,-715
2616,56.8,-559,-256,1811,-730
2617,56.9,-536,-311,1812,-745
2618,57,-511,-364,1814,-759
2619,57.1,-485,-417,1816,-771
2620,57.2,-457,-469,1819,-783
2621,57.3,-428,-520,1822,-793
2622,57.4,-398,-571,1825,-802
2623,57.5,-367,-621,1827,-809
2624,57.6,-337,-671,1831,-816
2625,57.7,-305,-720,1834,-822
2626,57.8,-274,-767,1838,-827
2627,57.9,-243,-813,1842,-832
2628,58,-213,-858,1845,-836
2629,58.1,-184,-901,1849,-839
2630,58.2,-157,-942,1851,-843
2631,58.3,-131,-983,1854,-846
2632,58.4,-107,-1022,1855,-850
2633,58.5,-85,-1060,1857,-853
2634,58.6,-64,-1098,1859,-856
2635,58.7,-44,-1135,1860,-859
2636,58.8,-27,-1171,1862,-861
2637,58.9,-10,-1207,1863,-862
2638,59,5,-1243,1863,-862
2639,59.1,19,-1278,1864,-861
2640,59.2,31,-1311,1864,-860
2641,59.3,42,-1344,1862,-859
2642,59.4,51,-1375,1860,-857
2643,59.5,59,-1405,1857,-855
2644,59.6,65,-1433,1854,-853
2645,59.7,69,-1459,1851,-852
2646,59.8,72,-1484,1847,-850
2647,59.9,73,-1508,1844,-849
2648,60,71,-1530,1840,-848
2649,60.1,66,-1553,1836,-846
2650,60.2,58,-1575,1830,-845
2651,60.3,48,-1599,1824,-843
2652,60.4,35,-1623,1817,-841
2653,60.5,20,-1649,1810,-839
2654,60.6,4,-1675,1803,-836
2655,60.7,-13,-1701,1797,-832
2656,60.8,-31,-1729,1792,-827
2657,60.9,-49,-1757,1788,-822
2658,61,-68,-1785,1785,-818
2659,61.1,-87,-1815,1781,-814
2660,61.2,-107,-1846,1779,-811
2661,61.3,-126,-1877,1777,-808
2662,61.4,-145,-1909,1775,-805
2663,61.5,-163,-1941,1773,-802
2664,61.6,-180,-1974,1771,-800
2665,61.7,-196,-2008,1769,-797
2666,61.8,-212,-2044,1767,-794
2667,61.9,-227,-2080,1764,-792
2668,62,-242,-2119,1760,-790
2669,62.1,-256,-2160,1756,-788
2670,62.2,-271,-2203,1752,-786
2671,62.3,-285,-2250,1747,-785
2672,62.4,-299,-2298,1741,-784
2673,62.5,-313,-2348,1735,-782
2674,62.6,-325,-2399,1730,-780
2675,62.7,-337,-2450,1726,-778
2676,62.8,-348,-2501,1723,-776
2677,62.9,-358,-2551,1721,-773
2678,63,-367,-2600,1718,-771
2679,63.1,-377,-2649,1718,-769
2680,63.2,-386,-2698,1718,-768
2681,63.3,-395,-2744,1719,-767
2682,63.4,-403,-2792,1720,-767
2683,63.5,-412,-2839,1722,-767
2684,63.6,-421,-2886,1724,-769
2685,63.7,-429,-2932,1726,-773
2686,63.8,-437,-2976,1728,-777
2687,63.9,-443,-3020,1729,-782
2688,64,-449,-3063,1731,-788
2689,64.1,-454,-3106,1731,-795
2690,64.2,-458,-3147,1731,-802
2691,64.3,-461,-3187,1730,-810
2692,64.4,-463,-3224,1729,-817
2693,64.5,-464,-3260,1727,-825
2694,64.6,-465,-3293,1724,-832
2695,64.7,-464,-3325,1720,-838
2696,64.8,-463,-3354,1715,-844
2697,64.9,-462,-3381,1708,-850
2698,65,-461,-3406,1700,-855
2699,65.1,-459,-3431,1691,-860
2700,65.2,-456,-3453,1682,-864
2701,65.3,-452,-3474,1671,-868
2702,65.4,-447,-3494,1660,-871
2703,65.5,-441,-3512,1650,-873
2704,65.6,-433,-3529,1640,-876
2705,65.7,-425,-3543,1630,-878
2706,65.8,-415,-3555,1619,-880
2707,65.9,-405,-3567,1608,-881
2708,66,-395,-3577,1596,-881
2709,66.1,-385,-3586,1583,-881
2710,66.2,-375,-3594,1570,-880
2711,66.3,-364,-3600,1556,-879
2712,66.4,-353,-3606,1542,-876
2713,66.5,-340,-3611,1529,-873
2714,66.6,-327,-3616,1517,-868
2715,66.7,-312,-3620,1505,-864
2716,66.8,-295,-3626,1493,-858
2717,66.9,-278,-3631,1481,-852
2718,67,-259,-3637,1470,-846
2719,67.1,-238,-3643,1461,-839
2720,67.2,-216,-3648,1453,-831
2721,67.3,-193,-3654,1447,-823
2722,67.4,-169,-3660,1442,-814
2723,67.5,-144,-3666,1439,-805
2724,67.6,-117,-3670,1436,-795
2725,67.7,-90,-3675,1434,-785
2726,67.8,-61,-3680,1434,-775
2727,67.9,-29,-3685,1434,-763
2728,68,4,-3690,1434,-750
2729,68.1,39,-3694,1436,-737
2730,68.2,74,-3698,1439,-723
2731,68.3,111,-3703,1443,-709
2732,68.4,150,-3708,1447,-694
2733,68.5,191,-3713,1451,-680
2734,68.6,233,-3718,1456,-665
2735,68.7,276,-3724,1461,-651
2736,68.8,319,-3730,1466,-638
2737,68.9,362,-3736,1472,-624
2738,69,406,-3741,1478,-611
2739,69.1,448,-3746,1484,-597
2740,69.2,489,-3750,1491,-583
2741,69.3,530,-3753,1499,-569
2742,69.4,568,-3755,1508,-555
2743,69.5,605,-3758,1517,-540
2744,69.6,641,-3762,1526,-525
2745,69.7,675,-3767,1536,-511
2746,69.8,708,-3773,1546,-497
2747,69.9,739,-3781,1556,-482
2748,70,770,-3790,1566,-469
2749,70.1,800,-3801,1576,-457
2750,70.2,828,-3813,1585,-446
2751,70.3,856,-3826,1594,-435
2752,70.4,883,-3842,1601,-424
2753,70.5,909,-3859,1607,-414
2754,70.6,935,-3878,1611,-405
2755,70.7,961,-3897,1614,-395
2756,70.8,987,-3917,1614,-386
2757,70.9,1013,-3938,1613,-376
2758,71,1037,-3958,1610,-367
2759,71.1,1063,-3976,1606,-358
2760,71.2,1089,-3995,1599,-349
2761,71.3,1114,-4012,1590,-341
2762,71.4,1139,-4029,1580,-333
2763,71.5,1163,-4043,1569,-325
2764,71.6,1187,-4058,1557,-318
2765,71.7,1211,-4072,1543,-311
2766,71.8,1235,-4085,1530,-304
2767,71.9,1259,-4097,1516,-297
2768,72,1283,-4108,1502,-290
2769,72.1,1308,-4119,1487,-283
2770,72.2,1333,-4128,1471,-276
2771,72.3,1358,-4136,1455,-269
2772,72.4,1383,-4143,1440,-262
2773,72.5,1409,-4150,1426,-256
2774,72.6,1437,-4155,1412,-249
2775,72.7,1466,-4159,1399,-243
2776,72.8,1496,-4163,1386,-238
2777,72.9,1527,-4166,1373,-233
2778,73,1559,-4169,1362,-228
2779,73.1,1591,-4170,1351,-223
2780,73.2,1623,-4172,1341,-218
2781,73.3,1655,-4173,1332,-213
2782,73.4,1686,-4174,1322,-209
2783,73.5,1714,-4174,1313,-204
2784,73.6,1743,-4173,1305,-200
2785,73.7,1770,-4171,1299,-196
2786,73.8,1797,-4168,1295,-191
2787,73.9,1824,-4162,1291,-186
2788,74,1850,-4155,1289,-181
2789,74.1,1876,-4147,1287,-175
2790,74.2,1901,-4136,1286,-169
2791,74.3,1927,-4122,1286,-163
2792,74.4,1951,-4107,1287,-157
2793,74.5,1977,-4089,1289,-151
2794,74.6,2001,-4070,1294,-145
2795,74.7,2024,-4048,1299,-139
2796,74.8,2046,-4026,1306,-133
2797,74.9,2065,-4003,1315,-127
2798,75,2082,-3980,1326,-121
2799,75.1,2097,-3955,1338,-115
2800,75.2,2107,-3931,1351,-108
2801,75.3,2115,-3907,1366,-101
2802,75.4,2119,-3883,1382,-94
2803,75.5,2121,-3857,1399,-86
2804,75.6,2121,-3833,1417,-77
2805,75.7,2117,-3809,1436,-67
2806,75.8,2112,-3785,1455,-57
2807,75.9,2102,-3760,1474,-47
2808,76,2091,-3737,1494,-37
2809,76.1,2076,-3714,1513,-26
2810,76.2,2058,-3692,1532,-16
2811,76.3,2037,-3670,1550,-6
2812,76.4,2013,-3647,1567,3
2813,76.5,1987,-3624,1584,12
2814,76.6,1959,-3600,1602,21
2815,76.7,1929,-3576,1619,29
2816,76.8,1896,-3550,1635,38
2817,76.9,1862,-3524,1652,47
2818,77,1825,-3496,1666,56
2819,77.1,1787,-3468,1681,66
2820,77.2,1747,-3439,1696,75
2821,77.3,1707,-3409,1710,85
2822,77.4,1665,-3379,1724,94
2823,77.5,1624,-3350,1739,104
2824,77.6,1582,-3320,1753,113
2825,77.7,1538,-3291,1767,122
2826,77.8,1495,-3262,1781,131
2827,77.9,1452,-3234,1792,138
2828,78,1408,-3206,1803,145
2829,78.1,1363,-3180,1813,150
2830,78.2,1319,-3154,1822,155
2831,78.3,1274,-3128,1829,159
2832,78.4,1229,-3104,1836,163
2833,78.5,1185,-3080,1842,168
2834,78.6,1141,-3056,1848,172
2835,78.7,1098,-3033,1854,177
2836,78.8,1056,-3009,1858,182
2837,78.9,1014,-2985,1863,187
2838,79,974,-2962,1869,192
2839,79.1,936,-2938,1875,195
2840,79.2,901,-2914,1881,197
2841,79.3,867,-2889,1887,198
2842,79.4,835,-2862,1895,198
2843,79.5,805,-2836,1904,197
2844,79.6,776,-2808,1914,194
2845,79.7,747,-2779,1924,191
2846,79.8,719,-2750,1936,188
2847,79.9,692,-2720,1949,183
2848,80,664,-2689,1961,177
2849,80.1,637,-2659,1973,171
2850,80.2,610,-2629,1984,164
2851,80.3,583,-2599,1995,156
2852,80.4,558,-2570,2005,148
2853,80.5,533,-2539,2015,140
2854,80.6,511,-2508,2027,130
2855,80.7,489,-2476,2039,120
2856,80.8,469,-2444,2052,108
2857,80.9,449,-2411,2066,95
2858,81,431,-2376,2081,80
2859,81.1,413,-2341,2097,64
2860,81.2,395,-2305,2114,46
2861,81.3,378,-2266,2132,27
2862,81.4,360,-2228,2151,8
2863,81.5,340,-2189,2171,-11
2864,81.6,321,-2149,2192,-31
2865,81.7,300,-2108,2213,-50
2866,81.8,279,-2066,2235,-68
2867,81.9,257,-2023,2256,-87
2868,82,233,-1979,2277,-107
2869,82.1,209,-1935,2296,-127
2870,82.2,183,-1891,2316,-148
2871,82.3,158,-1845,2336,-169
2872,82.4,132,-1798,2357,-192
2873,82.5,107,-1749,2379,-215
2874,82.6,82,-1699,2401,-239
2875,82.7,57,-1646,2424,-263
2876,82.8,32,-1592,2446,-288
2877,82.9,7,-1538,2468,-314
2878,83,-18,-1482,2490,-339
2879,83.1,-44,-1426,2512,-364
2880,83.2,-70,-1370,2534,-387
2881,83.3,-96,-1314,2557,-409
2882,83.4,-122,-1258,2579,-430
2883,83.5,-149,-1203,2602,-449
2884,83.6,-177,-1149,2625,-467
2885,83.7,-206,-1097,2648,-485
2886,83.8,-235,-1047,2671,-502
2887,83.9,-265,-999,2693,-520
2888,84,-295,-952,2714,-538
2889,84.1,-325,-907,2736,-555
2890,84.2,-354,-863,2758,-571
2891,84.3,-383,-820,2781,-588
2892,84.4,-409,-777,2804,-605
2893,84.5,-435,-736,2827,-621
2894,84.6,-460,-696,2850,-636
2895,84.7,-484,-656,2873,-651
2896,84.8,-507,-616,2897,-665
2897,84.9,-529,-578,2920,-678
2898,85,-551,-539,2943,-690
2899,85.1,-573,-502,2966,-701
2900,85.2,-595,-463,2987,-711
2901,85.3,-617,-425,3008,-719
2902,85.4,-638,-386,3029,-727
2903,85.5,-660,-345,3049,-734
2904,85.6,-683,-304,3069,-740
2905,85.7,-705,-260,3087,-746
2906,85.8,-729,-215,3105,-752
2907,85.9,-752,-167,3122,-758
2908,86,-775,-117,3139,-763
2909,86.1,-799,-65,3154,-768
2910,86.2,-822,-11,3169,-773
2911,86.3,-845,45,3181,-777
2912,86.4,-867,101,3193,-781
2913,86.5,-890,157,3204,-784
2914,86.6,-912,213,3214,-788
2915,86.7,-933,269,3225,-791
2916,86.8,-954,325,3234,-794
2917,86.9,-975,379,3244,-795
2918,87,-996,433,3255,-796
2919,87.1,-1017,487,3266,-795
2920,87.2,-1037,539,3278,-794
2921,87.3,-1058,592,3288,-793
2922,87.4,-1078,643,3299,-792
2923,87.5,-1097,694,3311,-793
2924,87.6,-1115,745,3323,-793
2925,87.7,-1132,796,3335,-795
2926,87.8,-1148,845,3346,-797
2927,87.9,-1162,895,3358,-800
2928,88,-1175,942,3371,-803
2929,88.1,-1188,990,3382,-806
2930,88.2,-1201,1038,3394,-808
2931,88.3,-1212,1085,3404,-811
2932,88.4,-1226,1133,3414,-813
2933,88.5,-1240,1181,3424,-815
2934,88.6,-1256,1229,3433,-815
2935,88.7,-1273,1277,3441,-815
2936,88.8,-1290,1326,3449,-816
2937,88.9,-1308,1376,3456,-817
2938,89,-1325,1426,3463,-819
2939,89.1,-1341,1478,3470,-820
2940,89.2,-1357,1532,3475,-822
2941,89.3,-1371,1585,3481,-825
2942,89.4,-1384,1640,3486,-829
2943,89.5,-1396,1695,3491,-833
2944,89.6,-1406,1750,3495,-837
2945,89.7,-1416,1805,3496,-841
2946,89.8,-1425,1859,3498,-846
2947,89.9,-1433,1913,3499,-850
2948,90,-1442,1967,3499,-854
2949,90.1,-1452,2019,3499,-858
2950,90.2,-1462,2070,3497,-863
2951,90.3,-1474,2122,3497,-867
2952,90.4,-1487,2174,3497,-871
2953,90.5,-1501,2227,3498,-875
2954,90.6,-1515,2280,3498,-879
2955,90.7,-1528,2334,3501,-884
2956,90.8,-1541,2389,3505,-889
2957,90.9,-1553,2446,3509,-894
2958,91,-1564,2502,3514,-899
2959,91.1,-1573,2561,3519,-904
2960,91.2,-1582,2620,3524,-909
2961,91.3,-1590,2679,3529,-913
2962,91.4,-1598,2737,3534,-918
2963,91.5,-1606,2796,3537,-922
2964,91.6,-1615,2852,3539,-926
2965,91.7,-1623,2908,3540,-930
2966,91.8,-1631,2963,3540,-935
2967,91.9,-1640,3017,3539,-939
2968,92,-1648,3070,3537,-943
2969,92.1,-1655,3121,3535,-947
2970,92.2,-1661,3171,3533,-952
2971,92.3,-1666,3220,3530,-957
2972,92.4,-1668,3267,3527,-963
2973,92.5,-1669,3312,3523,-969
2974,92.6,-1667,3355,3520,-976
2975,92.7,-1663,3396,3517,-982
2976,92.8,-1659,3435,3515,-989
2977,92.9,-1653,3471,3511,-994
2978,93,-1647,3505,3508,-999
2979,93.1,-1642,3535,3504,-1004
2980,93.2,-1637,3564,3501,-1008
2981,93.3,-1634,3591,3498,-1012
2982,93.4,-1631,3615,3493,-1016
2983,93.5,-1629,3638,3490,-1021
2984,93.6,-1628,3659,3487,-1026
2985,93.7,-1627,3679,3483,-1031
2986,93.8,-1628,3699,3480,-1036
2987,93.9,-1629,3717,3474,-1040
2988,94,-1631,3734,3469,-1045
2989,94.1,-1633,3751,3463,-1049
2990,94.2,-1636,3768,3456,-1054
2991,94.3,-1639,3785,3449,-1058
2992,94.4,-1643,3801,3440,-1062
2993,94.5,-1647,3817,3433,-1065
2994,94.6,-1653,3834,3425,-1069
2995,94.7,-1660,3850,3418,-1073
2996,94.8,-1670,3866,3411,-1077
2997,94.9,-1682,3882,3404,-1081
2998,95,-1696,3898,3399,-1085
2999,95.1,-1711,3915,3394,-1088
3000,95.2,-1729,3931,3389,-1092
3001,95.3,-1747,3947,3384,-1097
3002,95.4,-1767,3964,3380,-1101
3003,95.5,-1788,3981,3377,-1105
3004,95.6,-1810,3999,3376,-1111
3005,95.7,-1831,4017,3375,-1116
3006,95.8,-1853,4037,3375,-1122
3007,95.9,-1875,4058,3376,-1128
3008,96,-1898,4081,3377,-1134
3009,96.1,-1922,4103,3379,-1141
3010,96.2,-1946,4128,3381,-1149
3011,96.3,-1971,4155,3383,-1156
3012,96.4,-1996,4183,3387,-1164
3013,96.5,-2020,4211,3392,-1172
3014,96.6,-2045,4242,3396,-1181
3015,96.7,-2069,4275,3401,-1189
3016,96.8,-2094,4309,3403,-1199
3017,96.9,-2119,4342,3406,-1208
3018,97,-2143,4378,3408,-1218
3019,97.1,-2167,4415,3408,-1229
3020,97.2,-2189,4453,3408,-1239
3021,97.3,-2210,4490,3406,-1248
3022,97.4,-2230,4528,3403,-1258
3023,97.5,-2249,4567,3399,-1267
3024,97.6,-2267,4604,3392,-1276
3025,97.7,-2283,4643,3383,-1285
3026,97.8,-2298,4681,3373,-1296
3027,97.9,-2313,4719,3360,-1307
3028,98,-2326,4756,3344,-1319
3029,98.1,-2339,4792,3326,-1333
3030,98.2,-2352,4828,3305,-1346
3031,98.3,-2366,4861,3283,-1361
3032,98.4,-2378,4894,3260,-1376
3033,98.5,-2390,4926,3235,-1391
3034,98.6,-2401,4957,3210,-1405
3035,98.7,-2409,4986,3184,-1420
3036,98.8,-2417,5014,3158,-1434
3037,98.9,-2423,5041,3132,-1448
3038,99,-2428,5065,3106,-1461
3039,99.1,-2430,5089,3080,-1475
3040,99.2,-2430,5112,3054,-1488
3041,99.3,-2429,5133,3028,-1500
3042,99.4,-2425,5153,3003,-1512
3043,99.5,-2421,5172,2979,-1525
3044,99.6,-2417,5188,2955,-1537
3045,99.7,-2412,5202,2931,-1550
3046,99.8,-2405,5214,2907,-1562
3047,99.9,-2398,5224,2884,-1573
3048,100,-2390,5231,2862,-1583
3049,100.1,-2378,5236,2841,-1592
3050,100.2,-2366,5239,2822,-1601
3051,100.3,-2353,5238,2804,-1608
3052,100.4,-2337,5236,2787,-1614
3053,100.5,-2320,5231,2773,-1620
3054,100.6,-2301,5221,2762,-1626
3055,100.7,-2282,5211,2753,-1632
3056,100.8,-2260,5198,2746,-1637
3057,100.9,-2238,5182,2741,-1643
3058,101,-2215,5165,2737,-1648
3059,101.1,-2191,5147,2736,-1653
3060,101.2,-2166,5126,2736,-1657
3061,101.3,-2142,5105,2737,-1662
3062,101.4,-2116,5083,2739,-1667
3063,101.5,-2089,5059,2742,-1672
3064,101.6,-2063,5036,2745,-1677
3065,101.7,-2036,5012,2750,-1681
3066,101.8,-2008,4989,2754,-1685
3067,101.9,-1980,4963,2758,-1688
3068,102,-1951,4939,2761,-1691
3069,102.1,-1922,4914,2763,-1693
3070,102.2,-1893,4887,2763,-1693
3071,102.3,-1862,4861,2763,-1693
3072,102.4,-1829,4834,2761,-1690
3073,102.5,-1797,4806,2756,-1687
3074,102.6,-1764,4778,2749,-1682
3075,102.7,-1731,4749,2740,-1675
3076,102.8,-1698,4720,2727,-1667
3077,102.9,-1665,4690,2713,-1656
3078,103,-1631,4661,2698,-1644
3079,103.1,-1596,4634,2682,-1629
3080,103.2,-1560,4607,2663,-1612
3081,103.3,-1522,4582,2642,-1594
3082,103.4,-1485,4557,2617,-1574
3083,103.5,-1448,4533,2589,-1555
3084,103.6,-1409,4508,2558,-1536
3085,103.7,-1370,4485,2524,-1516
3086,103.8,-1330,4462,2486,-1497
3087,103.9,-1288,4440,2445,-1477
3088,104,-1244,4419,2401,-1458
3089,104.1,-1198,4400,2356,-1438
3090,104.2,-1151,4382,2308,-1419
3091,104.3,-1100,4364,2259,-1399
3092,104.4,-1047,4349,2208,-1379
3093,104.5,-991,4336,2155,-1358
3094,104.6,-931,4323,2101,-1338
3095,104.7,-870,4311,2045,-1319
3096,104.8,-805,4302,1989,-1299
3097,104.9,-739,4294,1932,-1280
3098,105,-669,4287,1875,-1262
3099,105.1,-598,4280,1818,-1244
3100,105.2,-523,4275,1761,-1227
3101,105.3,-447,4272,1704,-1209
3102,105.4,-369,4269,1647,-1192
3103,105.5,-290,4265,1590,-1174
3104,105.6,-210,4263,1532,-1156
3105,105.7,-128,4261,1475,-1137
3106,105.8,-44,4259,1420,-1116
3107,105.9,40,4259,1367,-1095
3108,106,126,4260,1317,-1072
3109,106.1,212,4261,1268,-1048
3110,106.2,298,4261,1221,-1023
3111,106.3,384,4261,1176,-997
3112,106.4,468,4261,1131,-970
3113,106.5,551,4260,1088,-943
3114,106.6,633,4257,1046,-916
3115,106.7,714,4253,1005,-888
3116,106.8,793,4249,965,-861
3117,106.9,870,4242,927,-833
3118,107,945,4233,890,-806
3119,107.1,1016,4224,855,-778
3120,107.2,1084,4212,822,-749
3121,107.3,1150,4199,790,-720
3122,107.4,1213,4184,759,-690
3123,107.5,1272,4168,729,-658
3124,107.6,1328,4151,700,-625
3125,107.7,1381,4132,672,-591
3126,107.8,1430,4111,645,-556
3127,107.9,1476,4090,617,-521
3128,108,1518,4067,590,-485
3129,108.1,1556,4043,562,-449
3130,108.2,1591,4016,535,-413
3131,108.3,1624,3989,509,-378
3132,108.4,1653,3961,482,-342
3133,108.5,1681,3931,456,-307
3134,108.6,1706,3900,430,-273
3135,108.7,1730,3869,404,-239
3136,108.8,1753,3837,379,-206
3137,108.9,1773,3805,353,-173
3138,109,1792,3772,327,-141
3139,109.1,1809,3739,301,-110
3140,109.2,1824,3707,274,-81
3141,109.3,1836,3675,247,-52
3142,109.4,1847,3643,220,-26
3143,109.5,1855,3611,192,0
3144,109.6,1861,3579,163,24
3145,109.7,1865,3548,134,47
3146,109.8,1867,3516,103,70
3147,109.9,1867,3483,71,91
3148,110,1866,3451,38,112
3149,110.1,1862,3417,3,131
3150,110.2,1856,3382,-34,151
3151,110.3,1850,3345,-71,170
3152,110.4,1842,3307,-108,190
3153,110.5,1834,3269,-146,210
3154,110.6,1826,3231,-184,231
3155,110.7,1819,3193,-221,253
3156,110.8,1812,3156,-258,276
3157,110.9,1805,3118,-295,300
3158,111,1801,3083,-332,325
3159,111.1,1797,3048,-368,351
3160,111.2,1797,3014,-404,378
3161,111.3,1799,2981,-440,406
3162,111.4,1804,2947,-475,436
3163,111.5,1812,2913,-509,466
3164,111.6,1822,2879,-544,497
3165,111.7,1834,2844,-577,530
3166,111.8,1849,2809,-611,563
3167,111.9,1865,2773,-644,595
3168,112,1883,2735,-678,630
3169,112.1,1903,2697,-711,664
3170,112.2,1924,2659,-744,699
3171,112.3,1947,2620,-777,733
3172,112.4,1972,2581,-809,768
3173,112.5,1999,2541,-840,802
3174,112.6,2027,2501,-872,835
3175,112.7,2056,2462,-902,868
3176,112.8,2085,2422,-933,901
3177,112.9,2115,2383,-963,934
3178,113,2145,2344,-993,966
3179,113.1,2175,2304,-1023,997
3180,113.2,2205,2265,-1052,1029
3181,113.3,2235,2225,-1081,1060
3182,113.4,2265,2185,-1109,1091
3183,113.5,2294,2145,-1135,1121
3184,113.6,2322,2104,-1160,1151
3185,113.7,2351,2061,-1184,1180
3186,113.8,2379,2017,-1207,1207
3187,113.9,2407,1971,-1228,1235
3188,114,2434,1924,-1248,1260
3189,114.1,2460,1875,-1266,1285
3190,114.2,2485,1826,-1284,1308
3191,114.3,2507,1776,-1301,1330
3192,114.4,2529,1724,-1316,1351
3193,114.5,2549,1672,-1331,1371
3194,114.6,2567,1619,-1346,1391
3195,114.7,2584,1565,-1359,1410
3196,114.8,2599,1510,-1372,1428
3197,114.9,2612,1455,-1385,1446
3198,115,2624,1400,-1398,1463
3199,115.1,2635,1342,-1411,1480
3200,115.2,2646,1285,-1424,1497
3201,115.3,2656,1227,-1438,1514
3202,115.4,2665,1169,-1451,1530
3203,115.5,2673,1110,-1465,1546
3204,115.6,2683,1050,-1477,1562
3205,115.7,2693,991,-1490,1577
3206,115.8,2704,933,-1503,1593
3207,115.9,2716,875,-1516,1608
3208,116,2729,817,-1529,1624
3209,116.1,2740,760,-1542,1638
3210,116.2,2753,704,-1555,1653
3211,116.3,2766,650,-1569,1667
3212,116.4,2778,596,-1582,1681
3213,116.5,2791,545,-1597,1695
3214,116.6,2804,495,-1612,1708
3215,116.7,2816,447,-1628,1722
3216,116.8,2829,401,-1646,1736
3217,116.9,2843,356,-1664,1750
3218,117,2859,314,-1683,1763
3219,117.1,2877,275,-1702,1779
3220,117.2,2899,237,-1722,1795
3221,117.3,2922,202,-1741,1812
3222,117.4,2949,170,-1762,1829
3223,117.5,2980,139,-1783,1847
3224,117.6,3013,111,-1804,1865
3225,117.7,3048,83,-1827,1884
3226,117.8,3085,57,-1851,1904
3227,117.9,3125,31,-1876,1924
3228,118,3166,6,-1902,1947
3229,118.1,3209,-18,-1929,1970
3230,118.2,3253,-41,-1957,1995
3231,118.3,3299,-63,-1987,2020
3232,118.4,3345,-84,-2016,2046
3233,118.5,3394,-104,-2046,2072
3234,118.6,3443,-123,-2077,2099
3235,118.7,3494,-142,-2109,2126
3236,118.8,3544,-161,-2141,2154
3237,118.9,3596,-179,-2173,2181
3238,119,3648,-197,-2206,2210
3239,119.1,3701,-214,-2239,2238
3240,119.2,3754,-232,-2274,2267
3241,119.3,3805,-250,-2308,2297
3242,119.4,3856,-268,-2345,2327
3243,119.5,3906,-287,-2383,2356
3244,119.6,3955,-306,-2423,2387
3245,119.7,4001,-326,-2463,2420
3246,119.8,4046,-346,-2505,2453
3247,119.9,4089,-368,-2546,2487
3248,120,4130,-390,-2588,2522
3249,120.1,4169,-413,-2630,2556
3250,120.2,4205,-438,-2674,2591
3251,120.3,4239,-465,-2717,2625
3252,120.4,4270,-493,-2762,2659
3253,120.5,4297,-522,-2806,2692
3254,120.6,4323,-553,-2851,2725
3255,120.7,4347,-584,-2896,2757
3256,120.8,4368,-617,-2941,2787
3257,120.9,4385,-650,-2985,2817
3258,121,4400,-684,-3030,2847
3259,121.1,4413,-720,-3073,2876
3260,121.2,4422,-756,-3117,2904
3261,121.3,4426,-793,-3160,2931
3262,121.4,4427,-831,-3201,2957
3263,121.5,4424,-870,-3241,2983
3264,121.6,4417,-911,-3278,3007
3265,121.7,4406,-953,-3314,3031
3266,121.8,4392,-996,-3349,3054
3267,121.9,4374,-1039,-3381,3074
3268,122,4352,-1083,-3411,3095
3269,122.1,4328,-1128,-3438,3115
3270,122.2,4302,-1175,-3464,3135
3271,122.3,4274,-1221,-3486,3155
3272,122.4,4244,-1268,-3506,3175
3273,122.5,4213,-1316,-3523,3197
3274,122.6,4182,-1364,-3536,3220
3275,122.7,4150,-1413,-3547,3244
3276,122.8,4116,-1462,-3555,3269
3277,122.9,4081,-1511,-3561,3294
3278,123,4046,-1561,-3564,3321
3279,123.1,4009,-1612,-3567,3348
3280,123.2,3970,-1663,-3570,3376
3281,123.3,3931,-1715,-3572,3403
3282,123.4,3889,-1769,-3573,3430
3283,123.5,3847,-1823,-3572,3458
3284,123.6,3802,-1876,-3571,3487
3285,123.7,3758,-1929,-3568,3518
3286,123.8,3712,-1981,-3563,3549
3287,123.9,3664,-2032,-3557,3581
3288,124,3615,-2081,-3550,3615
3289,124.1,3564,-2127,-3542,3650
3290,124.2,3512,-2173,-3533,3686
3291,124.3,3459,-2216,-3524,3723
3292,124.4,3404,-2258,-3512,3762
3293,124.5,3348,-2297,-3501,3802
3294,124.6,3291,-2335,-3488,3844
3295,124.7,3234,-2372,-3474,3887
3296,124.8,3176,-2407,-3459,3931
3297,124.9,3117,-2442,-3443,3977
3298,125,3055,-2475,-3427,4025
3299,125.1,2992,-2508,-3410,4074
3300,125.2,2929,-2540,-3394,4123
3301,125.3,2864,-2570,-3377,4175
3302,125.4,2797,-2599,-3359,4228
3303,125.5,2729,-2625,-3341,4281
3304,125.6,2660,-2650,-3323,4334
3305,125.7,2590,-2672,-3304,4388
3306,125.8,2520,-2692,-3285,4442
3307,125.9,2448,-2710,-3264,4495
3308,126,2374,-2726,-3245,4547
3309,126.1,2299,-2740,-3227,4599
3310,126.2,2221,-2752,-3208,4648
3311,126.3,2141,-2763,-3190,4695
3312,126.4,2060,-2772,-3170,4740
3313,126.5,1975,-2779,-3151,4782
3314,126.6,1889,-2785,-3132,4820
3315,126.7,1800,-2788,-3112,4858
3316,126.8,1710,-2791,-3092,4892
3317,126.9,1618,-2793,-3071,4925
3318,127,1525,-2794,-3051,4954
3319,127.1,1430,-2794,-3030,4983
3320,127.2,1336,-2793,-3010,5011
3321,127.3,1241,-2791,-2989,5036
3322,127.4,1146,-2791,-2968,5061
3323,127.5,1050,-2789,-2948,5084
3324,127.6,953,-2788,-2929,5105
3325,127.7,856,-2786,-2910,5126
3326,127.8,757,-2784,-2893,5146
3327,127.9,657,-2781,-2876,5164
3328,128,557,-2779,-2861,5180
3329,128.1,457,-2778,-2848,5197
3330,128.2,356,-2778,-2837,5213
3331,128.3,255,-2778,-2827,5228
3332,128.4,155,-2778,-2820,5245
3333,128.5,56,-2779,-2813,5262
3334,128.6,-43,-2781,-2808,5279
3335,128.7,-141,-2784,-2804,5299
3336,128.8,-238,-2787,-2802,5319
3337,128.9,-333,-2792,-2801,5339
3338,129,-426,-2797,-2802,5360
3339,129.1,-518,-2803,-2804,5382
3340,129.2,-606,-2811,-2806,5403
3341,129.3,-692,-2818,-2810,5425
3342,129.4,-774,-2826,-2814,5447
3343,129.5,-854,-2834,-2819,5467
3344,129.6,-930,-2841,-2824,5488
3345,129.7,-1004,-2850,-2828,5508
3346,129.8,-1075,-2860,-2835,5527
3347,129.9,-1143,-2870,-2841,5546
3348,130,-1209,-2881,-2848,5565
3349,130.1,-1272,-2892,-2854,5583
3350,130.2,-1332,-2903,-2860,5601
3351,130.3,-1388,-2916,-2864,5619
3352,130.4,-1443,-2928,-2869,5636
3353,130.5,-1495,-2941,-2872,5653
3354,130.6,-1544,-2953,-2873,5670
3355,130.7,-1591,-2966,-2873,5685
3356,130.8,-1635,-2978,-2871,5700
3357,130.9,-1675,-2991,-2867,5714
3358,131,-1713,-3004,-2862,5726
3359,131.1,-1748,-3016,-2854,5740
3360,131.2,-1780,-3027,-2845,5751
3361,131.3,-1809,-3038,-2834,5764
3362,131.4,-1837,-3049,-2820,5775
3363,131.5,-1864,-3060,-2804,5784
3364,131.6,-1891,-3072,-2786,5793
3365,131.7,-1916,-3084,-2767,5801
3366,131.8,-1941,-3097,-2746,5806
3367,131.9,-1965,-3111,-2725,5811
3368,132,-1988,-3127,-2703,5814
3369,132.1,-2011,-3145,-2679,5814
3370,132.2,-2032,-3163,-2656,5813
3371,132.3,-2054,-3183,-2633,5812
3372,132.4,-2075,-3202,-2610,5807
3373,132.5,-2096,-3221,-2586,5802
3374,132.6,-2118,-3241,-2563,5795
3375,132.7,-2141,-3260,-2538,5784
3376,132.8,-2166,-3278,-2515,5772
3377,132.9,-2191,-3294,-2492,5756
3378,133,-2218,-3310,-2468,5739
3379,133.1,-2247,-3324,-2445,5719
3380,133.2,-2276,-3338,-2421,5695
3381,133.3,-2306,-3350,-2397,5670
3382,133.4,-2337,-3360,-2375,5642
3383,133.5,-2368,-3371,-2353,5610
3384,133.6,-2401,-3381,-2333,5576
3385,133.7,-2432,-3390,-2315,5538
3386,133.8,-2466,-3399,-2299,5497
3387,133.9,-2500,-3409,-2284,5456
3388,134,-2534,-3419,-2270,5412
3389,134.1,-2569,-3430,-2258,5366
3390,134.2,-2605,-3442,-2248,5319
3391,134.3,-2641,-3453,-2239,5270
3392,134.4,-2679,-3466,-2233,5217
3393,134.5,-2718,-3479,-2228,5163
3394,134.6,-2758,-3493,-2225,5107
3395,134.7,-2799,-3507,-2225,5046
3396,134.8,-2841,-3520,-2224,4984
3397,134.9,-2882,-3533,-2226,4919
3398,135,-2924,-3546,-2229,4851
3399,135.1,-2967,-3557,-2231,4780
3400,135.2,-3010,-3567,-2234,4708
3401,135.3,-3054,-3575,-2237,4633
3402,135.4,-3099,-3583,-2239,4556
3403,135.5,-3144,-3590,-2240,4478
3404,135.6,-3189,-3595,-2241,4399
3405,135.7,-3235,-3598,-2240,4319
3406,135.8,-3279,-3600,-2237,4239
3407,135.9,-3323,-3600,-2231,4161
3408,136,-3364,-3600,-2223,4083
3409,136.1,-3406,-3599,-2213,4006
3410,136.2,-3447,-3597,-2201,3929
3411,136.3,-3489,-3596,-2188,3853
3412,136.4,-3529,-3596,-2174,3777
3413,136.5,-3569,-3595,-2160,3702
3414,136.6,-3609,-3593,-2145,3627
3415,136.7,-3648,-3592,-2129,3553
3416,136.8,-3686,-3591,-2112,3480
3417,136.9,-3723,-3589,-2094,3407
3418,137,-3758,-3585,-2075,3336
3419,137.1,-3792,-3579,-2055,3264
3420,137.2,-3825,-3572,-2035,3194
3421,137.3,-3855,-3564,-2014,3125
3422,137.4,-3885,-3555,-1992,3056
3423,137.5,-3914,-3543,-1971,2988
3424,137.6,-3942,-3531,-1949,2918
3425,137.7,-3969,-3519,-1927,2850
3426,137.8,-3995,-3505,-1905,2782
3427,137.9,-4020,-3489,-1883,2714
3428,138,-4045,-3472,-1860,2645
3429,138.1,-4068,-3454,-1836,2576
3430,138.2,-4089,-3436,-1810,2506
3431,138.3,-4110,-3416,-1784,2436
3432,138.4,-4129,-3396,-1759,2366
3433,138.5,-4148,-3373,-1736,2296
3434,138.6,-4164,-3351,-1716,2225
3435,138.7,-4181,-3328,-1698,2154
3436,138.8,-4196,-3304,-1684,2083
3437,138.9,-4211,-3279,-1670,2011
3438,139,-4224,-3253,-1657,1938
3439,139.1,-4238,-3227,-1643,1865
3440,139.2,-4252,-3200,-1630,1790
3441,139.3,-4265,-3175,-1617,1712
3442,139.4,-4279,-3150,-1607,1633
3443,139.5,-4294,-3125,-1598,1552
3444,139.6,-4308,-3103,-1592,1469
3445,139.7,-4321,-3082,-1587,1385
3446,139.8,-4334,-3063,-1586,1299
3447,139.9,-4348,-3045,-1588,1212
3448,140,-4362,-3029,-1592,1124
3449,140.1,-4375,-3015,-1597,1035
3450,140.2,-4390,-3003,-1604,946
3451,140.3,-4405,-2993,-1612,857
3452,140.4,-4420,-2984,-1621,767
3453,140.5,-4434,-2977,-1631,678
3454,140.6,-4449,-2971,-1641,588
3455,140.7,-4466,-2965,-1651,499
3456,140.8,-4481,-2960,-1660,409
3457,140.9,-4498,-2955,-1669,320
3458,141,-4516,-2949,-1677,232
3459,141.1,-4533,-2943,-1684,145
3460,141.2,-4550,-2937,-1691,60
3461,141.3,-4567,-2932,-1697,-25
3462,141.4,-4585,-2928,-1703,-109
3463,141.5,-4602,-2924,-1709,-192
3464,141.6,-4618,-2922,-1714,-273
3465,141.7,-4634,-2920,-1719,-353
3466,141.8,-4649,-2919,-1723,-431
3467,141.9,-4663,-2920,-1728,-508
3468,142,-4676,-2921,-1733,-583
3469,142.1,-4689,-2922,-1739,-657
3470,142.2,-4702,-2923,-1745,-730
3471,142.3,-4712,-2925,-1752,-800
3472,142.4,-4722,-2926,-1759,-869
3473,142.5,-4730,-2925,-1767,-935
3474,142.6,-4735,-2924,-1775,-998
3475,142.7,-4739,-2922,-1782,-1060
3476,142.8,-4741,-2917,-1789,-1119
3477,142.9,-4741,-2913,-1797,-1175
3478,143,-4738,-2909,-1805,-1231
3479,143.1,-4734,-2904,-1813,-1284
3480,143.2,-4728,-2900,-1821,-1336
3481,143.3,-4720,-2896,-1829,-1386
3482,143.4,-4711,-2891,-1837,-1433
3483,143.5,-4702,-2886,-1845,-1479
3484,143.6,-4691,-2881,-1852,-1523
3485,143.7,-4678,-2875,-1861,-1565
3486,143.8,-4664,-2867,-1869,-1604
3487,143.9,-4650,-2856,-1878,-1642
3488,144,-4634,-2845,-1886,-1678
3489,144.1,-4617,-2833,-1894,-1713
3490,144.2,-4599,-2820,-1902,-1748
3491,144.3,-4580,-2806,-1909,-1781
3492,144.4,-4559,-2791,-1915,-1813
3493,144.5,-4538,-2775,-1921,-1844
3494,144.6,-4517,-2758,-1927,-1874
3495,144.7,-4495,-2742,-1933,-1903
3496,144.8,-4474,-2725,-1940,-1931
3497,144.9,-4454,-2707,-1947,-1958
3498,145,-4435,-2690,-1953,-1985
3499,145.1,-4415,-2670,-1960,-2011
3500,145.2,-4396,-2651,-1966,-2036
3501,145.3,-4377,-2631,-1970,-2061
3502,145.4,-4358,-2611,-1974,-2085
3503,145.5,-4338,-2589,-1977,-2109
3504,145.6,-4318,-2566,-1978,-2131
3505,145.7,-4298,-2542,-1978,-2152
3506,145.8,-4277,-2518,-1976,-2174
3507,145.9,-4256,-2494,-1973,-2195
3508,146,-4235,-2470,-1968,-2216
3509,146.1,-4214,-2447,-1962,-2237
3510,146.2,-4192,-2425,-1955,-2259
3511,146.3,-4172,-2403,-1948,-2281
3512,146.4,-4151,-2381,-1939,-2305
3513,146.5,-4131,-2362,-1929,-2328
3514,146.6,-4110,-2342,-1917,-2353
3515,146.7,-4089,-2324,-1904,-2378
3516,146.8,-4069,-2306,-1888,-2405
3517,146.9,-4047,-2289,-1871,-2431
3518,147,-4023,-2272,-1850,-2458
3519,147.1,-3998,-2254,-1828,-2485
3520,147.2,-3971,-2237,-1804,-2511
3521,147.3,-3943,-2220,-1779,-2538
3522,147.4,-3911,-2204,-1752,-2565
3523,147.5,-3879,-2189,-1723,-2591
3524,147.6,-3845,-2174,-1695,-2618
3525,147.7,-3809,-2161,-1666,-2644
3526,147.8,-3771,-2148,-1637,-2670
3527,147.9,-3730,-2139,-1609,-2696
3528,148,-3689,-2131,-1581,-2723
3529,148.1,-3645,-2125,-1554,-2749
3530,148.2,-3599,-2121,-1528,-2776
3531,148.3,-3549,-2117,-1501,-2802
3532,148.4,-3498,-2115,-1474,-2827
3533,148.5,-3443,-2113,-1447,-2854
3534,148.6,-3386,-2112,-1420,-2880
3535,148.7,-3327,-2112,-1393,-2906
3536,148.8,-3265,-2113,-1366,-2931
3537,148.9,-3201,-2114,-1339,-2956
3538,149,-3135,-2116,-1312,-2980
3539,149.1,-3067,-2117,-1286,-3004
3540,149.2,-2996,-2118,-1261,-3029
3541,149.3,-2923,-2118,-1237,-3054
3542,149.4,-2848,-2118,-1214,-3079
3543,149.5,-2773,-2118,-1192,-3104
3544,149.6,-2697,-2118,-1171,-3131
3545,149.7,-2619,-2118,-1151,-3159
3546,149.8,-2540,-2117,-1133,-3188
3547,149.9,-2459,-2116,-1115,-3219
3548,150,-2377,-2115,-1099,-3249
3549,150.1,-2293,-2113,-1084,-3281
3550,150.2,-2208,-2110,-1071,-3314
3551,150.3,-2122,-2108,-1059,-3348
3552,150.4,-2034,-2104,-1048,-3384
3553,150.5,-1946,-2099,-1040,-3420
3554,150.6,-1855,-2092,-1034,-3458
3555,150.7,-1765,-2083,-1030,-3499
3556,150.8,-1674,-2072,-1029,-3541
3557,150.9,-1582,-2057,-1029,-3586
3558,151,-1490,-2041,-1032,-3631
3559,151.1,-1398,-2022,-1036,-3679
3560,151.2,-1305,-1999,-1042,-3730
3561,151.3,-1211,-1974,-1049,-3782
3562,151.4,-1117,-1945,-1059,-3836
3563,151.5,-1024,-1914,-1071,-3894
3564,151.6,-931,-1879,-1085,-3955
3565,151.7,-839,-1842,-1101,-4018
3566,151.8,-746,-1800,-1117,-4083
3567,151.9,-653,-1757,-1134,-4150
3568,152,-561,-1711,-1150,-4219
3569,152.1,-470,-1662,-1167,-4289
3570,152.2,-378,-1612,-1184,-4359
3571,152.3,-287,-1561,-1202,-4431
3572,152.4,-196,-1509,-1220,-4503
3573,152.5,-105,-1457,-1238,-4576
3574,152.6,-13,-1404,-1256,-4647
3575,152.7,78,-1351,-1274,-4717
3576,152.8,169,-1298,-1293,-4786
3577,152.9,260,-1247,-1312,-4853
3578,153,351,-1197,-1332,-4919
3579,153.1,441,-1148,-1352,-4984
3580,153.2,530,-1101,-1373,-5047
3581,153.3,618,-1056,-1394,-5107
3582,153.4,704,-1013,-1417,-5167
3583,153.5,791,-971,-1439,-5225
3584,153.6,878,-931,-1461,-5281
3585,153.7,964,-892,-1484,-5335
3586,153.8,1050,-854,-1506,-5388
3587,153.9,1135,-818,-1528,-5437
3588,154,1220,-783,-1550,-5485
3589,154.1,1304,-748,-1572,-5531
3590,154.2,1386,-714,-1593,-5573
3591,154.3,1467,-681,-1614,-5615
3592,154.4,1547,-650,-1634,-5654
3593,154.5,1626,-620,-1655,-5690
3594,154.6,1704,-590,-1676,-5726
3595,154.7,1780,-563,-1696,-5759
3596,154.8,1855,-537,-1716,-5789
3597,154.9,1929,-511,-1735,-5818
3598,155,2003,-487,-1753,-5845
3599,155.1,2074,-464,-1772,-5869
3600,155.2,2143,-443,-1791,-5892
3601,155.3,2210,-424,-1810,-5912
3602,155.4,2275,-408,-1830,-5931
3603,155.5,2337,-393,-1850,-5949
3604,155.6,2396,-381,-1870,-5963
3605,155.7,2455,-369,-1890,-5976
3606,155.8,2511,-359,-1910,-5987
3607,155.9,2565,-349,-1930,-5996
3608,156,2617,-339,-1950,-6006
3609,156.1,2666,-329,-1970,-6015
3610,156.2,2712,-318,-1989,-6023
3611,156.3,2756,-307,-2009,-6032
3612,156.4,2799,-295,-2028,-6041
3613,156.5,2840,-281,-2046,-6051
3614,156.6,2878,-266,-2062,-6062
3615,156.7,2915,-250,-2078,-6072
3616,156.8,2948,-234,-2092,-6085
3617,156.9,2979,-217,-2105,-6099
3618,157,3008,-199,-2116,-6113
3619,157.1,3035,-182,-2127,-6129
3620,157.2,3060,-164,-2135,-6146
3621,157.3,3081,-145,-2142,-6166
3622,157.4,3102,-126,-2148,-6187
3623,157.5,3120,-107,-2151,-6208
3624,157.6,3136,-88,-2153,-6232
3625,157.7,3150,-69,-2154,-6257
3626,157.8,3162,-49,-2152,-6282
3627,157.9,3172,-30,-2150,-6309
3628,158,3181,-10,-2147,-6337
3629,158.1,3189,8,-2143,-6366
3630,158.2,3196,27,-2139,-6395
3631,158.3,3201,45,-2134,-6424
3632,158.4,3205,63,-2128,-6452
3633,158.5,3209,80,-2120,-6478
3634,158.6,3212,97,-2111,-6503
3635,158.7,3215,114,-2103,-6527
3636,158.8,3216,130,-2093,-6548
3637,158.9,3216,145,-2084,-6567
3638,159,3216,159,-2074,-6585
3639,159.1,3215,173,-2065,-6601
3640,159.2,3214,186,-2055,-6615
3641,159.3,3212,199,-2045,-6626
3642,159.4,3210,213,-2036,-6637
3643,159.5,3208,226,-2027,-6645
3644,159.6,3207,239,-2018,-6652
3645,159.7,3207,253,-2009,-6658
3646,159.8,3206,267,-2001,-6662
3647,159.9,3205,282,-1993,-6666
3648,160,3206,297,-1985,-6668
3649,160.1,3206,312,-1975,-6670
3650,160.2,3208,328,-1966,-6671
3651,160.3,3211,345,-1955,-6670
3652,160.4,3214,363,-1943,-6669
3653,160.5,3220,382,-1929,-6666
3654,160.6,3227,403,-1914,-6662
3655,160.7,3236,425,-1898,-6657
3656,160.8,3247,449,-1880,-6649
3657,160.9,3257,476,-1861,-6641
3658,161,3270,504,-1840,-6630
3659,161.1,3284,534,-1818,-6619
3660,161.2,3299,567,-1795,-6607
3661,161.3,3315,600,-1771,-6593
3662,161.4,3331,635,-1747,-6580
3663,161.5,3348,670,-1722,-6565
3664,161.6,3366,705,-1697,-6551
3665,161.7,3384,738,-1672,-6536
3666,161.8,3403,772,-1648,-6520
3667,161.9,3422,806,-1622,-6504
3668,162,3442,837,-1598,-6489
3669,162.1,3464,868,-1575,-6474
3670,162.2,3487,897,-1551,-6460
3671,162.3,3511,925,-1527,-6446
3672,162.4,3534,951,-1503,-6432
3673,162.5,3558,976,-1480,-6418
3674,162.6,3582,998,-1458,-6405
3675,162.7,3605,1018,-1436,-6393
3676,162.8,3627,1035,-1415,-6380
3677,162.9,3648,1050,-1396,-6369
3678,163,3669,1062,-1377,-6357
3679,163.1,3689,1071,-1360,-6346
3680,163.2,3708,1078,-1345,-6335
3681,163.3,3726,1082,-1332,-6322
3682,163.4,3743,1081,-1321,-6310
3683,163.5,3759,1079,-1311,-6297
3684,163.6,3775,1075,-1304,-6282
3685,163.7,3789,1068,-1297,-6268
3686,163.8,3804,1059,-1293,-6253
3687,163.9,3818,1049,-1289,-6238
3688,164,3832,1038,-1287,-6223
3689,164.1,3846,1026,-1286,-6206
3690,164.2,3857,1013,-1286,-6191
3691,164.3,3868,1000,-1288,-6176
3692,164.4,3878,988,-1291,-6162
3693,164.5,3886,975,-1296,-6149
3694,164.6,3892,963,-1301,-6137
3695,164.7,3897,951,-1306,-6126
3696,164.8,3902,940,-1312,-6116
3697,164.9,3905,930,-1317,-6105
3698,165,3907,921,-1322,-6095
3699,165.1,3910,916,-1326,-6084
3700,165.2,3912,913,-1329,-6074
3701,165.3,3913,912,-1331,-6062
3702,165.4,3912,914,-1332,-6049
3703,165.5,3912,916,-1332,-6036
3704,165.6,3912,920,-1332,-6022
3705,165.7,3911,925,-1331,-6005
3706,165.8,3909,932,-1330,-5988
3707,165.9,3908,939,-1328,-5968
3708,166,3907,946,-1326,-5945
3709,166.1,3905,955,-1324,-5920
3710,166.2,3903,965,-1322,-5892
3711,166.3,3898,976,-1320,-5861
3712,166.4,3894,989,-1317,-5827
3713,166.5,3889,1004,-1315,-5790
3714,166.6,3885,1020,-1313,-5750
3715,166.7,3879,1037,-1309,-5708
3716,166.8,3873,1057,-1307,-5662
3717,166.9,3867,1077,-1305,-5614
3718,167,3861,1099,-1303,-5565
3719,167.1,3852,1121,-1301,-5512
3720,167.2,3844,1144,-1300,-5459
3721,167.3,3835,1167,-1299,-5403
3722,167.4,3826,1190,-1298,-5345
3723,167.5,3814,1214,-1296,-5286
3724,167.6,3804,1237,-1293,-5225
3725,167.7,3792,1260,-1290,-5161
3726,167.8,3780,1283,-1287,-5097
3727,167.9,3766,1304,-1284,-5032
3728,168,3751,1324,-1280,-4966
3729,168.1,3735,1342,-1276,-4901
3730,168.2,3718,1361,-1273,-4835
3731,168.3,3700,1378,-1268,-4770
3732,168.4,3681,1394,-1263,-4703
3733,168.5,3662,1409,-1256,-4638
3734,168.6,3644,1423,-1249,-4572
3735,168.7,3625,1436,-1240,-4506
3736,168.8,3605,1448,-1230,-4440
3737,168.9,3586,1460,-1219,-4373
3738,169,3566,1471,-1208,-4307
3739,169.1,3546,1482,-1195,-4240
3740,169.2,3525,1491,-1182,-4174
3741,169.3,3502,1497,-1168,-4109
3742,169.4,3480,1501,-1154,-4046
3743,169.5,3457,1504,-1139,-3982
3744,169.6,3434,1504,-1123,-3919
3745,169.7,3411,1503,-1106,-3858
3746,169.8,3386,1499,-1088,-3796
3747,169.9,3363,1494,-1070,-3735
3748,170,3339,1486,-1050,-3675
3749,170.1,3315,1478,-1030,-3617
3750,170.2,3292,1469,-1010,-3559
3751,170.3,3266,1459,-988,-3500
3752,170.4,3242,1448,-966,-3441
3753,170.5,3217,1439,-942,-3383
3754,170.6,3192,1430,-918,-3323
3755,170.7,3166,1422,-892,-3263
3756,170.8,3137,1416,-866,-3202
3757,170.9,3110,1411,-838,-3142
3758,171,3081,1407,-811,-3081
3759,171.1,3052,1404,-782,-3020
3760,171.2,3022,1402,-753,-2959
3761,171.3,2991,1400,-723,-2897
3762,171.4,2960,1399,-693,-2834
3763,171.5,2929,1396,-663,-2771
3764,171.6,2897,1394,-632,-2707
3765,171.7,2865,1393,-600,-2643
3766,171.8,2832,1393,-568,-2578
3767,171.9,2798,1393,-537,-2513
3768,172,2762,1393,-506,-2446
3769,172.1,2726,1395,-475,-2380
3770,172.2,2689,1399,-445,-2315
3771,172.3,2651,1405,-414,-2249
3772,172.4,2614,1413,-383,-2183
3773,172.5,2575,1424,-351,-2117
3774,172.6,2537,1437,-320,-2051
3775,172.7,2498,1450,-289,-1984
3776,172.8,2460,1465,-259,-1918
3777,172.9,2421,1480,-230,-1851
3778,173,2381,1495,-202,-1785
3779,173.1,2339,1511,-175,-1718
3780,173.2,2298,1527,-147,-1651
3781,173.3,2256,1543,-120,-1584
3782,173.4,2212,1559,-93,-1515
3783,173.5,2167,1574,-66,-1446
3784,173.6,2121,1590,-38,-1374
3785,173.7,2074,1606,-9,-1303
3786,173.8,2027,1621,19,-1231
3787,173.9,1978,1636,49,-1158
3788,174,1930,1651,79,-1084
3789,174.1,1882,1667,110,-1009
3790,174.2,1834,1682,141,-934
3791,174.3,1787,1698,173,-858
3792,174.4,1741,1713,205,-782
3793,174.5,1694,1729,236,-706
3794,174.6,1648,1743,268,-630
3795,174.7,1601,1758,298,-554
3796,174.8,1553,1770,328,-478
3797,174.9,1505,1783,358,-403
3798,175,1456,1796,386,-327
3799,175.1,1407,1807,413,-252
3800,175.2,1358,1819,440,-178
3801,175.3,1308,1830,465,-104
3802,175.4,1258,1841,488,-32
3803,175.5,1207,1853,511,40
3804,175.6,1157,1865,533,111
3805,175.7,1107,1876,553,181
3806,175.8,1057,1890,573,250
3807,175.9,1007,1903,591,317
3808,176,956,1917,608,383
3809,176.1,905,1931,624,447
3810,176.2,854,1945,640,511
3811,176.3,803,1959,654,573
3812,176.4,752,1973,668,633
3813,176.5,700,1986,680,693
3814,176.6,648,2000,692,752
3815,176.7,595,2012,703,811
3816,176.8,543,2025,713,870
3817,176.9,489,2036,725,930
3818,177,436,2048,737,990
3819,177.1,382,2058,748,1051
3820,177.2,328,2068,760,1112
3821,177.3,274,2076,772,1173
3822,177.4,219,2084,782,1234
3823,177.5,165,2091,793,1293
3824,177.6,111,2096,802,1353
3825,177.7,57,2101,811,1412
3826,177.8,4,2105,820,1471
3827,177.9,-48,2109,829,1528
3828,178,-100,2112,837,1585
3829,178.1,-151,2114,845,1641
3830,178.2,-202,2117,853,1695
3831,178.3,-254,2119,861,1749
3832,178.4,-305,2121,869,1803
3833,178.5,-357,2123,876,1856
3834,178.6,-408,2124,883,1908
3835,178.7,-461,2124,891,1960
3836,178.8,-513,2123,898,2012
3837,178.9,-565,2121,906,2064
3838,179,-616,2121,915,2116
3839,179.1,-667,2121,926,2168
3840,179.2,-717,2122,938,2220
3841,179.3,-767,2125,951,2272
3842,179.4,-816,2128,965,2322
3843,179.5,-865,2132,980,2373
3844,179.6,-914,2135,995,2422
3845,179.7,-962,2139,1011,2470
3846,179.8,-1011,2143,1027,2517
3847,179.9,-1060,2147,1044,2563
3848,180,-1109,2151,1062,2607
3849,180.1,-1158,2155,1080,2651
3850,180.2,-1207,2159,1099,2695
3851,180.3,-1257,2164,1120,2737
3852,180.4,-1306,2169,1142,2779
3853,180.5,-1355,2176,1163,2819
3854,180.6,-1404,2184,1186,2858
3855,180.7,-1453,2194,1209,2895
3856,180.8,-1501,2205,1233,2931
3857,180.9,-1548,2218,1257,2965
3858,181,-1594,2233,1281,2997
3859,181.1,-1640,2248,1305,3027
3860,181.2,-1685,2264,1330,3052
3861,181.3,-1730,2281,1355,3077
3862,181.4,-1775,2299,1381,3098
3863,181.5,-1819,2317,1407,3118
3864,181.6,-1863,2334,1434,3136
3865,181.7,-1907,2351,1462,3151
3866,181.8,-1950,2367,1491,3165
3867,181.9,-1991,2381,1522,3178
3868,182,-2033,2395,1553,3190
3869,182.1,-2074,2406,1585,3199
3870,182.2,-2114,2416,1618,3205
3871,182.3,-2153,2424,1652,3211
3872,182.4,-2190,2430,1686,3215
3873,182.5,-2226,2433,1721,3217
3874,182.6,-2261,2435,1757,3218
3875,182.7,-2293,2436,1793,3217
3876,182.8,-2325,2435,1830,3216
3877,182.9,-2355,2432,1868,3214
3878,183,-2385,2428,1906,3212
3879,183.1,-2414,2423,1943,3209
3880,183.2,-2442,2415,1979,3203
3881,183.3,-2471,2406,2014,3198
3882,183.4,-2497,2395,2047,3191
3883,183.5,-2523,2383,2080,3184
3884,183.6,-2547,2370,2110,3176
3885,183.7,-2570,2356,2142,3169
3886,183.8,-2589,2341,2172,3160
3887,183.9,-2607,2325,2202,3152
3888,184,-2622,2309,2232,3144
3889,184.1,-2635,2293,2260,3136
3890,184.2,-2647,2276,2288,3128
3891,184.3,-2657,2258,2314,3120
3892,184.4,-2665,2240,2339,3114
3893,184.5,-2672,2221,2364,3110
3894,184.6,-2677,2199,2387,3107
3895,184.7,-2680,2177,2410,3105
3896,184.8,-2684,2153,2432,3103
3897,184.9,-2686,2128,2453,3105
3898,185,-2688,2100,2471,3108
3899,185.1,-2689,2071,2489,3112
3900,185.2,-2690,2040,2506,3119
3901,185.3,-2690,2006,2522,3126
3902,185.4,-2690,1970,2536,3135
3903,185.5,-2688,1934,2549,3147
3904,185.6,-2685,1896,2561,3159
3905,185.7,-2682,1856,2571,3173
3906,185.8,-2677,1817,2580,3187
3907,185.9,-2670,1777,2587,3201
3908,186,-2664,1737,2592,3217
3909,186.1,-2659,1698,2595,3232
3910,186.2,-2652,1659,2595,3248
3911,186.3,-2646,1622,2592,3263
3912,186.4,-2640,1586,2589,3278
3913,186.5,-2632,1552,2584,3295
3914,186.6,-2626,1520,2579,3312
3915,186.7,-2619,1489,2573,3330
3916,186.8,-2613,1458,2566,3348
3917,186.9,-2607,1428,2559,3365
3918,187,-2601,1399,2553,3383
3919,187.1,-2594,1370,2546,3401
3920,187.2,-2588,1342,2541,3418
3921,187.3,-2581,1314,2535,3434
3922,187.4,-2573,1284,2530,3451
3923,187.5,-2566,1256,2525,3467
3924,187.6,-2558,1227,2518,3483
3925,187.7,-2552,1198,2513,3499
3926,187.8,-2546,1169,2507,3513
3927,187.9,-2542,1141,2499,3528
3928,188,-2540,1114,2491,3542
3929,188.1,-2539,1087,2482,3556
3930,188.2,-2540,1061,2471,3570
3931,188.3,-2541,1036,2461,3582
3932,188.4,-2542,1012,2450,3595
3933,188.5,-2544,989,2439,3608
3934,188.6,-2546,967,2427,3621
3935,188.7,-2548,945,2415,3633
3936,188.8,-2550,924,2403,3645
3937,188.9,-2552,902,2389,3657
3938,189,-2554,882,2376,3667
3939,189.1,-2557,862,2362,3677
3940,189.2,-2561,843,2348,3684
3941,189.3,-2565,824,2334,3691
3942,189.4,-2570,806,2319,3697
3943,189.5,-2575,788,2304,3702
3944,189.6,-2582,773,2287,3704
3945,189.7,-2588,758,2270,3707
3946,189.8,-2597,745,2253,3707
3947,189.9,-2607,733,2234,3706
3948,190,-2618,722,2214,3703
3949,190.1,-2629,712,2194,3697
3950,190.2,-2641,702,2174,3689
3951,190.3,-2651,692,2153,3680
3952,190.4,-2661,683,2133,3670
3953,190.5,-2671,673,2114,3656
3954,190.6,-2681,663,2095,3642
3955,190.7,-2689,653,2076,3627
3956,190.8,-2698,643,2057,3609
3957,190.9,-2705,634,2038,3590
3958,191,-2712,625,2018,3568
3959,191.1,-2720,616,1998,3545
3960,191.2,-2726,609,1978,3520
3961,191.3,-2733,603,1959,3494
3962,191.4,-2739,598,1940,3466
3963,191.5,-2743,594,1922,3438
3964,191.6,-2748,591,1905,3410
3965,191.7,-2752,589,1888,3380
3966,191.8,-2756,587,1872,3351
3967,191.9,-2759,585,1857,3320
3968,192,-2761,584,1843,3289
3969,192.1,-2761,583,1833,3258
3970,192.2,-2761,582,1824,3226
3971,192.3,-2762,582,1819,3195
3972,192.4,-2761,583,1815,3162
3973,192.5,-2761,584,1815,3129
3974,192.6,-2760,584,1816,3096
3975,192.7,-2757,585,1818,3062
3976,192.8,-2754,585,1822,3027
3977,192.9,-2751,584,1825,2990
3978,193,-2745,583,1831,2955
3979,193.1,-2739,582,1838,2920
3980,193.2,-2731,581,1845,2885
3981,193.3,-2721,580,1854,2850
3982,193.4,-2711,578,1863,2816
3983,193.5,-2701,575,1871,2780
3984,193.6,-2690,571,1880,2745
3985,193.7,-2677,567,1889,2711
3986,193.8,-2664,562,1897,2678
3987,193.9,-2649,555,1907,2645
3988,194,-2633,549,1916,2612
3989,194.1,-2617,543,1926,2578
3990,194.2,-2600,537,1937,2545
3991,194.3,-2583,531,1947,2512
3992,194.4,-2566,526,1959,2480
3993,194.5,-2547,522,1971,2447
3994,194.6,-2529,518,1982,2416
3995,194.7,-2511,514,1994,2384
3996,194.8,-2492,511,2006,2353
3997,194.9,-2472,507,2018,2323
3998,195,-2451,504,2030,2293
3999,195.1,-2428,501,2042,2264
4000,195.2,-2404,498,2055,2236
4001,195.3,-2379,494,2067,2207
4002,195.4,-2354,490,2079,2179
4003,195.5,-2327,485,2092,2150
4004,195.6,-2299,480,2106,2123
4005,195.7,-2270,474,2119,2097
4006,195.8,-2239,467,2131,2072
4007,195.9,-2207,459,2142,2048
4008,196,-2175,451,2153,2025
4009,196.1,-2142,442,2163,2003
4010,196.2,-2110,432,2172,1983
4011,196.3,-2078,424,2180,1963
4012,196.4,-2046,416,2188,1945
4013,196.5,-2014,409,2194,1929
4014,196.6,-1984,402,2200,1915
4015,196.7,-1952,397,2204,1901
4016,196.8,-1922,393,2207,1889
4017,196.9,-1891,389,2208,1878
4018,197,-1861,386,2208,1868
4019,197.1,-1831,384,2208,1858
4020,197.2,-1801,381,2207,1848
4021,197.3,-1772,378,2205,1839
4022,197.4,-1744,374,2201,1829
4023,197.5,-1715,369,2196,1820
4024,197.6,-1686,365,2190,1810
4025,197.7,-1658,360,2182,1801
4026,197.8,-1632,355,2174,1791
4027,197.9,-1606,350,2165,1782
4028,198,-1582,345,2155,1772
4029,198.1,-1560,340,2145,1763
4030,198.2,-1539,335,2133,1754
4031,198.3,-1519,329,2120,1745
4032,198.4,-1501,323,2105,1736
4033,198.5,-1484,316,2090,1727
4034,198.6,-1468,309,2073,1718
4035,198.7,-1454,301,2055,1710
4036,198.8,-1441,294,2036,1702
4037,198.9,-1430,287,2016,1695
4038,199,-1419,281,1994,1688
4039,199.1,-1410,275,1972,1683
4040,199.2,-1402,269,1947,1679
4041,199.3,-1395,263,1922,1675
4042,199.4,-1388,257,1896,1671
4043,199.5,-1382,251,1869,1668
4044,199.6,-1376,244,1842,1665
4045,199.7,-1370,237,1815,1661
4046,199.8,-1363,229,1787,1658
4047,199.9,-1358,220,1759,1654
4048,200,-1354,210,1731,1649
4049,200.1,-1350,199,1701,1644
4050,200.2,-1346,186,1673,1639
4051,200.3,-1342,172,1644,1634
4052,200.4,-1338,158,1617,1628
4053,200.5,-1333,143,1589,1623
4054,200.6,-1327,128,1563,1619
4055,200.7,-1321,113,1537,1615
4056,200.8,-1314,98,1511,1612
4057,200.9,-1308,83,1485,1609
4058,201,-1300,69,1459,1606
4059,201.1,-1294,56,1434,1604
4060,201.2,-1287,44,1407,1603
4061,201.3,-1281,32,1382,1601
4062,201.4,-1275,21,1358,1600
4063,201.5,-1269,10,1335,1599
4064,201.6,-1263,-1,1312,1598
4065,201.7,-1256,-12,1291,1599
4066,201.8,-1250,-24,1270,1600
4067,201.9,-1244,-36,1250,1602
4068,202,-1237,-49,1231,1603
4069,202.1,-1231,-63,1213,1606
4070,202.2,-1224,-76,1195,1609
4071,202.3,-1215,-90,1177,1613
4072,202.4,-1207,-105,1161,1617
4073,202.5,-1198,-119,1143,1622
4074,202.6,-1189,-134,1128,1628
4075,202.7,-1179,-149,1113,1636
4076,202.8,-1169,-166,1098,1644
4077,202.9,-1160,-183,1084,1653
4078,203,-1151,-201,1070,1663
4079,203.1,-1142,-221,1057,1674
4080,203.2,-1133,-241,1044,1685
4081,203.3,-1124,-262,1032,1697
4082,203.4,-1116,-283,1021,1710
4083,203.5,-1107,-304,1010,1723
4084,203.6,-1099,-325,1000,1736
4085,203.7,-1089,-346,990,1749
4086,203.8,-1081,-366,982,1762
4087,203.9,-1073,-386,974,1776
4088,204,-1065,-405,967,1789
4089,204.1,-1056,-423,963,1805
4090,204.2,-1047,-440,962,1821
4091,204.3,-1036,-457,962,1838
4092,204.4,-1024,-474,965,1856
4093,204.5,-1012,-491,971,1874
4094,204.6,-999,-509,979,1892
4095,204.7,-986,-527,989,1910
4096,204.8,-972,-546,1001,1929
4097,204.9,-957,-565,1016,1946
4098,205,-942,-584,1032,1964
4099,205.1,-927,-602,1049,1982
4100,205.2,-912,-621,1067,1999
4101,205.3,-896,-640,1085,2016
4102,205.4,-880,-659,1104,2033
4103,205.5,-865,-677,1124,2050
4104,205.6,-849,-694,1143,2067
4105,205.7,-833,-710,1164,2083
4106,205.8,-817,-726,1185,2101
4107,205.9,-801,-743,1207,2119
4108,206,-784,-760,1229,2138
4109,206.1,-767,-778,1252,2157
4110,206.2,-749,-797,1277,2177
4111,206.3,-730,-817,1302,2198
4112,206.4,-710,-838,1329,2218
4113,206.5,-690,-859,1356,2239
4114,206.6,-670,-882,1384,2259
4115,206.7,-651,-906,1412,2279
4116,206.8,-632,-930,1439,2297
4117,206.9,-613,-955,1466,2315
4118,207,-593,-980,1494,2332
4119,207.1,-572,-1006,1523,2350
4120,207.2,-550,-1031,1552,2367
4121,207.3,-527,-1057,1581,2383
4122,207.4,-504,-1085,1608,2399
4123,207.5,-480,-1113,1633,2413
4124,207.6,-455,-1142,1656,2426
4125,207.7,-429,-1173,1677,2437
4126,207.8,-404,-1204,1695,2447
4127,207.9,-379,-1235,1710,2457
4128,208,-355,-1268,1724,2467
4129,208.1,-330,-1300,1736,2477
4130,208.2,-306,-1332,1746,2488
4131,208.3,-282,-1364,1755,2499
4132,208.4,-258,-1396,1761,2511
4133,208.5,-235,-1427,1766,2522
4134,208.6,-212,-1459,1769,2534
4135,208.7,-189,-1491,1769,2547
4136,208.8,-165,-1523,1768,2559
4137,208.9,-140,-1553,1764,2571
4138,209,-114,-1583,1760,2583
4139,209.1,-86,-1612,1755,2595
4140,209.2,-57,-1638,1748,2607
4141,209.3,-26,-1663,1740,2620
4142,209.4,6,-1687,1730,2633
4143,209.5,38,-1709,1719,2645
4144,209.6,71,-1730,1706,2657
4145,209.7,104,-1749,1691,2669
4146,209.8,137,-1769,1675,2680
4147,209.9,171,-1787,1658,2691
4148,210,204,-1805,1641,2703
4149,210.1,236,-1822,1622,2714
4150,210.2,269,-1837,1603,2726
4151,210.3,300,-1852,1582,2738
4152,210.4,331,-1866,1561,2748
4153,210.5,361,-1878,1539,2759
4154,210.6,391,-1889,1517,2769
4155,210.7,419,-1898,1494,2778
4156,210.8,448,-1905,1472,2787
4157,210.9,476,-1909,1450,2796
4158,211,504,-1911,1429,2803
4159,211.1,531,-1909,1409,2811
4160,211.2,557,-1905,1390,2817
4161,211.3,582,-1899,1370,2823
4162,211.4,605,-1889,1352,2829
4163,211.5,627,-1878,1333,2832
4164,211.6,647,-1864,1315,2836
4165,211.7,667,-1849,1297,2840
4166,211.8,685,-1832,1279,2844
4167,211.9,703,-1814,1262,2847
4168,212,720,-1794,1246,2851
4169,212.1,737,-1772,1230,2854
4170,212.2,752,-1749,1216,2858
4171,212.3,768,-1725,1202,2863
4172,212.4,783,-1700,1189,2867
4173,212.5,797,-1674,1176,2871
4174,212.6,812,-1647,1163,2875
4175,212.7,827,-1618,1152,2877
4176,212.8,841,-1588,1141,2881
4177,212.9,856,-1556,1131,2885
4178,213,870,-1523,1121,2889
4179,213.1,884,-1487,1111,2893
4180,213.2,897,-1451,1102,2898
4181,213.3,909,-1412,1092,2902
4182,213.4,922,-1374,1083,2907
4183,213.5,935,-1335,1072,2912
4184,213.6,949,-1296,1063,2918
4185,213.7,963,-1257,1055,2925
4186,213.8,978,-1218,1048,2932
4187,213.9,994,-1179,1041,2940
4188,214,1012,-1141,1035,2950
4189,214.1,1030,-1103,1030,2960
4190,214.2,1051,-1066,1026,2970
4191,214.3,1073,-1029,1023,2981
4192,214.4,1096,-992,1020,2991
4193,214.5,1120,-954,1018,3002
4194,214.6,1146,-917,1016,3011
4195,214.7,1172,-880,1014,3019
4196,214.8,1199,-845,1011,3025
4197,214.9,1225,-811,1009,3027
4198,215,1253,-780,1006,3028
4199,215.1,1282,-750,1002,3027
4200,215.2,1311,-723,998,3024
4201,215.3,1341,-699,994,3019
4202,215.4,1371,-677,991,3011
4203,215.5,1403,-659,988,3001
4204,215.6,1435,-643,986,2991
4205,215.7,1468,-629,985,2979
4206,215.8,1502,-617,985,2967
4207,215.9,1536,-606,984,2954
4208,216,1570,-598,984,2938
4209,216.1,1604,-591,982,2923
4210,216.2,1638,-587,980,2906
4211,216.3,1673,-584,978,2889
4212,216.4,1708,-583,975,2872
4213,216.5,1744,-584,973,2854
4214,216.6,1780,-587,972,2836
4215,216.7,1815,-590,970,2818
4216,216.8,1850,-596,970,2802
4217,216.9,1884,-602,971,2786
4218,217,1917,-609,972,2772
4219,217.1,1950,-617,973,2758
4220,217.2,1984,-626,976,2745
4221,217.3,2016,-637,980,2735
4222,217.4,2049,-649,984,2726
4223,217.5,2081,-662,989,2718
4224,217.6,2113,-676,995,2712
4225,217.7,2143,-691,1000,2706
4226,217.8,2172,-706,1005,2699
4227,217.9,2201,-722,1009,2693
4228,218,2228,-737,1013,2687
4229,218.1,2255,-752,1016,2681
4230,218.2,2280,-767,1019,2675
4231,218.3,2305,-781,1022,2668
4232,218.4,2330,-795,1024,2661
4233,218.5,2353,-809,1027,2653
4234,218.6,2376,-824,1030,2646
4235,218.7,2399,-838,1032,2638
4236,218.8,2422,-853,1035,2629
4237,218.9,2445,-867,1037,2619
4238,219,2468,-882,1039,2607
4239,219.1,2490,-896,1041,2596
4240,219.2,2511,-910,1042,2583
4241,219.3,2533,-923,1043,2569
4242,219.4,2555,-936,1044,2554
4243,219.5,2576,-948,1043,2539
4244,219.6,2596,-961,1042,2522
4245,219.7,2615,-973,1038,2506
4246,219.8,2633,-985,1032,2489
4247,219.9,2648,-997,1025,2471
4248,220,2664,-1010,1015,2452
4249,220.1,2680,-1024,1006,2432
4250,220.2,2696,-1037,996,2411
4251,220.3,2713,-1051,986,2388
4252,220.4,2731,-1065,975,2366
4253,220.5,2749,-1078,964,2341
4254,220.6,2767,-1092,952,2315
4255,220.7,2786,-1105,939,2287
4256,220.8,2805,-1117,925,2258
4257,220.9,2825,-1128,910,2227
4258,221,2844,-1139,894,2193
4259,221.1,2863,-1149,877,2160
4260,221.2,2882,-1159,860,2127
4261,221.3,2901,-1169,841,2093
4262,221.4,2919,-1179,821,2059
4263,221.5,2936,-1190,800,2025
4264,221.6,2953,-1201,778,1991
4265,221.7,2970,-1212,754,1957
4266,221.8,2987,-1224,729,1922
4267,221.9,3004,-1236,705,1888
4268,222,3022,-1248,680,1854
4269,222.1,3041,-1260,656,1820
4270,222.2,3059,-1270,633,1786
4271,222.3,3080,-1280,610,1752
4272,222.4,3101,-1289,588,1718
4273,222.5,3122,-1298,567,1684
4274,222.6,3142,-1307,546,1649
4275,222.7,3162,-1316,524,1613
4276,222.8,3182,-1326,503,1577
4277,222.9,3201,-1335,481,1540
4278,223,3219,-1344,458,1503
4279,223.1,3237,-1353,435,1465
4280,223.2,3254,-1361,411,1427
4281,223.3,3270,-1368,388,1389
4282,223.4,3285,-1374,365,1351
4283,223.5,3300,-1378,342,1313
4284,223.6,3314,-1380,320,1276
4285,223.7,3326,-1381,300,1240
4286,223.8,3339,-1380,281,1204
4287,223.9,3352,-1376,263,1169
4288,224,3365,-1369,247,1135
4289,224.1,3378,-1361,233,1102
4290,224.2,3389,-1350,219,1069
4291,224.3,3401,-1338,205,1037
4292,224.4,3411,-1323,192,1005
4293,224.5,3422,-1308,178,973
4294,224.6,3431,-1291,165,943
4295,224.7,3440,-1271,151,913
4296,224.8,3449,-1251,137,884
4297,224.9,3459,-1229,123,857
4298,225,3468,-1206,110,830
4299,225.1,3477,-1181,97,805
4300,225.2,3484,-1155,85,780
4301,225.3,3493,-1127,74,755
4302,225.4,3500,-1098,64,732
4303,225.5,3508,-1068,56,708
4304,225.6,3514,-1037,49,684
4305,225.7,3521,-1006,43,661
4306,225.8,3527,-975,38,637
4307,225.9,3532,-946,35,613
4308,226,3536,-916,33,588
4309,226.1,3539,-888,32,563
4310,226.2,3541,-860,31,537
4311,226.3,3542,-834,31,510
4312,226.4,3542,-809,31,482
4313,226.5,3541,-785,32,453
4314,226.6,3538,-761,33,423
4315,226.7,3536,-738,35,392
4316,226.8,3534,-715,38,361
4317,226.9,3532,-693,42,329
4318,227,3529,-673,48,297
4319,227.1,3527,-654,55,265
4320,227.2,3524,-639,62,232
4321,227.3,3522,-626,70,199
4322,227.4,3519,-615,78,166
4323,227.5,3515,-608,87,133
4324,227.6,3512,-602,96,100
4325,227.7,3509,-599,105,67
4326,227.8,3506,-598,114,33
4327,227.9,3501,-599,123,-1
4328,228,3496,-602,132,-35
4329,228.1,3492,-606,141,-69
4330,228.2,3487,-611,151,-104
4331,228.3,3482,-617,161,-139
4332,228.4,3476,-625,171,-174
4333,228.5,3471,-633,182,-209
4334,228.6,3465,-641,193,-246
4335,228.7,3460,-650,205,-282
4336,228.8,3455,-660,218,-319
4337,228.9,3448,-669,230,-356
4338,229,3442,-677,243,-394
4339,229.1,3435,-685,256,-432
4340,229.2,3428,-692,269,-471
4341,229.3,3419,-697,280,-512
4342,229.4,3409,-701,290,-554
4343,229.5,3399,-704,298,-596
4344,229.6,3388,-704,305,-638
4345,229.7,3378,-703,312,-680
4346,229.8,3366,-700,318,-720
4347,229.9,3355,-696,323,-760
4348,230,3343,-691,327,-799
4349,230.1,3332,-686,330,-837
4350,230.2,3319,-681,332,-876
4351,230.3,3306,-675,333,-914
4352,230.4,3293,-670,333,-951
4353,230.5,3280,-664,331,-987
4354,230.6,3267,-658,329,-1021
4355,230.7,3253,-652,325,-1054
4356,230.8,3239,-644,321,-1084
4357,230.9,3225,-636,317,-1113
4358,231,3210,-626,312,-1139
4359,231.1,3195,-614,305,-1162
4360,231.2,3180,-602,296,-1183
4361,231.3,3164,-589,286,-1202
4362,231.4,3148,-575,274,-1218
4363,231.5,3132,-560,260,-1233
4364,231.6,3116,-544,245,-1245
4365,231.7,3100,-527,228,-1255
4366,231.8,3084,-509,209,-1265
4367,231.9,3066,-490,189,-1275
4368,232,3049,-470,169,-1285
4369,232.1,3033,-449,148,-1295
4370,232.2,3016,-427,126,-1305
4371,232.3,2999,-404,105,-1315
4372,232.4,2981,-380,83,-1325
4373,232.5,2964,-355,61,-1335
4374,232.6,2946,-329,39,-1346
4375,232.7,2928,-302,16,-1356
4376,232.8,2910,-276,-7,-1368
4377,232.9,2892,-250,-31,-1379
4378,233,2872,-225,-55,-1393
4379,233.1,2854,-201,-80,-1408
4380,233.2,2835,-179,-106,-1425
4381,233.3,2815,-158,-132,-1443
4382,233.4,2796,-138,-159,-1463
4383,233.5,2775,-119,-185,-1483
4384,233.6,2752,-100,-211,-1505
4385,233.7,2730,-83,-238,-1528
4386,233.8,2706,-66,-265,-1551
4387,233.9,2681,-50,-291,-1576
4388,234,2656,-34,-317,-1600
4389,234.1,2630,-18,-342,-1627
4390,234.2,2603,-3,-366,-1654
4391,234.3,2577,11,-390,-1683
4392,234.4,2550,24,-413,-1713
4393,234.5,2523,35,-436,-1745
4394,234.6,2496,45,-459,-1778
4395,234.7,2468,53,-482,-1812
4396,234.8,2438,59,-505,-1848
4397,234.9,2409,64,-528,-1884
4398,235,2380,67,-551,-1919
4399,235.1,2349,69,-574,-1956
4400,235.2,2319,69,-596,-1994
4401,235.3,2288,67,-618,-2031
4402,235.4,2256,64,-640,-2068
4403,235.5,2224,60,-661,-2104
4404,235.6,2192,54,-681,-2140
4405,235.7,2159,48,-701,-2175
4406,235.8,2126,39,-722,-2209
4407,235.9,2092,30,-744,-2243
4408,236,2058,18,-765,-2277
4409,236.1,2023,5,-787,-2309
4410,236.2,1988,-9,-809,-2341
4411,236.3,1951,-24,-832,-2371
4412,236.4,1916,-39,-854,-2401
4413,236.5,1879,-54,-877,-2427
4414,236.6,1842,-69,-900,-2453
4415,236.7,1803,-84,-923,-2477
4416,236.8,1763,-97,-945,-2500
4417,236.9,1722,-110,-967,-2521
4418,237,1680,-121,-986,-2541
4419,237.1,1639,-131,-1003,-2560
4420,237.2,1598,-139,-1017,-2576
4421,237.3,1562,-144,-1029,-2594
4422,237.4,1528,-148,-1039,-2610
4423,237.5,1494,-150,-1046,-2628
4424,237.6,1457,-149,-1052,-2645
4425,237.7,1412,-146,-1057,-2663
4426,237.8,1357,-142,-1060,-2682
4427,237.9,1294,-136,-1062,-2703
4428,238,1228,-129,-1062,-2725
4429,238.1,1166,-120,-1060,-2748
4430,238.2,1113,-109,-1056,-2771
4431,238.3,1071,-97,-1050,-2795
4432,238.4,1036,-83,-1041,-2818
4433,238.5,1006,-68,-1030,-2842
4434,238.6,976,-51,-1016,-2866
4435,238.7,943,-34,-1000,-2891
4436,238.8,907,-16,-981,-2915
4437,238.9,868,3,-961,-2940
4438,239,827,23,-940,-2964
4439,239.1,786,45,-917,-2990
4440,239.2,744,67,-894,-3015
4441,239.3,702,90,-871,-3040
4442,239.4,660,115,-847,-3066
4443,239.5,618,140,-823,-3090
4444,239.6,577,166,-799,-3116
4445,239.7,535,192,-775,-3142
4446,239.8,494,219,-750,-3169
4447,239.9,452,247,-726,-3197
4448,240,410,274,-702,-3224
4449,240.1,368,302,-679,-3254
4450,240.2,326,329,-656,-3286
4451,240.3,283,356,-634,-3319
4452,240.4,240,383,-613,-3355
4453,240.5,196,408,-593,-3391
4454,240.6,151,433,-573,-3431
4455,240.7,106,458,-555,-3472
4456,240.8,60,482,-536,-3514
4457,240.9,14,505,-519,-3558
4458,241,-33,527,-502,-3601
4459,241.1,-81,548,-486,-3647
4460,241.2,-131,569,-472,-3694
4461,241.3,-181,588,-458,-3741
4462,241.4,-232,607,-446,-3787
4463,241.5,-283,625,-435,-3834
4464,241.6,-336,642,-424,-3882
4465,241.7,-389,659,-415,-3929
4466,241.8,-443,675,-407,-3975
4467,241.9,-497,691,-398,-4019
4468,242,-552,707,-389,-4062
4469,242.1,-607,723,-379,-4104
4470,242.2,-662,739,-368,-4143
4471,242.3,-717,756,-356,-4179
4472,242.4,-772,772,-343,-4213
4473,242.5,-828,789,-330,-4245
4474,242.6,-885,805,-317,-4275
4475,242.7,-941,821,-304,-4300
4476,242.8,-999,837,-291,-4324
4477,242.9,-1057,853,-278,-4345
4478,243,-1117,869,-265,-4362
4479,243.1,-1177,885,-253,-4379
4480,243.2,-1239,901,-240,-4392
4481,243.3,-1302,916,-229,-4403
4482,243.4,-1365,930,-217,-4411
4483,243.5,-1430,944,-205,-4417
4484,243.6,-1494,957,-193,-4420
4485,243.7,-1559,969,-181,-4421
4486,243.8,-1624,981,-169,-4418
4487,243.9,-1690,993,-157,-4414
4488,244,-1757,1002,-146,-4409
4489,244.1,-1824,1012,-137,-4401
4490,244.2,-1892,1021,-128,-4393
4491,244.3,-1960,1029,-119,-4384
4492,244.4,-2029,1037,-112,-4374
4493,244.5,-2098,1045,-105,-4363
4494,244.6,-2169,1052,-100,-4351
4495,244.7,-2241,1060,-96,-4340
4496,244.8,-2313,1068,-93,-4328
4497,244.9,-2385,1077,-92,-4314
4498,245,-2457,1086,-93,-4301
4499,245.1,-2529,1095,-96,-4287
4500,245.2,-2601,1106,-101,-4274
4501,245.3,-2673,1117,-108,-4259
4502,245.4,-2744,1128,-117,-4246
4503,245.5,-2815,1141,-127,-4234
4504,245.6,-2885,1155,-139,-4222
4505,245.7,-2953,1171,-151,-4209
4506,245.8,-3021,1188,-165,-4199
4507,245.9,-3089,1205,-179,-4189
4508,246,-3156,1224,-193,-4181
4509,246.1,-3223,1242,-207,-4174
4510,246.2,-3288,1261,-222,-4168
4511,246.3,-3355,1281,-235,-4164
4512,246.4,-3420,1301,-248,-4159
4513,246.5,-3486,1323,-260,-4155
4514,246.6,-3551,1344,-270,-4152
4515,246.7,-3615,1366,-279,-4149
4516,246.8,-3679,1388,-287,-4145
4517,246.9,-3743,1409,-294,-4143
4518,247,-3806,1431,-300,-4140
4519,247.1,-3869,1453,-306,-4137
4520,247.2,-3930,1475,-311,-4133
4521,247.3,-3991,1498,-314,-4129
4522,247.4,-4051,1522,-317,-4125
4523,247.5,-4109,1545,-320,-4120
4524,247.6,-4165,1569,-322,-4114
4525,247.7,-4221,1592,-325,-4108
4526,247.8,-4276,1616,-328,-4102
4527,247.9,-4330,1639,-331,-4097
4528,248,-4382,1663,-334,-4090
4529,248.1,-4433,1687,-337,-4084
4530,248.2,-4483,1712,-339,-4079
4531,248.3,-4529,1737,-339,-4073
4532,248.4,-4575,1762,-337,-4067
4533,248.5,-4618,1788,-335,-4062
4534,248.6,-4658,1814,-333,-4057
4535,248.7,-4696,1840,-330,-4052
4536,248.8,-4732,1866,-326,-4047
4537,248.9,-4765,1891,-323,-4043
4538,249,-4797,1916,-320,-4040
4539,249.1,-4827,1940,-318,-4037
4540,249.2,-4857,1963,-317,-4034
4541,249.3,-4886,1985,-317,-4031
4542,249.4,-4914,2006,-319,-4029
4543,249.5,-4942,2025,-322,-4026
4544,249.6,-4970,2042,-326,-4023
4545,249.7,-4997,2057,-330,-4019
4546,249.8,-5024,2071,-335,-4016
4547,249.9,-5050,2084,-341,-4012
4548,250,-5074,2095,-346,-4008
4549,250.1,-5098,2105,-352,-4002
4550,250.2,-5120,2115,-358,-3997
4551,250.3,-5138,2124,-363,-3991
4552,250.4,-5156,2132,-368,-3985
4553,250.5,-5170,2139,-372,-3977
4554,250.6,-5183,2147,-376,-3970
4555,250.7,-5191,2153,-378,-3961
4556,250.8,-5199,2160,-380,-3951
4557,250.9,-5203,2165,-381,-3940
4558,251,-5204,2170,-380,-3928
4559,251.1,-5205,2175,-379,-3916
4560,251.2,-5203,2179,-377,-3904
4561,251.3,-5199,2182,-375,-3891
4562,251.4,-5194,2187,-372,-3878
4563,251.5,-5188,2192,-368,-3865
4564,251.6,-5180,2197,-363,-3853
4565,251.7,-5171,2202,-357,-3839
4566,251.8,-5161,2208,-350,-3826
4567,251.9,-5148,2212,-343,-3813
4568,252,-5134,2215,-335,-3801
4569,252.1,-5120,2217,-326,-3788
4570,252.2,-5103,2219,-317,-3773
4571,252.3,-5086,2221,-307,-3759
4572,252.4,-5068,2221,-296,-3744
4573,252.5,-5050,2220,-284,-3728
4574,252.6,-5029,2218,-271,-3711
4575,252.7,-5010,2213,-258,-3694
4576,252.8,-4989,2207,-246,-3677
4577,252.9,-4966,2200,-233,-3660
4578,253,-4942,2191,-220,-3643
4579,253.1,-4916,2182,-207,-3626
4580,253.2,-4887,2170,-195,-3609
4581,253.3,-4857,2157,-184,-3593
4582,253.4,-4824,2143,-173,-3576
4583,253.5,-4791,2127,-163,-3558
4584,253.6,-4755,2110,-156,-3541
4585,253.7,-4719,2091,-149,-3523
4586,253.8,-4682,2071,-145,-3504
4587,253.9,-4643,2050,-142,-3484
4588,254,-4604,2028,-142,-3463
4589,254.1,-4564,2005,-143,-3443
4590,254.2,-4524,1982,-146,-3422
4591,254.3,-4483,1958,-150,-3400
4592,254.4,-4444,1935,-156,-3377
4593,254.5,-4405,1912,-164,-3354
4594,254.6,-4365,1889,-172,-3329
4595,254.7,-4327,1867,-181,-3304
4596,254.8,-4290,1846,-191,-3277
4597,254.9,-4253,1825,-202,-3249
4598,255,-4215,1805,-212,-3220
4599,255.1,-4177,1785,-223,-3191
4600,255.2,-4140,1766,-233,-3160
4601,255.3,-4101,1748,-244,-3129
4602,255.4,-4061,1730,-254,-3097
4603,255.5,-4021,1713,-265,-3065
4604,255.6,-3980,1696,-276,-3033
4605,255.7,-3939,1678,-287,-3000
4606,255.8,-3895,1661,-298,-2968
4607,255.9,-3850,1644,-309,-2934
4608,256,-3805,1627,-320,-2899
4609,256.1,-3758,1611,-330,-2864
4610,256.2,-3710,1596,-341,-2828
4611,256.3,-3661,1583,-351,-2791
4612,256.4,-3613,1571,-361,-2754
4613,256.5,-3566,1559,-370,-2716
4614,256.6,-3518,1550,-379,-2677
4615,256.7,-3471,1542,-386,-2637
4616,256.8,-3424,1535,-393,-2596
4617,256.9,-3379,1530,-399,-2555
4618,257,-3334,1525,-404,-2513
4619,257.1,-3291,1522,-408,-2470
4620,257.2,-3247,1518,-413,-2425
4621,257.3,-3204,1516,-417,-2381
4622,257.4,-3162,1514,-422,-2336
4623,257.5,-3120,1513,-426,-2290
4624,257.6,-3076,1513,-430,-2243
4625,257.7,-3031,1513,-435,-2195
4626,257.8,-2986,1513,-440,-2147
4627,257.9,-2941,1514,-446,-2096
4628,258,-2895,1515,-452,-2046
4629,258.1,-2849,1516,-459,-1995
4630,258.2,-2803,1516,-466,-1944
4631,258.3,-2755,1516,-474,-1893
4632,258.4,-2708,1516,-482,-1842
4633,258.5,-2661,1514,-491,-1791
4634,258.6,-2613,1513,-500,-1740
4635,258.7,-2565,1510,-509,-1689
4636,258.8,-2516,1508,-520,-1638
4637,258.9,-2465,1505,-533,-1589
4638,259,-2415,1503,-547,-1542
4639,259.1,-2366,1500,-564,-1495
4640,259.2,-2316,1497,-583,-1450
4641,259.3,-2268,1491,-606,-1406
4642,259.4,-2221,1487,-630,-1363
4643,259.5,-2174,1482,-657,-1321
4644,259.6,-2128,1478,-685,-1278
4645,259.7,-2084,1474,-715,-1236
4646,259.8,-2040,1470,-745,-1194
4647,259.9,-1999,1468,-777,-1151
4648,260,-1958,1466,-808,-1111
4649,260.1,-1919,1464,-840,-1072
4650,260.2,-1881,1464,-872,-1034
4651,260.3,-1844,1465,-904,-998
4652,260.4,-1807,1466,-935,-964
4653,260.5,-1772,1468,-967,-931
4654,260.6,-1737,1472,-999,-899
4655,260.7,-1703,1476,-1030,-868
4656,260.8,-1670,1482,-1062,-838
4657,260.9,-1638,1487,-1094,-808
4658,261,-1607,1493,-1126,-778
4659,261.1,-1577,1499,-1160,-748
4660,261.2,-1548,1505,-1193,-718
4661,261.3,-1521,1511,-1226,-689
4662,261.4,-1492,1517,-1258,-659
4663,261.5,-1466,1522,-1289,-630
4664,261.6,-1439,1528,-1320,-600
4665,261.7,-1413,1533,-1349,-571
4666,261.8,-1387,1537,-1377,-542
4667,261.9,-1361,1541,-1403,-511
4668,262,-1334,1545,-1428,-480
4669,262.1,-1307,1547,-1451,-448
4670,262.2,-1278,1550,-1471,-414
4671,262.3,-1250,1551,-1490,-378
4672,262.4,-1221,1552,-1506,-340
4673,262.5,-1193,1552,-1520,-301
4674,262.6,-1163,1549,-1531,-261
4675,262.7,-1135,1547,-1540,-220
4676,262.8,-1107,1543,-1546,-179
4677,262.9,-1079,1538,-1550,-138
4678,263,-1051,1532,-1552,-97
4679,263.1,-1023,1524,-1552,-56
4680,263.2,-996,1515,-1548,-16
4681,263.3,-972,1504,-1542,24
4682,263.4,-959,1492,-1533,64
4683,263.5,-962,1479,-1522,104
4684,263.6,-985,1465,-1508,144
4685,263.7,-1029,1448,-1492,184
4686,263.8,-1091,1430,-1473,224
4687,263.9,-1161,1412,-1452,264
4688,264,-1228,1392,-1428,304
4689,264.1,-1282,1370,-1402,344
4690,264.2,-1314,1348,-1375,383
4691,264.3,-1319,1323,-1346,421
4692,264.4,-1296,1298,-1314,457
4693,264.5,-1246,1272,-1284,490
4694,264.6,-1174,1244,-1253,522
4695,264.7,-1086,1216,-1222,549
4696,264.8,-990,1187,-1191,576
4697,264.9,-892,1157,-1161,600
4698,265,-803,1127,-1132,622
4699,265.1,-727,1096,-1103,642
4700,265.2,-672,1065,-1075,661
4701,265.3,-639,1033,-1047,678
4702,265.4,-629,1001,-1021,695
4703,265.5,-640,968,-995,710
4704,265.6,-670,936,-971,724
4705,265.7,-713,904,-948,738
4706,265.8,-762,872,-926,751
4707,265.9,-809,841,-907,764
4708,266,-846,810,-889,777
4709,266.1,-865,780,-874,789
4710,266.2,-859,750,-859,801
4711,266.3,-826,722,-847,812
4712,266.4,-766,693,-835,823
4713,266.5,-683,665,-825,833
4714,266.6,-583,636,-818,842
4715,266.7,-475,606,-812,849
4716,266.8,-366,576,-808,855
4717,266.9,-262,546,-806,861
4718,267,-169,517,-806,865
4719,267.1,-88,488,-808,871
4720,267.2,-23,460,-811,876
4721,267.3,26,433,-816,880
4722,267.4,55,406,-822,885
4723,267.5,66,380,-830,891
4724,267.6,57,355,-838,897
4725,267.7,34,331,-846,904
4726,267.8,2,307,-854,913
4727,267.9,-30,283,-862,922
4728,268,-53,260,-870,932
4729,268.1,-59,236,-878,943
4730,268.2,-44,213,-886,954
4731,268.3,-6,188,-893,967
4732,268.4,54,163,-900,980
4733,268.5,132,137,-906,994
4734,268.6,224,109,-912,1010
4735,268.7,323,80,-916,1025
4736,268.8,424,49,-919,1042
4737,268.9,519,16,-921,1059
4738,269,605,-18,-922,1077
4739,269.1,677,-53,-921,1096
4740,269.2,733,-90,-920,1116
4741,269.3,770,-128,-917,1136
4742,269.4,790,-167,-914,1158
4743,269.5,793,-206,-911,1181
4744,269.6,785,-246,-906,1205
4745,269.7,772,-286,-902,1231
4746,269.8,762,-326,-899,1256
4747,269.9,763,-366,-896,1282
4748,270,782,-406,-892,1308
4749,270.1,822,-445,-888,1333
4750,270.2,883,-483,-884,1358
4751,270.3,963,-522,-879,1383
4752,270.4,1058,-560,-875,1408
4753,270.5,1163,-599,-870,1433
4754,270.6,1270,-638,-864,1458
4755,270.7,1375,-675,-857,1482
4756,270.8,1473,-712,-849,1505
4757,270.9,1560,-747,-840,1525
4758,271,1636,-781,-831,1540
4759,271.1,1700,-813,-820,1549
4760,271.2,1752,-844,-809,1549
4761,271.3,1793,-872,-798,1541
4762,271.4,1820,-899,-786,1524
4763,271.5,1836,-924,-773,1500
4764,271.6,1842,-948,-761,1469
4765,271.7,1844,-970,-749,1435
4766,271.8,1846,-991,-737,1402
4767,271.9,1855,-1011,-726,1373
4768,272,1874,-1030,-714,1350
4769,272.1,1903,-1048,-702,1334
4770,272.2,1945,-1064,-689,1325
4771,272.3,1997,-1079,-677,1322
4772,272.4,2055,-1092,-665,1322
4773,272.5,2116,-1104,-652,1326
4774,272.6,2177,-1113,-640,1330
4775,272.7,2236,-1122,-629,1334
4776,272.8,2289,-1129,-618,1335
4777,272.9,2335,-1134,-607,1334
4778,273,2377,-1138,-597,1329
4779,273.1,2411,-1141,-588,1321
4780,273.2,2438,-1143,-580,1310
4781,273.3,2459,-1144,-572,1295
4782,273.4,2477,-1144,-566,1279
4783,273.5,2493,-1144,-559,1263
4784,273.6,2511,-1143,-551,1249
4785,273.7,2538,-1142,-542,1239
4786,273.8,2572,-1141,-533,1234
4787,273.9,2613,-1140,-524,1235
4788,274,2660,-1139,-514,1240
4789,274.1,2708,-1137,-504,1247
4790,274.2,2755,-1137,-495,1254
4791,274.3,2801,-1136,-486,1262
4792,274.4,2845,-1136,-478,1270
4793,274.5,2888,-1136,-470,1277
4794,274.6,2936,-1135,-464,1285
4795,274.7,2997,-1135,-459,1294
4796,274.8,3085,-1135,-455,1304
4797,274.9,3225,-1135,-452,1317
4798,275,3441,-1135,-450,1331
4799,275.1,3756,-1136,-448,1350
4800,275.2,4170,-1138,-447,1374
4801,275.3,4657,-1139,-446,1401
4802,275.4,5166,-1141,-444,1431
4803,275.5,5636,-1143,-441,1461
4804,275.6,6019,-1146,-437,1489
4805,275.7,6297,-1150,-432,1512
4806,275.8,6477,-1155,-427,1534
4807,275.9,6579,-1162,-422,1556
4808,276,6633,-1170,-415,1584
4809,276.1,6658,-1178,-407,1625
4810,276.2,6667,-1188,-398,1692
4811,276.3,6670,-1199,-389,1789
4812,276.4,6673,-1211,-379,1919
4813,276.5,6674,-1223,-369,2072
4814,276.6,6675,-1236,-358,2233
4815,276.7,6676,-1249,-346,2383
4816,276.8,6676,-1263,-335,2509
4817,276.9,6676,-1277,-323,2603
4818,277,6675,-1292,-312,2670
4819,277.1,6673,-1309,-301,2716
4820,277.2,6672,-1326,-289,2749
4821,277.3,6671,-1343,-277,2775
4822,277.4,6671,-1361,-264,2797
4823,277.5,6672,-1379,-251,2816
4824,277.6,6673,-1398,-237,2836
4825,277.7,6675,-1417,-224,2856
4826,277.8,6678,-1437,-210,2874
4827,277.9,6683,-1456,-196,2891
4828,278,6689,-1475,-183,2907
4829,278.1,6696,-1492,-171,2921
4830,278.2,6705,-1509,-160,2934
4831,278.3,6713,-1525,-149,2946
4832,278.4,6723,-1539,-138,2955
4833,278.5,6733,-1553,-127,2964
4834,278.6,6741,-1566,-116,2969
4835,278.7,6749,-1577,-104,2974
4836,278.8,6753,-1588,-91,2977
4837,278.9,6756,-1598,-79,2979
4838,279,6755,-1608,-65,2979
4839,279.1,6751,-1616,-52,2978
4840,279.2,6743,-1624,-40,2974
4841,279.3,6731,-1632,-28,2970
4842,279.4,6716,-1638,-17,2964
4843,279.5,6696,-1643,-6,2958
4844,279.6,6674,-1647,4,2950
4845,279.7,6648,-1649,13,2940
4846,279.8,6618,-1650,20,2931
4847,279.9,6586,-1648,27,2920
4848,280,6552,-1645,32,2909
4849,280.1,6517,-1638,38,2898
4850,280.2,6482,-1631,44,2886
4851,280.3,6445,-1622,51,2874
4852,280.4,6409,-1611,60,2863
4853,280.5,6371,-1599,70,2852
4854,280.6,6334,-1586,80,2840
4855,280.7,6296,-1573,92,2828
4856,280.8,6256,-1559,105,2815
4857,280.9,6217,-1545,117,2800
4858,281,6177,-1531,131,2786
4859,281.1,6137,-1517,144,2770
4860,281.2,6096,-1502,158,2753
4861,281.3,6055,-1489,171,2735
4862,281.4,6014,-1477,184,2717
4863,281.5,5972,-1465,197,2696
4864,281.6,5929,-1453,211,2677
4865,281.7,5887,-1442,224,2657
4866,281.8,5844,-1432,236,2636
4867,281.9,5799,-1422,248,2615
4868,282,5754,-1413,260,2594
4869,282.1,5708,-1405,271,2573
4870,282.2,5662,-1396,282,2552
4871,282.3,5615,-1388,291,2532
4872,282.4,5566,-1381,299,2511
4873,282.5,5516,-1375,306,2491
4874,282.6,5464,-1370,313,2471
4875,282.7,5411,-1366,318,2449
4876,282.8,5359,-1362,322,2429
4877,282.9,5306,-1360,325,2408
4878,283,5253,-1358,327,2388
4879,283.1,5201,-1356,328,2368
4880,283.2,5150,-1356,329,2348
4881,283.3,5100,-1356,330,2329
4882,283.4,5049,-1356,330,2309
4883,283.5,5001,-1355,330,2291
4884,283.6,4953,-1355,331,2273
4885,283.7,4906,-1356,332,2257
4886,283.8,4860,-1356,333,2240
4887,283.9,4814,-1356,335,2225
4888,284,4768,-1356,337,2209
4889,284.1,4723,-1357,338,2194
4890,284.2,4678,-1357,339,2178
4891,284.3,4632,-1359,339,2163
4892,284.4,4583,-1361,338,2148
4893,284.5,4533,-1365,335,2132
4894,284.6,4482,-1370,331,2117
4895,284.7,4427,-1374,326,2101
4896,284.8,4371,-1380,320,2085
4897,284.9,4312,-1386,314,2068
4898,285,4251,-1392,308,2051
4899,285.1,4184,-1397,302,2035
4900,285.2,4115,-1403,296,2018
4901,285.3,4043,-1408,290,2002
4902,285.4,3967,-1413,285,1986
4903,285.5,3887,-1418,281,1971
4904,285.6,3805,-1422,278,1958
4905,285.7,3721,-1427,275,1944
4906,285.8,3633,-1431,274,1933
4907,285.9,3543,-1436,272,1923
4908,286,3449,-1441,271,1913
4909,286.1,3353,-1448,270,1904
4910,286.2,3254,-1455,269,1896
4911,286.3,3154,-1462,267,1887
4912,286.4,3049,-1470,265,1877
4913,286.5,2944,-1478,262,1866
4914,286.6,2836,-1485,257,1853
4915,286.7,2726,-1493,253,1840
4916,286.8,2615,-1500,249,1825
4917,286.9,2501,-1506,244,1808
4918,287,2384,-1509,238,1790
4919,287.1,2266,-1513,232,1769
4920,287.2,2144,-1515,225,1747
4921,287.3,2019,-1517,217,1723
4922,287.4,1891,-1517,207,1698
4923,287.5,1761,-1515,198,1671
4924,287.6,1627,-1512,189,1646
4925,287.7,1492,-1507,180,1619
4926,287.8,1355,-1501,172,1593
4927,287.9,1216,-1494,164,1566
4928,288,1076,-1487,158,1538
4929,288.1,936,-1478,152,1509
4930,288.2,796,-1470,148,1479
4931,288.3,656,-1461,145,1448
4932,288.4,517,-1452,144,1415
4933,288.5,380,-1443,144,1381
4934,288.6,245,-1433,146,1344
4935,288.7,111,-1423,150,1308
4936,288.8,-21,-1411,156,1271
4937,288.9,-151,-1400,161,1233
4938,289,-279,-1388,167,1195
4939,289.1,-406,-1376,172,1157
4940,289.2,-532,-1362,177,1119
4941,289.3,-656,-1350,180,1082
4942,289.4,-780,-1338,183,1045
4943,289.5,-902,-1325,184,1009
4944,289.6,-1024,-1312,185,974
4945,289.7,-1145,-1300,184,939
4946,289.8,-1265,-1287,182,904
4947,289.9,-1385,-1274,179,869
4948,290,-1505,-1260,176,835
4949,290.1,-1624,-1247,172,800
4950,290.2,-1743,-1234,167,766
4951,290.3,-1862,-1221,162,733
4952,290.4,-1981,-1208,157,700
4953,290.5,-2099,-1193,152,668
4954,290.6,-2217,-1179,146,637
4955,290.7,-2334,-1164,140,606
4956,290.8,-2450,-1148,133,576
4957,290.9,-2566,-1133,125,546
4958,291,-2681,-1117,116,515
4959,291.1,-2795,-1102,107,485
4960,291.2,-2907,-1086,97,454
4961,291.3,-3017,-1070,87,422
4962,291.4,-3125,-1054,77,390
4963,291.5,-3233,-1038,67,356
4964,291.6,-3340,-1021,55,322
4965,291.7,-3446,-1005,42,286
4966,291.8,-3551,-989,27,249
4967,291.9,-3656,-974,11,212
4968,292,-3760,-957,-6,173
4969,292.1,-3865,-942,-24,134
4970,292.2,-3969,-928,-43,94
4971,292.3,-4073,-914,-63,54
4972,292.4,-4177,-900,-85,14
4973,292.5,-4280,-887,-107,-26
4974,292.6,-4382,-873,-130,-67
4975,292.7,-4484,-860,-154,-108
4976,292.8,-4591,-845,-177,-149
4977,292.9,-4704,-830,-200,-189
4978,293,-4823,-814,-223,-229
4979,293.1,-4945,-798,-245,-268
4980,293.2,-5062,-780,-266,-306
4981,293.3,-5165,-761,-287,-343
4982,293.4,-5244,-741,-307,-378
4983,293.5,-5298,-721,-327,-412
4984,293.6,-5324,-699,-345,-444
4985,293.7,-5325,-677,-363,-474
4986,293.8,-5310,-655,-379,-503
4987,293.9,-5286,-632,-396,-531
4988,294,-5261,-608,-412,-556
4989,294.1,-5246,-585,-428,-581
4990,294.2,-5249,-561,-442,-603
4991,294.3,-5274,-537,-457,-623
4992,294.4,-5328,-512,-471,-642
4993,294.5,-5410,-488,-485,-659
4994,294.6,-5515,-464,-500,-676
4995,294.7,-5641,-440,-516,-690
4996,294.8,-5775,-417,-533,-703
4997,294.9,-5907,-395,-550,-713
4998,295,-6028,-373,-567,-719
4999,295.1,-6129,-353,-584,-724
5000,295.2,-6204,-333,-600,-727
5001,295.3,-6254,-313,-617,-728
5002,295.4,-6277,-293,-632,-726
5003,295.5,-6279,-272,-646,-721
5004,295.6,-6259,-251,-660,-715
5005,295.7,-6222,-229,-673,-705
5006,295.8,-6172,-206,-686,-693
5007,295.9,-6111,-181,-699,-679
5008,296,-6040,-155,-711,-662
5009,296.1,-5966,-127,-723,-642
5010,296.2,-5887,-97,-735,-619
5011,296.3,-5810,-65,-746,-594
5012,296.4,-5739,-32,-758,-568
5013,296.5,-5678,3,-770,-539
5014,296.6,-5631,39,-782,-508
5015,296.7,-5603,76,-794,-475
5016,296.8,-5591,113,-806,-440
5017,296.9,-5595,151,-818,-403
5018,297,-5607,189,-829,-363
5019,297.1,-5618,227,-838,-321
5020,297.2,-5622,265,-847,-277
5021,297.3,-5612,301,-854,-232
5022,297.4,-5584,337,-862,-185
5023,297.5,-5539,371,-870,-137
5024,297.6,-5482,404,-878,-88
5025,297.7,-5414,434,-886,-39
5026,297.8,-5346,463,-894,11
5027,297.9,-5279,490,-901,61
5028,298,-5217,516,-907,112
5029,298.1,-5164,540,-911,164
5030,298.2,-5122,562,-915,215
5031,298.3,-5092,582,-918,266
5032,298.4,-5077,599,-920,317
5033,298.5,-5075,615,-922,367
5034,298.6,-5085,628,-924,417
5035,298.7,-5107,639,-925,467
5036,298.8,-5137,648,-926,516
5037,298.9,-5170,657,-926,566
5038,299,-5203,665,-926,615
5039,299.1,-5233,672,-926,664
5040,299.2,-5256,678,-926,713
5041,299.3,-5272,684,-926,760
5042,299.4,-5282,690,-927,807
5043,299.5,-5290,695,-927,853
5044,299.6,-5294,700,-927,897
5045,299.7,-5298,704,-927,939
5046,299.8,-5303,707,-926,979
5047,299.9,-5308,710,-924,1017
5048,300,-5316,711,-921,1053
5049,300.1,-5328,712,-918,1087
5050,300.2,-5344,711,-913,1119
5051,300.3,-5370,709,-907,1149
5052,300.4,-5405,707,-899,1179
5053,300.5,-5449,703,-888,1207
5054,300.6,-5498,698,-875,1235
5055,300.7,-5545,694,-861,1263
5056,300.8,-5577,689,-844,1289
5057,300.9,-5589,684,-825,1315
5058,301,-5576,679,-807,1339
5059,301.1,-5538,674,-788,1362
5060,301.2,-5487,668,-769,1383
5061,301.3,-5427,663,-749,1402
5062,301.4,-5364,658,-730,1419
5063,301.5,-5302,654,-709,1434
5064,301.6,-5242,651,-687,1448
5065,301.7,-5184,647,-665,1460
5066,301.8,-5130,645,-641,1470
5067,301.9,-5082,643,-617,1479
5068,302,-5041,641,-591,1486
5069,302.1,-5010,640,-565,1491
5070,302.2,-4990,640,-537,1495
5071,302.3,-4978,640,-508,1499
5072,302.4,-4976,641,-478,1502
5073,302.5,-4978,643,-448,1505
5074,302.6,-4981,645,-416,1507
5075,302.7,-4981,646,-385,1507
5076,302.8,-4978,648,-354,1508
5077,302.9,-4970,649,-324,1508
5078,303,-4957,648,-294,1508
5079,303.1,-4941,647,-266,1507
5080,303.2,-4922,644,-238,1505
5081,303.3,-4898,639,-211,1503
5082,303.4,-4873,633,-185,1500
5083,303.5,-4849,626,-160,1497
5084,303.6,-4830,618,-134,1493
5085,303.7,-4827,608,-109,1489
5086,303.8,-4854,599,-85,1487
5087,303.9,-4932,590,-62,1484
5088,304,-5076,582,-40,1483
5089,304.1,-5295,573,-19,1481
5090,304.2,-5574,566,1,1480
5091,304.3,-5874,559,20,1479
5092,304.4,-6147,553,39,1479
5093,304.5,-6345,549,58,1479
5094,304.6,-6445,545,76,1480
5095,304.7,-6456,542,95,1481
5096,304.8,-6409,541,113,1483
5097,304.9,-6339,540,131,1484
5098,305,-6270,541,149,1487
5099,305.1,-6206,542,168,1490
5100,305.2,-6143,544,187,1494
5101,305.3,-6074,547,208,1500
5102,305.4,-5998,551,229,1508
5103,305.5,-5926,555,252,1517
5104,305.6,-5864,560,276,1528
5105,305.7,-5822,564,299,1539
5106,305.8,-5796,568,324,1552
5107,305.9,-5783,573,348,1563
5108,306,-5777,578,373,1576
5109,306.1,-5775,583,397,1588
5110,306.2,-5773,588,420,1600
5111,306.3,-5777,593,442,1611
5112,306.4,-5791,599,462,1622
5113,306.5,-5824,604,482,1632
5114,306.6,-5886,608,501,1643
5115,306.7,-5986,614,519,1654
5116,306.8,-6123,619,536,1666
5117,306.9,-6289,624,552,1678
5118,307,-6462,628,568,1692
5119,307.1,-6623,633,584,1707
5120,307.2,-6755,636,599,1723
5121,307.3,-6847,640,613,1739
5122,307.4,-6905,643,627,1755
5123,307.5,-6935,646,641,1772
5124,307.6,-6949,647,653,1790
5125,307.7,-6953,649,664,1807
5126,307.8,-6953,649,674,1824
5127,307.9,-6951,648,683,1839
5128,308,-6948,646,691,1855
5129,308.1,-6945,644,697,1870
5130,308.2,-6940,641,704,1886
5131,308.3,-6933,638,711,1903
5132,308.4,-6924,634,718,1920
5133,308.5,-6912,629,725,1937
5134,308.6,-6900,624,730,1954
5135,308.7,-6884,618,734,1970
5136,308.8,-6868,611,736,1988
5137,308.9,-6849,604,736,2006
5138,309,-6830,596,735,2024
5139,309.1,-6810,588,733,2042
5140,309.2,-6787,578,729,2060
5141,309.3,-6763,570,725,2076
5142,309.4,-6736,562,719,2092
5143,309.5,-6707,555,713,2108
5144,309.6,-6675,548,707,2121
5145,309.7,-6640,542,701,2134
5146,309.8,-6602,536,695,2147
5147,309.9,-6560,531,689,2159
5148,310,-6517,527,684,2170
5149,310.1,-6469,523,680,2181
5150,310.2,-6417,519,678,2192
5151,310.3,-6362,516,679,2202
5152,310.4,-6302,513,680,2213
5153,310.5,-6240,509,684,2224
5154,310.6,-6173,505,688,2234
5155,310.7,-6103,500,693,2243
5156,310.8,-6031,494,697,2252
5157,310.9,-5954,488,701,2259
5158,311,-5876,481,705,2263
5159,311.1,-5796,473,709,2267
5160,311.2,-5712,465,712,2269
5161,311.3,-5628,457,715,2269
5162,311.4,-5542,450,717,2268
5163,311.5,-5453,443,718,2264
5164,311.6,-5363,436,719,2259
5165,311.7,-5272,431,720,2253
5166,311.8,-5177,426,720,2246
5167,311.9,-5081,423,722,2240
5168,312,-4983,422,724,2235
5169,312.1,-4880,422,727,2230
5170,312.2,-4775,423,730,2226
5171,312.3,-4666,426,734,2222
5172,312.4,-4554,430,738,2219
5173,312.5,-4436,434,743,2215
5174,312.6,-4315,439,749,2213
5175,312.7,-4189,445,755,2211
5176,312.8,-4059,452,762,2210
5177,312.9,-3925,458,769,2209
5178,313,-3788,463,778,2208
5179,313.1,-3649,468,786,2206
5180,313.2,-3507,473,796,2203
5181,313.3,-3362,476,807,2201
5182,313.4,-3218,478,819,2198
5183,313.5,-3073,480,832,2195
5184,313.6,-2928,481,846,2191
5185,313.7,-2783,481,861,2186
5186,313.8,-2640,480,878,2181
5187,313.9,-2495,478,897,2175
5188,314,-2353,475,917,2168
5189,314.1,-2210,472,939,2161
5190,314.2,-2068,467,963,2153
5191,314.3,-1925,461,987,2144
5192,314.4,-1784,454,1012,2133
5193,314.5,-1642,445,1038,2122
5194,314.6,-1499,434,1062,2109
5195,314.7,-1358,422,1088,2096
5196,314.8,-1218,409,1114,2081
5197,314.9,-1077,395,1139,2067
5198,315,-938,381,1165,2052
5199,315.1,-800,365,1192,2036
5200,315.2,-663,350,1219,2020
5201,315.3,-528,333,1246,2003
5202,315.4,-395,317,1274,1986
5203,315.5,-264,301,1303,1968
5204,315.6,-135,285,1331,1948
5205,315.7,-8,269,1360,1927
5206,315.8,115,252,1387,1905
5207,315.9,234,234,1412,1880
5208,316,349,215,1435,1853
5209,316.1,460,195,1457,1823
5210,316.2,566,175,1475,1791
5211,316.3,667,153,1491,1756
5212,316.4,764,130,1505,1717
5213,316.5,856,106,1516,1677
5214,316.6,944,81,1525,1634
5215,316.7,1026,56,1532,1588
5216,316.8,1104,30,1538,1539
5217,316.9,1177,4,1541,1487
5218,317,1243,-22,1541,1432
5219,317.1,1306,-48,1540,1374
5220,317.2,1363,-75,1538,1312
5221,317.3,1416,-102,1534,1247
5222,317.4,1466,-130,1529,1179
5223,317.5,1513,-157,1524,1109
5224,317.6,1557,-185,1518,1035
5225,317.7,1600,-213,1510,959
5226,317.8,1640,-241,1502,881
5227,317.9,1680,-269,1492,801
5228,318,1719,-297,1481,719
5229,318.1,1758,-326,1467,635
5230,318.2,1798,-354,1454,550
5231,318.3,1838,-382,1440,462
5232,318.4,1879,-410,1425,374
5233,318.5,1921,-438,1409,283
5234,318.6,1962,-465,1393,191
5235,318.7,2002,-492,1376,97
5236,318.8,2042,-518,1359,0
5237,318.9,2080,-543,1340,-97
5238,319,2115,-567,1321,-197
5239,319.1,2149,-591,1301,-298
5240,319.2,2182,-615,1282,-400
5241,319.3,2213,-637,1263,-502
5242,319.4,2242,-659,1245,-603
5243,319.5,2271,-681,1229,-704
5244,319.6,2298,-702,1214,-804
5245,319.7,2323,-722,1200,-903
5246,319.8,2348,-741,1188,-999
5247,319.9,2371,-759,1176,-1093
5248,320,2394,-777,1165,-1184
5249,320.1,2417,-794,1154,-1272
5250,320.2,2441,-811,1145,-1357
5251,320.3,2464,-828,1135,-1440
5252,320.4,2487,-844,1126,-1520
5253,320.5,2512,-861,1116,-1596
5254,320.6,2538,-878,1107,-1669
5255,320.7,2565,-896,1097,-1740
5256,320.8,2592,-913,1086,-1807
5257,320.9,2620,-931,1075,-1872
5258,321,2647,-949,1063,-1934
5259,321.1,2674,-968,1050,-1992
5260,321.2,2702,-988,1037,-2048
5261,321.3,2729,-1008,1023,-2101
5262,321.4,2755,-1028,1009,-2151
5263,321.5,2780,-1049,995,-2198
5264,321.6,2804,-1070,981,-2243
5265,321.7,2827,-1092,968,-2286
5266,321.8,2848,-1115,956,-2327
5267,321.9,2868,-1138,946,-2365
5268,322,2887,-1161,937,-2401
5269,322.1,2904,-1184,930,-2435
5270,322.2,2918,-1209,925,-2467
5271,322.3,2932,-1234,921,-2496
5272,322.4,2944,-1259,920,-2522
5273,322.5,2954,-1285,919,-2545
5274,322.6,2962,-1312,918,-2567
5275,322.7,2968,-1339,917,-2586
5276,322.8,2971,-1367,916,-2603
5277,322.9,2973,-1395,915,-2618
5278,323,2972,-1424,912,-2629
5279,323.1,2970,-1453,909,-2638
5280,323.2,2965,-1483,904,-2644
5281,323.3,2957,-1512,898,-2648
5282,323.4,2948,-1542,891,-2650
5283,323.5,2937,-1570,882,-2649
5284,323.6,2925,-1599,873,-2645
5285,323.7,2911,-1626,864,-2640
5286,323.8,2896,-1653,853,-2632
5287,323.9,2880,-1678,843,-2624
5288,324,2865,-1703,832,-2614
5289,324.1,2851,-1726,821,-2604
5290,324.2,2838,-1747,810,-2592
5291,324.3,2827,-1766,800,-2580
5292,324.4,2816,-1784,790,-2566
5293,324.5,2806,-1800,778,-2553
5294,324.6,2798,-1815,765,-2539
5295,324.7,2791,-1827,751,-2524
5296,324.8,2785,-1838,734,-2508
5297,324.9,2781,-1847,715,-2492
5298,325,2777,-1854,694,-2474
5299,325.1,2774,-1859,671,-2454
5300,325.2,2772,-1862,647,-2434
5301,325.3,2771,-1865,620,-2412
5302,325.4,2772,-1867,592,-2388
5303,325.5,2774,-1867,563,-2362
5304,325.6,2776,-1867,532,-2335
5305,325.7,2782,-1866,500,-2304
5306,325.8,2791,-1865,468,-2273
5307,325.9,2803,-1864,436,-2241
5308,326,2818,-1863,403,-2207
5309,326.1,2837,-1860,371,-2171
5310,326.2,2859,-1858,338,-2135
5311,326.3,2886,-1856,305,-2096
5312,326.4,2917,-1853,272,-2057
5313,326.5,2953,-1850,239,-2015
5314,326.6,2994,-1846,207,-1973
5315,326.7,3039,-1841,175,-1929
5316,326.8,3088,-1836,145,-1884
5317,326.9,3143,-1830,116,-1838
5318,327,3202,-1822,88,-1791
5319,327.1,3265,-1815,62,-1743
5320,327.2,3332,-1807,37,-1693
5321,327.3,3402,-1799,13,-1641
5322,327.4,3475,-1791,-9,-1588
5323,327.5,3550,-1783,-31,-1535
5324,327.6,3628,-1774,-52,-1482
5325,327.7,3708,-1766,-72,-1430
5326,327.8,3788,-1757,-91,-1378
5327,327.9,3871,-1746,-109,-1327
5328,328,3956,-1736,-126,-1275
5329,328.1,4042,-1726,-142,-1223
5330,328.2,4127,-1716,-157,-1172
5331,328.3,4215,-1705,-171,-1120
5332,328.4,4302,-1695,-185,-1069
5333,328.5,4389,-1685,-199,-1019
5334,328.6,4476,-1675,-212,-969
5335,328.7,4564,-1664,-224,-920
5336,328.8,4653,-1653,-237,-871
5337,328.9,4742,-1642,-249,-824
5338,329,4832,-1630,-262,-777
5339,329.1,4923,-1619,-276,-732
5340,329.2,5015,-1606,-290,-689
5341,329.3,5108,-1593,-305,-647
5342,329.4,5203,-1578,-319,-606
5343,329.5,5300,-1563,-334,-567
5344,329.6,5397,-1547,-348,-528
5345,329.7,5496,-1530,-362,-491
5346,329.8,5595,-1512,-375,-454
5347,329.9,5694,-1494,-388,-419
5348,330,5793,-1477,-401,-384
5349,330.1,5893,-1459,-413,-351
5350,330.2,5992,-1442,-424,-319
5351,330.3,6091,-1424,-436,-289
5352,330.4,6189,-1405,-448,-261
5353,330.5,6288,-1386,-460,-234
5354,330.6,6386,-1366,-472,-209
5355,330.7,6482,-1344,-485,-185
5356,330.8,6577,-1321,-499,-163
5357,330.9,6672,-1296,-513,-142
5358,331,6764,-1270,-528,-122
5359,331.1,6856,-1245,-545,-104
5360,331.2,6945,-1220,-563,-87
5361,331.3,7034,-1196,-582,-72
5362,331.4,7121,-1173,-602,-57
5363,331.5,7207,-1151,-623,-43
5364,331.6,7292,-1129,-644,-30
5365,331.7,7375,-1108,-666,-17
5366,331.8,7458,-1086,-687,-5
5367,331.9,7539,-1063,-708,7
5368,332,7621,-1039,-730,19
5369,332.1,7702,-1013,-751,30
5370,332.2,7784,-987,-771,41
5371,332.3,7865,-959,-791,52
5372,332.4,7948,-932,-811,63
5373,332.5,8030,-903,-830,73
5374,332.6,8114,-875,-848,83
5375,332.7,8196,-847,-866,92
5376,332.8,8278,-820,-884,99
5377,332.9,8358,-794,-902,106
5378,333,8437,-769,-921,110
5379,333.1,8513,-744,-940,112
5380,333.2,8588,-720,-959,112
5381,333.3,8659,-696,-977,110
5382,333.4,8729,-672,-995,107
5383,333.5,8794,-647,-1012,101
5384,333.6,8858,-620,-1027,95
5385,333.7,8918,-593,-1040,88
5386,333.8,8975,-565,-1053,80
5387,333.9,9027,-536,-1065,71
5388,334,9075,-507,-1077,61
5389,334.1,9119,-478,-1088,50
5390,334.2,9159,-450,-1100,38
5391,334.3,9196,-423,-1112,25
5392,334.4,9229,-396,-1123,12
5393,334.5,9259,-370,-1135,-3
5394,334.6,9285,-344,-1146,-18
5395,334.7,9309,-318,-1157,-34
5396,334.8,9329,-293,-1168,-52
5397,334.9,9346,-267,-1179,-71
5398,335,9361,-241,-1190,-92
5399,335.1,9372,-215,-1201,-115
5400,335.2,9381,-189,-1210,-139
5401,335.3,9388,-161,-1218,-165
5402,335.4,9393,-132,-1225,-192
5403,335.5,9395,-102,-1230,-219
5404,335.6,9395,-71,-1234,-248
5405,335.7,9392,-39,-1237,-279
5406,335.8,9386,-7,-1240,-310
5407,335.9,9377,25,-1241,-342
5408,336,9365,58,-1242,-376
5409,336.1,9350,90,-1243,-410
5410,336.2,9331,123,-1243,-443
5411,336.3,9309,155,-1242,-478
5412,336.4,9284,187,-1242,-512
5413,336.5,9255,219,-1240,-546
5414,336.6,9225,250,-1241,-580
5415,336.7,9191,281,-1241,-613
5416,336.8,9155,311,-1242,-646
5417,336.9,9117,341,-1243,-679
5418,337,9078,370,-1243,-711
5419,337.1,9037,399,-1243,-742
5420,337.2,8995,428,-1243,-771
5421,337.3,8951,457,-1241,-799
5422,337.4,8905,486,-1239,-826
5423,337.5,8859,516,-1236,-850
5424,337.6,8809,546,-1233,-872
5425,337.7,8759,575,-1230,-893
5426,337.8,8705,604,-1227,-911
5427,337.9,8651,633,-1225,-928
5428,338,8595,661,-1223,-942
5429,338.1,8539,690,-1220,-953
5430,338.2,8482,718,-1217,-962
5431,338.3,8424,746,-1213,-968
5432,338.4,8367,774,-1209,-971
5433,338.5,8308,801,-1204,-973
5434,338.6,8250,828,-1200,-973
5435,338.7,8189,854,-1196,-970
5436,338.8,8129,879,-1191,-966
5437,338.9,8068,904,-1186,-959
5438,339,8006,928,-1181,-951
5439,339.1,7943,950,-1175,-940
5440,339.2,7879,973,-1167,-927
5441,339.3,7813,995,-1159,-912
5442,339.4,7744,1017,-1150,-896
5443,339.5,7672,1039,-1141,-879
5444,339.6,7597,1062,-1131,-861
5445,339.7,7519,1084,-1119,-843
5446,339.8,7437,1106,-1107,-825
5447,339.9,7352,1129,-1093,-806
5448,340,7264,1152,-1078,-786
5449,340.1,7174,1175,-1062,-767
5450,340.2,7081,1200,-1046,-748
5451,340.3,6987,1225,-1029,-728
5452,340.4,6892,1250,-1012,-708
5453,340.5,6794,1277,-995,-688
5454,340.6,6697,1304,-978,-666
5455,340.7,6599,1333,-959,-644
5456,340.8,6502,1364,-941,-621
5457,340.9,6407,1396,-922,-598
5458,341,6313,1430,-903,-573
5459,341.1,6221,1464,-884,-547
5460,341.2,6130,1499,-864,-520
5461,341.3,6043,1533,-844,-492
5462,341.4,5958,1567,-824,-464
5463,341.5,5874,1601,-805,-436
5464,341.6,5794,1633,-786,-408
5465,341.7,5715,1663,-768,-380
5466,341.8,5637,1693,-749,-351
5467,341.9,5563,1723,-730,-322
5468,342,5490,1752,-710,-293
5469,342.1,5418,1781,-690,-264
5470,342.2,5347,1808,-670,-236
5471,342.3,5277,1835,-650,-208
5472,342.4,5206,1860,-632,-182
5473,342.5,5136,1884,-615,-157
5474,342.6,5066,1906,-599,-133
5475,342.7,4996,1928,-584,-111
5476,342.8,4928,1948,-571,-90
5477,342.9,4861,1968,-558,-70
5478,343,4795,1985,-548,-53
5479,343.1,4731,2001,-539,-37
5480,343.2,4668,2015,-531,-23
5481,343.3,4609,2028,-524,-10
5482,343.4,4551,2039,-516,1
5483,343.5,4497,2049,-508,11
5484,343.6,4446,2058,-499,20
5485,343.7,4398,2065,-489,28
5486,343.8,4353,2072,-478,34
5487,343.9,4312,2077,-467,39
5488,344,4273,2080,-455,42
5489,344.1,4236,2082,-443,42
5490,344.2,4202,2081,-430,41
5491,344.3,4170,2080,-417,37
5492,344.4,4139,2078,-404,32
5493,344.5,4108,2076,-392,24
5494,344.6,4078,2074,-380,15
5495,344.7,4050,2072,-368,5
5496,344.8,4021,2071,-356,-6
5497,344.9,3990,2070,-344,-18
5498,345,3959,2069,-332,-30
5499,345.1,3926,2070,-320,-43
5500,345.2,3891,2071,-308,-58
5501,345.3,3852,2072,-297,-73
5502,345.4,3811,2075,-285,-88
5503,345.5,3768,2077,-273,-105
5504,345.6,3722,2080,-261,-121
5505,345.7,3673,2083,-248,-138
5506,345.8,3622,2086,-236,-155
5507,345.9,3570,2090,-223,-173
5508,346,3515,2095,-211,-191
5509,346.1,3459,2100,-199,-210
5510,346.2,3400,2105,-187,-228
5511,346.3,3340,2111,-175,-247
5512,346.4,3280,2117,-164,-266
5513,346.5,3218,2122,-154,-284
5514,346.6,3156,2126,-144,-302
5515,346.7,3090,2130,-135,-319
5516,346.8,3022,2132,-127,-336
5517,346.9,2949,2134,-120,-353
5518,347,2866,2135,-113,-370
5519,347.1,2771,2133,-108,-387
5520,347.2,2660,2131,-102,-403
5521,347.3,2529,2127,-97,-418
5522,347.4,2381,2122,-91,-433
5523,347.5,2220,2117,-85,-446
5524,347.6,2054,2112,-79,-458
5525,347.7,1893,2106,-73,-470
5526,347.8,1745,2101,-68,-480
5527,347.9,1618,2095,-62,-488
5528,348,1517,2088,-57,-497
5529,348.1,1444,2080,-52,-506
5530,348.2,1398,2072,-46,-514
5531,348.3,1376,2064,-41,-521
5532,348.4,1369,2055,-34,-528
5533,348.5,1369,2047,-27,-534
5534,348.6,1368,2039,-19,-539
5535,348.7,1356,2031,-10,-545
5536,348.8,1329,2024,0,-550
5537,348.9,1282,2017,10,-556
5538,349,1215,2011,20,-562
5539,349.1,1128,2006,32,-569
5540,349.2,1023,2001,45,-576
5541,349.3,902,1996,59,-583
5542,349.4,771,1991,74,-590
5543,349.5,635,1986,90,-598
5544,349.6,501,1980,106,-606
5545,349.7,375,1973,124,-616
5546,349.8,264,1964,142,-627
5547,349.9,171,1954,161,-639
5548,350,98,1943,180,-652
5549,350.1,45,1930,201,-666
5550,350.2,9,1915,223,-680
5551,350.3,-17,1899,247,-695
5552,350.4,-39,1880,271,-709
5553,350.5,-64,1860,296,-722
5554,350.6,-95,1838,322,-734
5555,350.7,-136,1816,349,-745
5556,350.8,-187,1792,376,-756
5557,350.9,-250,1767,405,-767
5558,351,-324,1741,433,-777
5559,351.1,-414,1714,462,-788
5560,351.2,-520,1686,492,-798
5561,351.3,-644,1656,522,-808
5562,351.4,-785,1624,552,-818
5563,351.5,-938,1590,582,-828
5564,351.6,-1095,1552,611,-838
5565,351.7,-1249,1511,640,-849
5566,351.8,-1391,1468,669,-861
5567,351.9,-1510,1422,697,-873
5568,352,-1602,1373,725,-885
5569,352.1,-1665,1323,754,-897
5570,352.2,-1702,1272,782,-909
5571,352.3,-1718,1219,810,-922
5572,352.4,-1722,1165,838,-935
5573,352.5,-1722,1110,863,-948
5574,352.6,-1727,1055,887,-961
5575,352.7,-1743,1000,908,-975
5576,352.8,-1775,943,927,-989
5577,352.9,-1828,889,945,-1003
5578,353,-1903,835,961,-1017
5579,353.1,-2001,783,977,-1031
5580,353.2,-2120,732,991,-1044
5581,353.3,-2254,683,1005,-1058
5582,353.4,-2397,636,1018,-1072
5583,353.5,-2536,591,1031,-1086
5584,353.6,-2664,547,1042,-1100
5585,353.7,-2773,506,1053,-1114
5586,353.8,-2857,466,1064,-1128
5587,353.9,-2916,429,1073,-1142
5588,354,-2954,394,1082,-1156
5589,354.1,-2975,361,1090,-1171
5590,354.2,-2987,330,1097,-1185
5591,354.3,-2998,301,1103,-1201
5592,354.4,-3013,274,1106,-1217
5593,354.5,-3037,248,1110,-1233
5594,354.6,-3071,224,1113,-1250
5595,354.7,-3121,200,1116,-1265
5596,354.8,-3188,177,1117,-1281
5597,354.9,-3271,154,1119,-1296
5598,355,-3368,132,1121,-1310
5599,355.1,-3473,111,1123,-1323
5600,355.2,-3582,91,1127,-1335
5601,355.3,-3687,72,1132,-1347
5602,355.4,-3777,53,1137,-1357
5603,355.5,-3850,33,1144,-1366
5604,355.6,-3899,14,1152,-1375
5605,355.7,-3930,-6,1160,-1383
5606,355.8,-3945,-27,1169,-1389
5607,355.9,-3953,-48,1181,-1395
5608,356,-3957,-70,1193,-1399
5609,356.1,-3964,-93,1207,-1403
5610,356.2,-3976,-117,1221,-1405
5611,356.3,-3994,-144,1236,-1407
5612,356.4,-4017,-171,1251,-1408
5613,356.5,-4048,-201,1266,-1407
5614,356.6,-4085,-232,1281,-1405
5615,356.7,-4129,-265,1295,-1402
5616,356.8,-4176,-300,1310,-1397
5617,356.9,-4228,-335,1324,-1392
5618,357,-4281,-372,1339,-1385
5619,357.1,-4332,-409,1352,-1378
5620,357.2,-4380,-447,1366,-1369
5621,357.3,-4424,-486,1380,-1360
5622,357.4,-4463,-525,1393,-1350
5623,357.5,-4498,-564,1405,-1339
5624,357.6,-4529,-603,1416,-1327
5625,357.7,-4558,-643,1426,-1315
5626,357.8,-4586,-683,1435,-1301
5627,357.9,-4612,-722,1442,-1287
5628,358,-4640,-760,1448,-1272
5629,358.1,-4668,-798,1453,-1256
5630,358.2,-4702,-835,1455,-1240
5631,358.3,-4745,-872,1455,-1222
5632,358.4,-4811,-907,1454,-1205
5633,358.5,-4909,-942,1451,-1186
5634,358.6,-5056,-977,1447,-1168
5635,358.7,-5265,-1009,1442,-1148
5636,358.8,-5535,-1039,1435,-1129
5637,358.9,-5847,-1066,1428,-1110
5638,359,-6164,-1091,1420,-1091
5639,359.1,-6440,-1114,1411,-1073
5640,359.2,-6638,-1134,1400,-1055
5641,359.3,-6751,-1153,1387,-1039
5642,359.4,-6793,-1169,1372,-1023
5643,359.5,-6798,-1184,1355,-1008
5644,359.6,-6796,-1198,1337,-993
5645,359.7,-6803,-1212,1318,-978
5646,359.8,-6820,-1224,1298,-964
5647,359.9,-6840,-1236,1278,-950
5648,360,-6859,-1249,1258,-937
5649,360.1,-6876,-1261,1238,-924
5650,360.2,-6896,-1274,1218,-911
5651,360.3,-6926,-1286,1198,-899
5652,360.4,-6962,-1299,1178,-887
5653,360.5,-7002,-1311,1158,-876
5654,360.6,-7037,-1322,1138,-866
5655,360.7,-7066,-1333,1116,-857
5656,360.8,-7086,-1344,1096,-850
5657,360.9,-7095,-1353,1075,-845
5658,361,-7100,-1363,1055,-841
5659,361.1,-7098,-1372,1035,-840
5660,361.2,-7095,-1379,1016,-841
5661,361.3,-7088,-1387,997,-844
5662,361.4,-7081,-1395,979,-849
5663,361.5,-7074,-1402,961,-855
5664,361.6,-7066,-1408,943,-863
5665,361.7,-7061,-1413,926,-873
5666,361.8,-7055,-1416,908,-883
5667,361.9,-7052,-1418,891,-896
5668,362,-7050,-1418,874,-910
5669,362.1,-7050,-1417,856,-925
5670,362.2,-7051,-1415,838,-943
5671,362.3,-7052,-1412,819,-962
5672,362.4,-7055,-1408,799,-983
5673,362.5,-7058,-1404,780,-1006
5674,362.6,-7064,-1400,760,-1031
5675,362.7,-7072,-1397,740,-1057
5676,362.8,-7084,-1394,720,-1083
5677,362.9,-7098,-1393,699,-1111
5678,363,-7116,-1393,677,-1142
5679,363.1,-7135,-1394,655,-1173
5680,363.2,-7152,-1397,632,-1207
5681,363.3,-7170,-1401,608,-1241
5682,363.4,-7186,-1406,585,-1277
5683,363.5,-7203,-1412,561,-1313
5684,363.6,-7218,-1420,538,-1351
5685,363.7,-7234,-1430,515,-1390
5686,363.8,-7251,-1442,493,-1428
5687,363.9,-7267,-1456,470,-1467
5688,364,-7283,-1472,448,-1506
5689,364.1,-7298,-1490,426,-1543
5690,364.2,-7312,-1510,404,-1580
5691,364.3,-7321,-1532,380,-1616
5692,364.4,-7326,-1557,357,-1650
5693,364.5,-7323,-1583,333,-1683
5694,364.6,-7314,-1610,308,-1713
5695,364.7,-7297,-1640,282,-1743
5696,364.8,-7272,-1671,256,-1771
5697,364.9,-7243,-1702,230,-1798
5698,365,-7208,-1734,203,-1822
5699,365.1,-7174,-1765,178,-1846
5700,365.2,-7140,-1796,153,-1869
5701,365.3,-7113,-1826,129,-1891
5702,365.4,-7090,-1855,106,-1912
5703,365.5,-7075,-1882,84,-1933
5704,365.6,-7066,-1908,63,-1954
5705,365.7,-7060,-1933,43,-1974
5706,365.8,-7055,-1957,23,-1992
5707,365.9,-7047,-1979,4,-2008
5708,366,-7035,-2000,-14,-2023
5709,366.1,-7017,-2018,-32,-2038
5710,366.2,-6994,-2035,-49,-2053
5711,366.3,-6967,-2050,-65,-2068
5712,366.4,-6937,-2062,-81,-2084
5713,366.5,-6909,-2074,-95,-2102
5714,366.6,-6885,-2085,-109,-2120
5715,366.7,-6867,-2094,-122,-2138
5716,366.8,-6854,-2101,-135,-2156
5717,366.9,-6846,-2106,-148,-2174
5718,367,-6840,-2108,-160,-2191
5719,367.1,-6829,-2107,-172,-2204
5720,367.2,-6809,-2101,-185,-2213
5721,367.3,-6773,-2092,-197,-2218
5722,367.4,-6716,-2079,-209,-2217
5723,367.5,-6638,-2063,-220,-2212
5724,367.6,-6539,-2043,-232,-2205
5725,367.7,-6427,-2019,-242,-2198
5726,367.8,-6308,-1992,-252,-2194
5727,367.9,-6193,-1962,-261,-2198
5728,368,-6086,-1928,-269,-2208
5729,368.1,-5992,-1892,-277,-2226
5730,368.2,-5913,-1855,-284,-2245
5731,368.3,-5847,-1816,-291,-2266
5732,368.4,-5791,-1776,-297,-2285
5733,368.5,-5749,-1736,-304,-2301
5734,368.6,-5720,-1696,-310,-2315
5735,368.7,-5710,-1655,-316,-2329
5736,368.8,-5717,-1615,-322,-2342
5737,368.9,-5739,-1575,-328,-2352
5738,369,-5769,-1535,-335,-2359
5739,369.1,-5794,-1497,-341,-2362
5740,369.2,-5803,-1460,-347,-2359
5741,369.3,-5787,-1423,-353,-2352
5742,369.4,-5744,-1389,-360,-2343
5743,369.5,-5671,-1357,-368,-2334
5744,369.6,-5580,-1328,-377,-2324
5745,369.7,-5477,-1302,-388,-2317
5746,369.8,-5370,-1278,-400,-2311
5747,369.9,-5271,-1258,-411,-2307
5748,370,-5184,-1241,-423,-2303
5749,370.1,-5111,-1224,-434,-2298
5750,370.2,-5059,-1212,-447,-2292
5751,370.3,-5027,-1202,-459,-2284
5752,370.4,-5014,-1194,-473,-2274
5753,370.5,-5023,-1187,-487,-2262
5754,370.6,-5048,-1183,-502,-2248
5755,370.7,-5085,-1179,-517,-2232
5756,370.8,-5122,-1177,-531,-2214
5757,370.9,-5153,-1175,-546,-2194
5758,371,-5166,-1175,-560,-2171
5759,371.1,-5154,-1175,-574,-2146
5760,371.2,-5114,-1177,-588,-2118
5761,371.3,-5044,-1180,-602,-2089
5762,371.4,-4946,-1183,-614,-2059
5763,371.5,-4826,-1187,-627,-2028
5764,371.6,-4690,-1193,-638,-1998
5765,371.7,-4547,-1198,-649,-1969
5766,371.8,-4407,-1204,-660,-1940
5767,371.9,-4276,-1209,-669,-1912
5768,372,-4159,-1214,-679,-1885
5769,372.1,-4055,-1219,-689,-1857
5770,372.2,-3970,-1222,-699,-1829
5771,372.3,-3900,-1225,-709,-1800
5772,372.4,-3845,-1227,-720,-1770
5773,372.5,-3806,-1228,-730,-1739
5774,372.6,-3784,-1227,-741,-1707
5775,372.7,-3780,-1226,-750,-1673
5776,372.8,-3789,-1221,-759,-1637
5777,372.9,-3808,-1217,-766,-1599
5778,373,-3826,-1210,-773,-1557
5779,373.1,-3836,-1203,-779,-1513
5780,373.2,-3827,-1195,-785,-1466
5781,373.3,-3792,-1186,-790,-1416
5782,373.4,-3728,-1175,-793,-1366
5783,373.5,-3641,-1163,-795,-1317
5784,373.6,-3536,-1148,-797,-1268
5785,373.7,-3425,-1132,-797,-1221
5786,373.8,-3315,-1113,-796,-1176
5787,373.9,-3216,-1093,-794,-1131
5788,374,-3130,-1072,-792,-1088
5789,374.1,-3059,-1050,-790,-1046
5790,374.2,-3003,-1027,-788,-1004
5791,374.3,-2963,-1003,-785,-963
5792,374.4,-2939,-979,-783,-922
5793,374.5,-2932,-954,-781,-881
5794,374.6,-2942,-927,-779,-841
5795,374.7,-2960,-899,-778,-801
5796,374.8,-2981,-869,-777,-762
5797,374.9,-2994,-836,-777,-722
5798,375,-2991,-801,-777,-683
5799,375.1,-2965,-764,-776,-645
5800,375.2,-2914,-724,-774,-606
5801,375.3,-2838,-680,-770,-568
5802,375.4,-2743,-634,-767,-531
5803,375.5,-2633,-586,-762,-496
5804,375.6,-2517,-535,-758,-462
5805,375.7,-2399,-483,-754,-430
5806,375.8,-2286,-430,-751,-399
5807,375.9,-2179,-376,-749,-371
5808,376,-2080,-323,-747,-343
5809,376.1,-1989,-270,-747,-317
5810,376.2,-1907,-219,-747,-291
5811,376.3,-1834,-168,-747,-267
5812,376.4,-1771,-119,-747,-243
5813,376.5,-1717,-70,-747,-220
5814,376.6,-1673,-23,-748,-197
5815,376.7,-1640,24,-749,-175
5816,376.8,-1616,69,-751,-152
5817,376.9,-1597,113,-755,-130
5818,377,-1578,156,-760,-108
5819,377.1,-1552,197,-764,-85
5820,377.2,-1512,236,-769,-61
5821,377.3,-1457,274,-773,-37
5822,377.4,-1385,311,-776,-13
5823,377.5,-1296,346,-779,12
5824,377.6,-1197,380,-779,36
5825,377.7,-1092,412,-780,60
5826,377.8,-986,443,-780,83
5827,377.9,-886,473,-778,106
5828,378,-791,501,-776,129
5829,378.1,-704,529,-773,151
5830,378.2,-626,555,-769,173
5831,378.3,-558,579,-765,193
5832,378.4,-502,603,-760,212
5833,378.5,-460,625,-756,229
5834,378.6,-433,645,-751,244
5835,378.7,-417,665,-746,258
5836,378.8,-406,683,-741,270
5837,378.9,-392,699,-737,280
5838,379,-368,713,-733,289
5839,379.1,-325,726,-729,297
5840,379.2,-264,737,-725,303
5841,379.3,-180,746,-722,307
5842,379.4,-80,754,-719,309
5843,379.5,33,761,-716,309
5844,379.6,150,766,-713,308
5845,379.7,267,769,-711,304
5846,379.8,378,772,-708,300
5847,379.9,482,774,-707,295
5848,380,580,777,-704,290
5849,380.1,673,780,-702,285
5850,380.2,762,784,-698,280
5851,380.3,846,789,-694,274
5852,380.4,925,796,-689,267
5853,380.5,998,804,-684,259
5854,380.6,1065,813,-679,250
5855,380.7,1125,824,-675,239
5856,380.8,1183,837,-672,227
5857,380.9,1240,850,-669,215
5858,381,1299,863,-667,201
5859,381.1,1365,878,-665,186
5860,381.2,1439,892,-663,171
5861,381.3,1520,907,-661,155
5862,381.4,1606,923,-659,138
5863,381.5,1694,939,-656,122
5864,381.6,1783,954,-652,105
5865,381.7,1870,968,-648,88
5866,381.8,1953,983,-642,72
5867,381.9,2032,998,-636,56
5868,382,2105,1013,-629,40
5869,382.1,2173,1028,-622,25
5870,382.2,2234,1043,-613,10
5871,382.3,2288,1058,-604,-5
5872,382.4,2335,1073,-595,-20
5873,382.5,2378,1088,-586,-34
5874,382.6,2419,1102,-577,-48
5875,382.7,2463,1116,-569,-62
5876,382.8,2514,1130,-560,-74
5877,382.9,2576,1143,-551,-87
5878,383,2648,1156,-543,-99
5879,383.1,2730,1169,-534,-110
5880,383.2,2818,1181,-526,-121
5881,383.3,2908,1194,-518,-131
5882,383.4,2996,1207,-511,-141
5883,383.5,3080,1220,-504,-151
5884,383.6,3157,1233,-497,-160
5885,383.7,3229,1246,-490,-168
5886,383.8,3297,1259,-483,-176
5887,383.9,3363,1272,-475,-183
5888,384,3427,1284,-466,-189
5889,384.1,3489,1296,-457,-195
5890,384.2,3550,1307,-447,-200
5891,384.3,3610,1318,-438,-206
5892,384.4,3669,1328,-428,-211
5893,384.5,3726,1337,-419,-216
5894,384.6,3786,1347,-410,-221
5895,384.7,3849,1357,-401,-225
5896,384.8,3914,1367,-394,-228
5897,384.9,3981,1377,-387,-231
5898,385,4046,1387,-380,-231
5899,385.1,4109,1397,-374,-231
5900,385.2,4167,1407,-369,-228
5901,385.3,4220,1415,-365,-224
5902,385.4,4267,1423,-362,-218
5903,385.5,4306,1429,-359,-209
5904,385.6,4334,1434,-356,-199
5905,385.7,4342,1436,-354,-187
5906,385.8,4320,1437,-352,-174
5907,385.9,4254,1437,-351,-159
5908,386,4132,1436,-351,-144
5909,386.1,3955,1434,-353,-128
5910,386.2,3744,1432,-355,-112
5911,386.3,3533,1430,-358,-96
5912,386.4,3363,1428,-362,-80
5913,386.5,3263,1426,-366,-64
5914,386.6,3239,1424,-371,-47
5915,386.7,3274,1421,-376,-30
5916,386.8,3336,1418,-380,-11
5917,386.9,3397,1414,-383,10
5918,387,3444,1410,-386,31
5919,387.1,3477,1405,-388,54
5920,387.2,3504,1399,-390,77
5921,387.3,3532,1392,-391,101
5922,387.4,3561,1383,-391,126
5923,387.5,3584,1373,-391,152
5924,387.6,3602,1362,-389,178
5925,387.7,3611,1349,-387,204
5926,387.8,3616,1335,-384,231
5927,387.9,3621,1320,-381,257
5928,388,3628,1302,-377,284
5929,388.1,3640,1283,-373,310
5930,388.2,3656,1263,-369,336
5931,388.3,3673,1241,-364,362
5932,388.4,3689,1219,-359,388
5933,388.5,3705,1195,-354,415
5934,388.6,3720,1171,-349,442
5935,388.7,3734,1146,-344,470
5936,388.8,3746,1120,-340,497
5937,388.9,3755,1094,-336,525
5938,389,3765,1068,-333,554
5939,389.1,3773,1041,-331,583
5940,389.2,3779,1014,-328,614
5941,389.3,3783,988,-325,645
5942,389.4,3788,961,-322,678
5943,389.5,3794,936,-318,712
5944,389.6,3802,912,-314,747
5945,389.7,3812,888,-310,784
5946,389.8,3827,865,-306,822
5947,389.9,3844,843,-302,862
5948,390,3862,821,-297,903
5949,390.1,3881,799,-293,945
5950,390.2,3897,778,-288,988
5951,390.3,3915,757,-282,1033
5952,390.4,3932,737,-275,1078
5953,390.5,3949,718,-268,1126
5954,390.6,3965,699,-260,1176
5955,390.7,3980,681,-251,1225
5956,390.8,3993,664,-242,1276
5957,390.9,4003,648,-233,1325
5958,391,4008,632,-224,1375
5959,391.1,4011,617,-215,1425
5960,391.2,4010,603,-206,1474
5961,391.3,4008,590,-196,1523
5962,391.4,4002,577,-186,1571
5963,391.5,3997,563,-175,1618
5964,391.6,3991,550,-163,1664
5965,391.7,3988,535,-150,1710
5966,391.8,3997,522,-136,1755
5967,391.9,4033,509,-121,1799
5968,392,4120,496,-106,1843
5969,392.1,4295,483,-90,1887
5970,392.2,4600,470,-73,1929
5971,392.3,5069,458,-56,1971
5972,392.4,5699,447,-39,2012
5973,392.5,6446,436,-20,2051
5974,392.6,7231,427,-1,2089
5975,392.7,7960,419,19,2127
5976,392.8,8558,412,41,2163
5977,392.9,8994,406,62,2197
5978,393,9271,400,85,2230
5979,393.1,9422,394,107,2262
5980,393.2,9487,389,129,2291
5981,393.3,9496,384,151,2319
5982,393.4,9475,378,172,2347
5983,393.5,9440,372,193,2372
5984,393.6,9398,365,213,2396
5985,393.7,9351,357,232,2418
5986,393.8,9300,347,251,2439
5987,393.9,9247,337,270,2456
5988,394,9190,326,289,2474
5989,394.1,9132,314,308,2489
5990,394.2,9070,300,327,2503
5991,394.3,9008,286,344,2516
5992,394.4,8943,271,361,2526
5993,394.5,8876,255,375,2535
5994,394.6,8809,238,388,2542
5995,394.7,8741,219,400,2548
5996,394.8,8671,200,410,2554
5997,394.9,8600,179,419,2559
5998,395,8527,157,426,2563
5999,395.1,8452,134,432,2567
6000,395.2,8375,111,437,2569
6001,395.3,8296,88,440,2571
6002,395.4,8216,65,442,2573
6003,395.5,8133,42,442,2574
6004,395.6,8050,20,441,2574
6005,395.7,7964,-2,439,2574
6006,395.8,7878,-24,436,2574
6007,395.9,7790,-45,433,2572
6008,396,7701,-67,428,2571
6009,396.1,7611,-88,423,2569
6010,396.2,7521,-110,417,2568
6011,396.3,7429,-132,409,2566
6012,396.4,7337,-155,402,2565
6013,396.5,7246,-177,394,2563
6014,396.6,7154,-200,386,2562
6015,396.7,7063,-222,378,2562
6016,396.8,6973,-243,371,2561
6017,396.9,6884,-263,364,2560
6018,397,6795,-283,359,2559
6019,397.1,6707,-300,354,2556
6020,397.2,6620,-316,350,2553
6021,397.3,6533,-329,346,2549
6022,397.4,6447,-341,344,2544
6023,397.5,6360,-350,342,2539
6024,397.6,6275,-357,342,2531
6025,397.7,6190,-361,342,2523
6026,397.8,6105,-364,343,2513
6027,397.9,6022,-366,346,2503
6028,398,5939,-366,350,2493
6029,398.1,5855,-365,354,2483
6030,398.2,5772,-364,360,2472
6031,398.3,5688,-364,366,2462
6032,398.4,5605,-363,374,2450
6033,398.5,5522,-363,383,2439
6034,398.6,5438,-364,393,2427
6035,398.7,5354,-365,402,2416
6036,398.8,5269,-367,414,2404
6037,398.9,5182,-370,427,2392
6038,399,5096,-374,440,2379
6039,399.1,5009,-379,456,2364
6040,399.2,4921,-386,472,2349
6041,399.3,4831,-395,490,2335
6042,399.4,4742,-405,509,2320
6043,399.5,4653,-415,529,2305
6044,399.6,4563,-427,548,2291
6045,399.7,4473,-440,569,2277
6046,399.8,4384,-455,589,2263
6047,399.9,4294,-470,608,2250
6048,400,4203,-486,626,2237
6049,400.1,4113,-504,644,2223
6050,400.2,4022,-523,660,2210
6051,400.3,3930,-542,675,2196
6052,400.4,3837,-561,690,2182
6053,400.5,3745,-580,703,2168
6054,400.6,3653,-597,717,2154
6055,400.7,3560,-614,730,2141
6056,400.8,3466,-629,744,2129
6057,400.9,3373,-643,758,2117
6058,401,3281,-657,772,2106
6059,401.1,3188,-669,787,2095
6060,401.2,3095,-681,800,2084
6061,401.3,3001,-693,813,2073
6062,401.4,2909,-705,825,2063
6063,401.5,2817,-718,836,2053
6064,401.6,2725,-730,846,2044
6065,401.7,2633,-744,856,2034
6066,401.8,2540,-757,865,2024
6067,401.9,2447,-771,873,2015
6068,402,2356,-785,881,2005
6069,402.1,2264,-799,889,1995
6070,402.2,2174,-813,897,1986
6071,402.3,2083,-827,904,1978
6072,402.4,1993,-840,911,1971
6073,402.5,1903,-852,918,1964
6074,402.6,1813,-864,924,1958
6075,402.7,1720,-875,929,1951
6076,402.8,1628,-885,933,1945
6077,402.9,1535,-894,937,1938
6078,403,1441,-902,941,1931
6079,403.1,1347,-908,945,1923
6080,403.2,1252,-914,947,1916
6081,403.3,1158,-917,951,1908
6082,403.4,1063,-920,954,1899
6083,403.5,969,-920,958,1890
6084,403.6,874,-920,963,1880
6085,403.7,780,-918,967,1869
6086,403.8,686,-915,971,1856
6087,403.9,592,-912,975,1842
6088,404,498,-908,979,1827
6089,404.1,405,-903,981,1809
6090,404.2,311,-899,983,1790
6091,404.3,219,-894,983,1769
6092,404.4,128,-890,984,1746
6093,404.5,39,-886,983,1721
6094,404.6,-49,-882,983,1695
6095,404.7,-136,-880,983,1667
6096,404.8,-221,-878,982,1636
6097,404.9,-306,-877,980,1604
6098,405,-389,-878,979,1570
6099,405.1,-471,-879,979,1534
6100,405.2,-552,-881,979,1497
6101,405.3,-633,-883,979,1460
6102,405.4,-712,-885,980,1421
6103,405.5,-790,-886,980,1382
6104,405.6,-867,-888,981,1341
6105,405.7,-943,-889,982,1299
6106,405.8,-1019,-890,983,1257
6107,405.9,-1095,-891,984,1214
6108,406,-1170,-891,985,1171
6109,406.1,-1246,-890,985,1128
6110,406.2,-1322,-890,985,1084
6111,406.3,-1398,-889,984,1040
6112,406.4,-1474,-888,982,996
6113,406.5,-1551,-886,979,952
6114,406.6,-1629,-884,973,908
6115,406.7,-1707,-883,967,864
6116,406.8,-1786,-881,959,821
6117,406.9,-1866,-879,949,777
6118,407,-1946,-877,938,735
6119,407.1,-2026,-875,925,692
6120,407.2,-2106,-872,911,650
6121,407.3,-2184,-870,895,608
6122,407.4,-2262,-867,878,566
6123,407.5,-2338,-865,858,523
6124,407.6,-2414,-863,837,480
6125,407.7,-2491,-862,813,437
6126,407.8,-2568,-862,787,395
6127,407.9,-2645,-861,759,352
6128,408,-2721,-859,730,311
6129,408.1,-2796,-857,699,271
6130,408.2,-2870,-854,668,232
6131,408.3,-2943,-850,635,194
6132,408.4,-3014,-845,602,157
6133,408.5,-3085,-839,568,120
6134,408.6,-3155,-831,531,83
6135,408.7,-3221,-823,493,47
6136,408.8,-3287,-813,454,9
6137,408.9,-3351,-802,414,-28
6138,409,-3413,-790,372,-66
6139,409.1,-3471,-776,330,-104
6140,409.2,-3527,-761,287,-142
6141,409.3,-3580,-744,244,-181
6142,409.4,-3631,-724,200,-220
6143,409.5,-3680,-703,155,-260
6144,409.6,-3726,-681,110,-300
6145,409.7,-3771,-657,65,-341
6146,409.8,-3813,-632,19,-383
6147,409.9,-3852,-605,-26,-424
6148,410,-3889,-577,-71,-467
6149,410.1,-3921,-546,-115,-511
6150,410.2,-3951,-513,-157,-556
6151,410.3,-3978,-478,-197,-602
6152,410.4,-4003,-442,-235,-648
6153,410.5,-4024,-405,-271,-696
6154,410.6,-4044,-366,-306,-744
6155,410.7,-4062,-327,-338,-792
6156,410.8,-4078,-287,-368,-841
6157,410.9,-4091,-247,-396,-889
6158,411,-4104,-206,-422,-938
6159,411.1,-4116,-165,-446,-986
6160,411.2,-4128,-125,-468,-1033
6161,411.3,-4137,-85,-489,-1080
6162,411.4,-4148,-47,-510,-1127
6163,411.5,-4158,-10,-531,-1173
6164,411.6,-4168,26,-552,-1218
6165,411.7,-4177,59,-571,-1262
6166,411.8,-4185,92,-590,-1303
6167,411.9,-4191,123,-606,-1345
6168,412,-4197,153,-622,-1386
6169,412.1,-4200,180,-636,-1426
6170,412.2,-4204,206,-650,-1466
6171,412.3,-4207,230,-662,-1506
6172,412.4,-4209,252,-674,-1545
6173,412.5,-4210,272,-684,-1583
6174,412.6,-4211,291,-693,-1621
6175,412.7,-4211,309,-701,-1657
6176,412.8,-4211,325,-708,-1691
6177,412.9,-4209,339,-714,-1723
6178,413,-4207,353,-719,-1755
6179,413.1,-4205,366,-722,-1785
6180,413.2,-4202,379,-725,-1813
6181,413.3,-4200,390,-727,-1839
6182,413.4,-4198,401,-728,-1864
6183,413.5,-4197,413,-728,-1887
6184,413.6,-4194,425,-728,-1908
6185,413.7,-4193,438,-726,-1927
6186,413.8,-4191,452,-723,-1942
6187,413.9,-4189,468,-719,-1957
6188,414,-4186,485,-713,-1968
6189,414.1,-4184,504,-707,-1977
6190,414.2,-4182,524,-700,-1983
6191,414.3,-4180,545,-693,-1986
6192,414.4,-4178,567,-685,-1988
6193,414.5,-4176,591,-677,-1986
6194,414.6,-4174,615,-668,-1981
6195,414.7,-4172,642,-658,-1975
6196,414.8,-4168,669,-647,-1966
6197,414.9,-4165,697,-636,-1957
6198,415,-4163,725,-624,-1946
6199,415.1,-4160,755,-612,-1934
6200,415.2,-4158,785,-599,-1920
6201,415.3,-4156,817,-584,-1905
6202,415.4,-4155,849,-569,-1888
6203,415.5,-4154,883,-552,-1867
6204,415.6,-4153,918,-534,-1845
6205,415.7,-4153,954,-515,-1820
6206,415.8,-4154,990,-497,-1791
6207,415.9,-4156,1027,-477,-1759
6208,416,-4158,1065,-458,-1725
6209,416.1,-4162,1103,-439,-1687
6210,416.2,-4166,1142,-419,-1648
6211,416.3,-4172,1181,-400,-1607
6212,416.4,-4177,1220,-380,-1564
6213,416.5,-4185,1259,-360,-1521
6214,416.6,-4193,1298,-339,-1478
6215,416.7,-4202,1337,-316,-1435
6216,416.8,-4211,1375,-294,-1391
6217,416.9,-4222,1413,-272,-1348
6218,417,-4233,1450,-249,-1306
6219,417.1,-4246,1486,-226,-1264
6220,417.2,-4258,1519,-203,-1222
6221,417.3,-4271,1553,-181,-1182
6222,417.4,-4286,1587,-160,-1141
6223,417.5,-4301,1619,-139,-1101
6224,417.6,-4316,1652,-120,-1061
6225,417.7,-4332,1685,-103,-1020
6226,417.8,-4350,1717,-87,-981
6227,417.9,-4367,1749,-74,-942
6228,418,-4385,1781,-63,-905
6229,418.1,-4404,1813,-54,-870
6230,418.2,-4423,1843,-48,-836
6231,418.3,-4442,1873,-45,-804
6232,418.4,-4461,1903,-43,-773
6233,418.5,-4479,1933,-43,-744
6234,418.6,-4497,1962,-46,-716
6235,418.7,-4513,1990,-51,-689
6236,418.8,-4530,2016,-59,-664
6237,418.9,-4547,2042,-68,-641
6238,419,-4563,2066,-79,-619
6239,419.1,-4579,2090,-91,-598
6240,419.2,-4595,2113,-105,-579
6241,419.3,-4610,2135,-120,-560
6242,419.4,-4624,2156,-136,-543
6243,419.5,-4639,2176,-153,-527
6244,419.6,-4652,2196,-172,-514
6245,419.7,-4664,2214,-191,-501
6246,419.8,-4675,2230,-211,-491
6247,419.9,-4685,2247,-232,-483
6248,420,-4694,2262,-252,-476
6249,420.1,-4699,2276,-273,-472
6250,420.2,-4704,2288,-293,-470
6251,420.3,-4705,2299,-314,-470
6252,420.4,-4703,2309,-334,-472
6253,420.5,-4699,2317,-353,-474
6254,420.6,-4692,2326,-373,-478
6255,420.7,-4683,2333,-393,-483
6256,420.8,-4670,2340,-413,-488
6257,420.9,-4657,2347,-433,-495
6258,421,-4640,2354,-452,-503
6259,421.1,-4620,2361,-471,-511
6260,421.2,-4599,2367,-489,-521
6261,421.3,-4574,2374,-506,-531
6262,421.4,-4547,2381,-522,-541
6263,421.5,-4517,2388,-536,-553
6264,421.6,-4485,2395,-550,-565
6265,421.7,-4451,2402,-562,-577
6266,421.8,-4415,2410,-573,-589
6267,421.9,-4376,2418,-583,-602
6268,422,-4335,2429,-592,-613
6269,422.1,-4293,2442,-599,-625
6270,422.2,-4248,2456,-606,-636
6271,422.3,-4202,2473,-613,-648
6272,422.4,-4155,2492,-620,-661
6273,422.5,-4108,2513,-626,-674
6274,422.6,-4058,2536,-632,-688
6275,422.7,-4007,2561,-640,-703
6276,422.8,-3955,2589,-647,-720
6277,422.9,-3902,2617,-655,-737
6278,423,-3846,2648,-664,-755
6279,423.1,-3789,2680,-673,-774
6280,423.2,-3731,2713,-684,-794
6281,423.3,-3671,2748,-695,-814
6282,423.4,-3609,2785,-708,-833
6283,423.5,-3546,2822,-721,-853
6284,423.6,-3482,2861,-736,-874
6285,423.7,-3417,2900,-751,-894
6286,423.8,-3351,2939,-767,-914
6287,423.9,-3284,2980,-784,-933
6288,424,-3216,3022,-801,-953
6289,424.1,-3149,3064,-818,-972
6290,424.2,-3081,3106,-835,-991
6291,424.3,-3015,3146,-853,-1010
6292,424.4,-2948,3187,-870,-1028
6293,424.5,-2880,3227,-886,-1046
6294,424.6,-2813,3267,-901,-1062
6295,424.7,-2746,3306,-914,-1076
6296,424.8,-2679,3343,-925,-1090
6297,424.9,-2612,3381,-935,-1101
6298,425,-2545,3417,-943,-1110
6299,425.1,-2478,3453,-949,-1117
6300,425.2,-2412,3487,-954,-1122
6301,425.3,-2348,3519,-957,-1124
6302,425.4,-2284,3550,-958,-1124
6303,425.5,-2222,3579,-959,-1123
6304,425.6,-2160,3607,-957,-1120
6305,425.7,-2100,3633,-953,-1116
6306,425.8,-2038,3657,-947,-1110
6307,425.9,-1978,3681,-938,-1103
6308,426,-1919,3702,-926,-1095
6309,426.1,-1859,3722,-912,-1085
6310,426.2,-1800,3738,-896,-1074
6311,426.3,-1741,3753,-877,-1063
6312,426.4,-1682,3766,-855,-1051
6313,426.5,-1622,3776,-829,-1039
6314,426.6,-1560,3786,-803,-1025
6315,426.7,-1497,3792,-774,-1011
6316,426.8,-1433,3799,-743,-995
6317,426.9,-1367,3805,-711,-979
6318,427,-1300,3811,-677,-961
6319,427.1,-1231,3815,-642,-943
6320,427.2,-1161,3819,-605,-925
6321,427.3,-1090,3821,-567,-908
6322,427.4,-1018,3821,-529,-891
6323,427.5,-946,3818,-491,-876
6324,427.6,-873,3814,-452,-861
6325,427.7,-800,3808,-414,-847
6326,427.8,-727,3801,-376,-834
6327,427.9,-653,3790,-338,-820
6328,428,-580,3780,-301,-806
6329,428.1,-509,3767,-265,-793
6330,428.2,-438,3753,-230,-780
6331,428.3,-369,3738,-197,-766
6332,428.4,-301,3721,-166,-752
6333,428.5,-233,3704,-136,-737
6334,428.6,-164,3687,-107,-721
6335,428.7,-97,3671,-79,-704
6336,428.8,-29,3653,-51,-686
6337,428.9,37,3638,-25,-668
6338,429,103,3622,0,-650
6339,429.1,167,3607,24,-633
6340,429.2,230,3592,45,-616
6341,429.3,290,3576,65,-600
6342,429.4,351,3562,82,-585
6343,429.5,410,3549,98,-570
6344,429.6,467,3536,112,-555
6345,429.7,523,3523,123,-540
6346,429.8,576,3511,133,-525
6347,429.9,627,3501,140,-510
6348,430,676,3491,146,-494
6349,430.1,723,3483,150,-478
6350,430.2,769,3475,152,-462
6351,430.3,813,3469,152,-445
6352,430.4,857,3465,150,-429
6353,430.5,899,3463,147,-411
6354,430.6,940,3462,143,-393
6355,430.7,981,3462,139,-374
6356,430.8,1020,3463,134,-355
6357,430.9,1058,3466,128,-335
6358,431,1093,3469,121,-315
6359,431.1,1126,3471,113,-294
6360,431.2,1157,3475,104,-272
6361,431.3,1186,3478,95,-248
6362,431.4,1212,3480,87,-224
6363,431.5,1237,3482,79,-198
6364,431.6,1260,3482,71,-171
6365,431.7,1282,3481,64,-142
6366,431.8,1302,3479,59,-112
6367,431.9,1321,3476,53,-82
6368,432,1338,3470,49,-51
6369,432.1,1353,3461,45,-21
6370,432.2,1366,3450,41,9
6371,432.3,1377,3437,38,38
6372,432.4,1386,3422,35,68
6373,432.5,1393,3404,33,97
6374,432.6,1397,3382,32,125
6375,432.7,1400,3360,30,152
6376,432.8,1401,3335,29,179
6377,432.9,1399,3308,28,205
6378,433,1396,3278,28,230
6379,433.1,1391,3246,28,255
6380,433.2,1385,3212,29,280
6381,433.3,1376,3176,29,304
6382,433.4,1366,3138,29,328
6383,433.5,1354,3098,28,350
6384,433.6,1341,3056,27,371
6385,433.7,1326,3013,26,391
6386,433.8,1309,2968,25,408
6387,433.9,1292,2922,23,423
6388,434,1273,2874,21,434
6389,434.1,1254,2824,18,443
6390,434.2,1234,2772,14,450
6391,434.3,1213,2720,10,455
6392,434.4,1192,2667,5,457
6393,434.5,1170,2614,0,459
6394,434.6,1148,2561,-7,459
6395,434.7,1127,2507,-14,458
6396,434.8,1105,2455,-22,456
6397,434.9,1084,2403,-30,452
6398,435,1065,2351,-38,448
6399,435.1,1047,2300,-46,442
6400,435.2,1030,2251,-53,436
6401,435.3,1016,2202,-61,429
6402,435.4,1004,2153,-69,422
6403,435.5,993,2107,-76,414
6404,435.6,983,2063,-84,406
6405,435.7,975,2021,-91,398
6406,435.8,968,1982,-98,389
6407,435.9,962,1944,-105,382
6408,436,957,1909,-111,374
6409,436.1,953,1875,-116,367
6410,436.2,949,1842,-122,360
6411,436.3,945,1811,-127,352
6412,436.4,940,1781,-133,344
6413,436.5,935,1752,-139,335
6414,436.6,929,1723,-145,326
6415,436.7,923,1695,-151,316
6416,436.8,917,1668,-156,305
6417,436.9,910,1641,-160,294
6418,437,905,1614,-164,281
6419,437.1,899,1586,-166,267
6420,437.2,895,1558,-168,253
6421,437.3,890,1530,-168,238
6422,437.4,887,1502,-167,223
6423,437.5,883,1472,-164,207
6424,437.6,881,1442,-161,190
6425,437.7,878,1409,-156,173
6426,437.8,876,1375,-152,156
6427,437.9,875,1337,-146,139
6428,438,874,1297,-141,122
6429,438.1,873,1254,-135,106
6430,438.2,872,1207,-129,91
6431,438.3,871,1158,-122,76
6432,438.4,870,1104,-115,62
6433,438.5,869,1050,-107,48
6434,438.6,868,993,-98,35
6435,438.7,867,933,-88,23
6436,438.8,865,871,-78,10
6437,438.9,864,808,-68,-1
6438,439,862,742,-57,-11
6439,439.1,859,675,-46,-20
6440,439.2,856,607,-34,-28
6441,439.3,852,537,-22,-35
6442,439.4,847,466,-9,-41
6443,439.5,840,393,3,-47
6444,439.6,833,320,16,-51
6445,439.7,824,244,28,-55
6446,439.8,815,168,41,-59
6447,439.9,806,91,55,-62
6448,440,797,13,69,-65
6449,440.1,787,-66,84,-69
6450,440.2,778,-145,99,-72
6451,440.3,769,-225,115,-76
6452,440.4,761,-306,131,-80
6453,440.5,752,-387,147,-85
6454,440.6,743,-469,162,-91
6455,440.7,734,-551,177,-98
6456,440.8,723,-633,191,-106
6457,440.9,714,-715,204,-115
6458,441,705,-796,217,-125
6459,441.1,696,-877,230,-135
6460,441.2,688,-956,241,-145
6461,441.3,680,-1035,252,-154
6462,441.4,671,-1113,261,-164
6463,441.5,663,-1189,269,-173
6464,441.6,654,-1264,276,-182
6465,441.7,646,-1336,282,-191
6466,441.8,637,-1407,288,-200
6467,441.9,628,-1476,294,-210
6468,442,619,-1543,300,-220
6469,442.1,609,-1609,305,-230
6470,442.2,598,-1672,309,-242
6471,442.3,586,-1734,313,-254
6472,442.4,574,-1794,317,-266
6473,442.5,561,-1852,320,-279
6474,442.6,549,-1908,324,-291
6475,442.7,537,-1962,327,-304
6476,442.8,525,-2014,330,-315
6477,442.9,513,-2065,332,-326
6478,443,500,-2113,335,-336
6479,443.1,486,-2160,337,-343
6480,443.2,471,-2205,338,-349
6481,443.3,454,-2248,339,-352
6482,443.4,435,-2289,339,-354
6483,443.5,414,-2327,339,-353
6484,443.6,396,-2364,338,-350
6485,443.7,381,-2400,337,-345
6486,443.8,371,-2433,335,-339
6487,443.9,366,-2465,334,-330
6488,444,368,-2495,332,-320
6489,444.1,375,-2522,330,-307
6490,444.2,386,-2549,327,-292
6491,444.3,399,-2574,323,-276
6492,444.4,413,-2599,318,-257
6493,444.5,426,-2624,313,-236
6494,444.6,439,-2648,307,-213
6495,444.7,449,-2672,302,-187
6496,444.8,457,-2696,296,-159
6497,444.9,464,-2722,291,-130
6498,445,471,-2749,285,-98
6499,445.1,478,-2777,278,-65
6500,445.2,488,-2807,271,-30
6501,445.3,501,-2838,263,6
6502,445.4,517,-2870,253,42
6503,445.5,534,-2906,243,78
6504,445.6,551,-2943,231,115
6505,445.7,565,-2984,219,153
6506,445.8,573,-3026,206,191
6507,445.9,573,-3070,193,231
6508,446,565,-3116,179,271
6509,446.1,547,-3164,165,313
6510,446.2,521,-3214,151,356
6511,446.3,491,-3265,137,398
6512,446.4,458,-3317,122,441
6513,446.5,427,-3372,106,483
6514,446.6,402,-3428,91,525
6515,446.7,384,-3485,76,568
6516,446.8,375,-3544,62,610
6517,446.9,374,-3603,50,652
6518,447,379,-3663,39,694
6519,447.1,387,-3725,28,735
6520,447.2,397,-3787,19,777
6521,447.3,407,-3851,10,817
6522,447.4,415,-3914,2,857
6523,447.5,423,-3979,-5,897
6524,447.6,431,-4045,-11,935
6525,447.7,438,-4111,-16,973
6526,447.8,443,-4177,-20,1010
6527,447.9,444,-4244,-23,1045
6528,448,438,-4311,-26,1079
6529,448.1,427,-4379,-29,1111
6530,448.2,411,-4446,-31,1142
6531,448.3,392,-4514,-32,1171
6532,448.4,373,-4582,-31,1199
6533,448.5,352,-4647,-29,1226
6534,448.6,328,-4713,-26,1252
6535,448.7,292,-4777,-21,1277
6536,448.8,240,-4841,-17,1301
6537,448.9,165,-4902,-11,1324
6538,449,70,-4963,-7,1347
6539,449.1,-43,-5023,-2,1369
6540,449.2,-161,-5081,1,1390
6541,449.3,-273,-5139,4,1411
6542,449.4,-368,-5196,6,1432
6543,449.5,-438,-5251,6,1453
6544,449.6,-480,-5306,6,1474
6545,449.7,-497,-5361,5,1494
6546,449.8,-495,-5414,3,1513
6547,449.9,-482,-5467,0,1532
6548,450,-467,-5520,-4,1550
6549,450.1,-458,-5572,-9,1567
6550,450.2,-459,-5625,-15,1582
6551,450.3,-476,-5677,-20,1596
6552,450.4,-510,-5727,-26,1611
6553,450.5,-565,-5777,-31,1625
6554,450.6,-642,-5827,-36,1639
6555,450.7,-742,-5875,-43,1653
6556,450.8,-860,-5924,-50,1666
6557,450.9,-993,-5972,-58,1678
6558,451,-1131,-6019,-67,1690
6559,451.1,-1263,-6066,-77,1702
6560,451.2,-1381,-6111,-88,1713
6561,451.3,-1474,-6157,-98,1723
6562,451.4,-1537,-6202,-107,1735
6563,451.5,-1565,-6245,-117,1746
6564,451.6,-1558,-6288,-125,1757
6565,451.7,-1520,-6331,-133,1768
6566,451.8,-1459,-6371,-141,1779
6567,451.9,-1384,-6412,-149,1789
6568,452,-1306,-6450,-156,1799
6569,452.1,-1235,-6488,-162,1809
6570,452.2,-1177,-6526,-168,1818
6571,452.3,-1136,-6562,-173,1827
6572,452.4,-1116,-6598,-178,1835
6573,452.5,-1120,-6632,-183,1844
6574,452.6,-1150,-6667,-188,1852
6575,452.7,-1206,-6701,-193,1860
6576,452.8,-1281,-6733,-198,1866
6577,452.9,-1369,-6766,-203,1872
6578,453,-1458,-6796,-209,1876
6579,453.1,-1537,-6827,-215,1880
6580,453.2,-1595,-6856,-222,1883
6581,453.3,-1626,-6882,-230,1887
6582,453.4,-1631,-6908,-238,1890
6583,453.5,-1610,-6930,-248,1892
6584,453.6,-1570,-6951,-257,1894
6585,453.7,-1518,-6970,-268,1895
6586,453.8,-1462,-6987,-279,1896
6587,453.9,-1408,-7002,-289,1896
6588,454,-1362,-7014,-300,1895
6589,454.1,-1326,-7025,-312,1894
6590,454.2,-1301,-7033,-325,1892
6591,454.3,-1287,-7039,-337,1890
6592,454.4,-1284,-7043,-351,1886
6593,454.5,-1296,-7046,-364,1881
6594,454.6,-1321,-7047,-378,1875
6595,454.7,-1360,-7046,-393,1868
6596,454.8,-1409,-7044,-408,1859
6597,454.9,-1466,-7039,-423,1849
6598,455,-1525,-7033,-439,1838
6599,455.1,-1580,-7023,-455,1826
6600,455.2,-1625,-7012,-472,1813
6601,455.3,-1655,-6998,-489,1800
6602,455.4,-1667,-6982,-507,1786
6603,455.5,-1657,-6964,-526,1771
6604,455.6,-1627,-6943,-545,1755
6605,455.7,-1580,-6921,-565,1740
6606,455.8,-1518,-6895,-585,1723
6607,455.9,-1448,-6868,-606,1708
6608,456,-1374,-6840,-626,1693
6609,456.1,-1300,-6808,-647,1677
6610,456.2,-1229,-6775,-667,1662
6611,456.3,-1163,-6741,-687,1647
6612,456.4,-1103,-6705,-706,1634
6613,456.5,-1053,-6670,-726,1622
6614,456.6,-1015,-6633,-745,1612
6615,456.7,-990,-6598,-765,1602
6616,456.8,-979,-6562,-784,1594
6617,456.9,-979,-6528,-803,1588
6618,457,-986,-6495,-821,1584
6619,457.1,-996,-6462,-840,1583
6620,457.2,-1003,-6431,-859,1585
6621,457.3,-1003,-6400,-879,1589
6622,457.4,-995,-6372,-899,1595
6623,457.5,-977,-6345,-920,1604
6624,457.6,-951,-6318,-941,1615
6625,457.7,-917,-6294,-962,1628
6626,457.8,-877,-6271,-983,1642
6627,457.9,-832,-6250,-1004,1660
6628,458,-784,-6230,-1024,1679
6629,458.1,-736,-6210,-1044,1700
6630,458.2,-690,-6192,-1063,1722
6631,458.3,-648,-6173,-1082,1746
6632,458.4,-611,-6154,-1099,1771
6633,458.5,-582,-6134,-1115,1798
6634,458.6,-562,-6113,-1129,1825
6635,458.7,-559,-6091,-1141,1853
6636,458.8,-574,-6067,-1152,1883
6637,458.9,-609,-6041,-1162,1913
6638,459,-665,-6015,-1171,1943
6639,459.1,-735,-5987,-1178,1973
6640,459.2,-813,-5957,-1185,2003
6641,459.3,-892,-5926,-1191,2032
6642,459.4,-964,-5892,-1196,2060
6643,459.5,-1028,-5857,-1199,2087
6644,459.6,-1084,-5820,-1202,2112
6645,459.7,-1135,-5781,-1203,2136
6646,459.8,-1185,-5741,-1203,2159
6647,459.9,-1237,-5699,-1201,2181
6648,460,-1293,-5653,-1197,2202
6649,460.1,-1356,-5607,-1190,2221
6650,460.2,-1427,-5559,-1183,2239
6651,460.3,-1506,-5508,-1174,2255
6652,460.4,-1598,-5456,-1164,2269
6653,460.5,-1702,-5404,-1152,2282
6654,460.6,-1818,-5350,-1139,2293
6655,460.7,-1943,-5296,-1124,2302
6656,460.8,-2072,-5242,-1108,2310
6657,460.9,-2197,-5187,-1090,2316
6658,461,-2310,-5133,-1072,2321
6659,461.1,-2403,-5079,-1052,2325
6660,461.2,-2471,-5024,-1032,2329
6661,461.3,-2510,-4970,-1011,2333
6662,461.4,-2520,-4917,-989,2336
6663,461.5,-2501,-4863,-967,2339
6664,461.6,-2457,-4809,-944,2341
6665,461.7,-2392,-4757,-921,2342
6666,461.8,-2312,-4704,-898,2343
6667,461.9,-2226,-4650,-874,2344
6668,462,-2137,-4598,-850,2344
6669,462.1,-2048,-4547,-826,2344
6670,462.2,-1959,-4495,-801,2343
6671,462.3,-1865,-4443,-774,2343
6672,462.4,-1759,-4393,-746,2342
6673,462.5,-1639,-4343,-717,2342
6674,462.6,-1507,-4293,-687,2341
6675,462.7,-1366,-4245,-657,2341
6676,462.8,-1229,-4198,-625,2341
6677,462.9,-1101,-4152,-592,2341
6678,463,-989,-4106,-559,2340
6679,463.1,-894,-4063,-525,2340
6680,463.2,-814,-4019,-490,2341
6681,463.3,-747,-3977,-456,2342
6682,463.4,-690,-3934,-421,2344
6683,463.5,-638,-3892,-385,2346
6684,463.6,-589,-3852,-350,2349
6685,463.7,-540,-3811,-314,2353
6686,463.8,-491,-3771,-279,2356
6687,463.9,-442,-3730,-244,2360
6688,464,-392,-3690,-210,2365
6689,464.1,-340,-3650,-177,2369
6690,464.2,-287,-3610,-145,2374
6691,464.3,-231,-3569,-113,2379
6692,464.4,-173,-3528,-81,2384
6693,464.5,-116,-3486,-50,2389
6694,464.6,-62,-3443,-20,2396
6695,464.7,-16,-3399,10,2403
6696,464.8,22,-3353,38,2410
6697,464.9,51,-3306,65,2418
6698,465,69,-3259,92,2425
6699,465.1,77,-3211,117,2433
6700,465.2,68,-3161,143,2440
6701,465.3,33,-3108,168,2449
6702,465.4,-42,-3055,192,2457
6703,465.5,-168,-3001,215,2465
6704,465.6,-349,-2947,238,2472
6705,465.7,-566,-2891,260,2478
6706,465.8,-784,-2834,280,2484
6707,465.9,-958,-2779,300,2487
6708,466,-1055,-2724,318,2489
6709,466.1,-1063,-2669,334,2490
6710,466.2,-997,-2616,350,2489
6711,466.3,-883,-2565,365,2487
6712,466.4,-740,-2513,379,2482
6713,466.5,-565,-2463,393,2475
6714,466.6,-337,-2413,407,2467
6715,466.7,-32,-2363,420,2457
6716,466.8,352,-2313,433,2444
6717,466.9,787,-2263,447,2429
6718,467,1224,-2212,460,2412
6719,467.1,1612,-2159,473,2394
6720,467.2,1917,-2107,487,2373
6721,467.3,2131,-2054,502,2351
6722,467.4,2266,-2000,518,2328
6723,467.5,2344,-1947,535,2304
6724,467.6,2385,-1893,552,2278
6725,467.7,2405,-1839,570,2250
6726,467.8,2414,-1785,587,2219
6727,467.9,2418,-1731,605,2186
6728,468,2422,-1677,623,2151
6729,468.1,2425,-1623,640,2113
6730,468.2,2428,-1569,658,2073
6731,468.3,2432,-1514,676,2031
6732,468.4,2436,-1458,693,1987
6733,468.5,2441,-1402,710,1941
6734,468.6,2445,-1344,725,1893
6735,468.7,2452,-1286,738,1843
6736,468.8,2460,-1226,749,1793
6737,468.9,2469,-1165,757,1742
6738,469,2479,-1104,763,1691
6739,469.1,2490,-1041,765,1640
6740,469.2,2502,-979,765,1590
6741,469.3,2514,-916,761,1539
6742,469.4,2528,-854,756,1489
6743,469.5,2543,-792,749,1440
6744,469.6,2559,-730,741,1391
6745,469.7,2576,-668,732,1342
6746,469.8,2593,-607,721,1295
6747,469.9,2609,-547,711,1249
6748,470,2627,-488,700,1205
6749,470.1,2644,-429,689,1162
6750,470.2,2662,-372,678,1121
6751,470.3,2679,-315,668,1082
6752,470.4,2696,-260,658,1045
6753,470.5,2712,-205,650,1010
6754,470.6,2728,-151,641,976
6755,470.7,2744,-98,634,943
6756,470.8,2758,-45,627,911
6757,470.9,2773,8,621,880
6758,471,2786,61,618,850
6759,471.1,2799,114,615,820
6760,471.2,2811,167,615,791
6761,471.3,2822,220,617,760
6762,471.4,2831,274,621,730
6763,471.5,2838,328,626,701
6764,471.6,2843,382,632,671
6765,471.7,2845,436,639,641
6766,471.8,2847,489,647,611
6767,471.9,2848,543,656,582
6768,472,2847,597,665,553
6769,472.1,2845,650,676,523
6770,472.2,2842,703,687,493
6771,472.3,2838,756,700,463
6772,472.4,2834,810,714,432
6773,472.5,2830,864,731,401
6774,472.6,2826,918,749,369
6775,472.7,2820,972,768,337
6776,472.8,2814,1027,789,303
6777,472.9,2805,1080,812,269
6778,473,2797,1134,836,233
6779,473.1,2788,1188,861,197
6780,473.2,2779,1243,887,159
6781,473.3,2768,1298,914,121
6782,473.4,2757,1353,940,83
6783,473.5,2744,1409,967,43
6784,473.6,2732,1464,994,4
6785,473.7,2719,1519,1021,-36
6786,473.8,2705,1575,1048,-76
6787,473.9,2692,1631,1075,-115
6788,474,2678,1686,1103,-153
6789,474.1,2663,1741,1131,-191
6790,474.2,2648,1797,1159,-228
6791,474.3,2634,1853,1188,-265
6792,474.4,2620,1908,1216,-299
6793,474.5,2606,1962,1244,-333
6794,474.6,2592,2016,1272,-364
6795,474.7,2578,2069,1299,-394
6796,474.8,2565,2122,1325,-422
6797,474.9,2552,2172,1351,-448
6798,475,2538,2222,1377,-471
6799,475.1,2524,2271,1402,-492
6800,475.2,2510,2320,1427,-510
6801,475.3,2496,2368,1451,-526
6802,475.4,2482,2415,1476,-540
6803,475.5,2467,2461,1501,-552
6804,475.6,2453,2505,1525,-562
6805,475.7,2438,2549,1549,-570
6806,475.8,2422,2592,1573,-576
6807,475.9,2406,2634,1596,-580
6808,476,2388,2675,1617,-582
6809,476.1,2371,2715,1639,-582
6810,476.2,2352,2754,1660,-580
6811,476.3,2332,2793,1680,-577
6812,476.4,2311,2833,1699,-573
6813,476.5,2290,2873,1717,-567
6814,476.6,2267,2913,1734,-560
6815,476.7,2243,2954,1749,-552
6816,476.8,2219,2994,1763,-543
6817,476.9,2194,3036,1775,-534
6818,477,2169,3077,1786,-525
6819,477.1,2142,3118,1795,-517
6820,477.2,2114,3158,1803,-510
6821,477.3,2084,3198,1809,-503
6822,477.4,2052,3236,1813,-498
6823,477.5,2018,3273,1815,-495
6824,477.6,1982,3310,1815,-493
6825,477.7,1945,3346,1815,-492
6826,477.8,1906,3381,1812,-492
6827,477.9,1865,3414,1809,-495
6828,478,1822,3447,1805,-498
6829,478.1,1776,3479,1801,-503
6830,478.2,1729,3511,1797,-509
6831,478.3,1678,3540,1792,-517
6832,478.4,1628,3571,1787,-526
6833,478.5,1575,3602,1782,-536
6834,478.6,1522,3633,1777,-548
6835,478.7,1467,3665,1771,-562
6836,478.8,1411,3696,1764,-578
6837,478.9,1353,3727,1757,-595
6838,479,1294,3759,1747,-615
6839,479.1,1234,3790,1737,-636
6840,479.2,1173,3819,1725,-658
6841,479.3,1111,3849,1712,-682
6842,479.4,1048,3877,1697,-709
6843,479.5,984,3905,1680,-738
6844,479.6,920,3931,1662,-769
6845,479.7,855,3957,1642,-802
6846,479.8,789,3982,1622,-836
6847,479.9,723,4007,1601,-872
6848,480,657,4032,1579,-909
6849,480.1,589,4055,1558,-947
6850,480.2,521,4080,1535,-987
6851,480.3,452,4103,1513,-1027
6852,480.4,382,4127,1491,-1069
6853,480.5,312,4149,1469,-1111
6854,480.6,241,4172,1447,-1155
6855,480.7,169,4195,1426,-1199
6856,480.8,96,4216,1404,-1244
6857,480.9,22,4237,1382,-1289
6858,481,-52,4258,1361,-1335
6859,481.1,-127,4277,1339,-1382
6860,481.2,-202,4293,1318,-1430
6861,481.3,-277,4310,1297,-1479
6862,481.4,-353,4325,1275,-1527
6863,481.5,-430,4339,1254,-1576
6864,481.6,-507,4350,1232,-1626
6865,481.7,-585,4361,1210,-1675
6866,481.8,-664,4371,1188,-1724
6867,481.9,-742,4379,1166,-1773
6868,482,-819,4385,1143,-1821
6869,482.1,-896,4391,1122,-1869
6870,482.2,-971,4395,1101,-1917
6871,482.3,-1045,4398,1080,-1964
6872,482.4,-1117,4398,1060,-2011
6873,482.5,-1187,4398,1040,-2056
6874,482.6,-1256,4395,1020,-2100
6875,482.7,-1324,4390,1001,-2143
6876,482.8,-1389,4384,983,-2182
6877,482.9,-1453,4377,965,-2220
6878,483,-1514,4368,947,-2257
6879,483.1,-1574,4357,931,-2292
6880,483.2,-1632,4347,916,-2324
6881,483.3,-1688,4336,901,-2354
6882,483.4,-1743,4324,888,-2381
6883,483.5,-1794,4312,875,-2406
6884,483.6,-1846,4300,863,-2428
6885,483.7,-1896,4287,849,-2449
6886,483.8,-1945,4275,837,-2468
6887,483.9,-1992,4261,825,-2485
6888,484,-2039,4249,814,-2502
6889,484.1,-2085,4236,802,-2517
6890,484.2,-2130,4223,792,-2529
6891,484.3,-2173,4210,781,-2541
6892,484.4,-2215,4196,771,-2551
6893,484.5,-2257,4183,760,-2561
6894,484.6,-2299,4167,748,-2569
6895,484.7,-2339,4152,737,-2577
6896,484.8,-2379,4135,725,-2584
6897,484.9,-2416,4118,714,-2589
6898,485,-2452,4100,704,-2593
6899,485.1,-2484,4082,694,-2596
6900,485.2,-2515,4065,685,-2598
6901,485.3,-2545,4047,676,-2600
6902,485.4,-2573,4027,667,-2601
6903,485.5,-2600,4009,657,-2601
6904,485.6,-2627,3990,647,-2602
6905,485.7,-2652,3973,637,-2603
6906,485.8,-2677,3956,626,-2605
6907,485.9,-2702,3940,613,-2608
6908,486,-2726,3927,601,-2611
6909,486.1,-2750,3915,588,-2613
6910,486.2,-2774,3905,574,-2617
6911,486.3,-2797,3896,560,-2620
6912,486.4,-2822,3889,546,-2623
6913,486.5,-2848,3883,530,-2627
6914,486.6,-2874,3879,513,-2630
6915,486.7,-2902,3875,495,-2633
6916,486.8,-2931,3872,475,-2637
6917,486.9,-2960,3870,454,-2641
6918,487,-2991,3869,431,-2645
6919,487.1,-3022,3867,406,-2649
6920,487.2,-3054,3868,381,-2652
6921,487.3,-3087,3869,354,-2656
6922,487.4,-3120,3871,326,-2658
6923,487.5,-3155,3873,296,-2662
6924,487.6,-3190,3878,265,-2665
6925,487.7,-3226,3883,234,-2667
6926,487.8,-3260,3890,203,-2669
6927,487.9,-3292,3899,173,-2669
6928,488,-3324,3909,143,-2667
6929,488.1,-3353,3920,113,-2665
6930,488.2,-3381,3933,84,-2662
6931,488.3,-3408,3947,55,-2657
6932,488.4,-3432,3962,26,-2652
6933,488.5,-3455,3979,-2,-2646
6934,488.6,-3476,3997,-31,-2639
6935,488.7,-3495,4016,-59,-2631
6936,488.8,-3512,4034,-87,-2623
6937,488.9,-3526,4055,-115,-2615
6938,489,-3538,4075,-143,-2606
6939,489.1,-3547,4096,-170,-2597
6940,489.2,-3554,4114,-198,-2585
6941,489.3,-3559,4132,-225,-2575
6942,489.4,-3560,4149,-251,-2564
6943,489.5,-3560,4164,-276,-2552
6944,489.6,-3558,4177,-300,-2539
6945,489.7,-3553,4189,-323,-2526
6946,489.8,-3545,4201,-345,-2510
6947,489.9,-3535,4211,-365,-2493
6948,490,-3523,4221,-384,-2475
6949,490.1,-3508,4230,-401,-2456
6950,490.2,-3491,4239,-417,-2435
6951,490.3,-3469,4248,-432,-2414
6952,490.4,-3445,4254,-445,-2392
6953,490.5,-3417,4262,-458,-2370
6954,490.6,-3385,4269,-470,-2349
6955,490.7,-3350,4276,-483,-2328
6956,490.8,-3311,4281,-495,-2307
6957,490.9,-3270,4288,-508,-2287
6958,491,-3225,4293,-521,-2267
6959,491.1,-3177,4297,-534,-2247
6960,491.2,-3127,4301,-548,-2226
6961,491.3,-3074,4303,-564,-2207
6962,491.4,-3019,4305,-580,-2189
6963,491.5,-2963,4304,-598,-2172
6964,491.6,-2904,4304,-618,-2156
6965,491.7,-2843,4303,-638,-2141
6966,491.8,-2779,4302,-660,-2126
6967,491.9,-2714,4299,-683,-2111
6968,492,-2648,4298,-706,-2097
6969,492.1,-2580,4295,-730,-2084
6970,492.2,-2513,4293,-754,-2071
6971,492.3,-2444,4289,-779,-2059
6972,492.4,-2376,4285,-805,-2047
6973,492.5,-2307,4281,-831,-2035
6974,492.6,-2239,4276,-858,-2024
6975,492.7,-2170,4270,-885,-2012
6976,492.8,-2102,4265,-912,-1999
6977,492.9,-2035,4260,-939,-1987
6978,493,-1967,4254,-966,-1976
6979,493.1,-1900,4248,-993,-1965
6980,493.2,-1833,4242,-1021,-1954
6981,493.3,-1767,4237,-1050,-1943
6982,493.4,-1701,4230,-1077,-1933
6983,493.5,-1637,4224,-1106,-1922
6984,493.6,-1572,4218,-1134,-1909
6985,493.7,-1508,4213,-1161,-1898
6986,493.8,-1443,4208,-1188,-1886
6987,493.9,-1380,4203,-1215,-1874
6988,494,-1317,4198,-1240,-1862
6989,494.1,-1255,4193,-1265,-1850
6990,494.2,-1193,4187,-1290,-1839
6991,494.3,-1132,4183,-1313,-1826
6992,494.4,-1073,4178,-1336,-1814
6993,494.5,-1016,4173,-1357,-1800
6994,494.6,-960,4167,-1377,-1787
6995,494.7,-906,4161,-1395,-1773
6996,494.8,-853,4155,-1411,-1759
6997,494.9,-803,4149,-1425,-1745
6998,495,-753,4141,-1437,-1729
6999,495.1,-705,4133,-1447,-1712
7000,495.2,-657,4124,-1454,-1693
7001,495.3,-610,4115,-1459,-1673
7002,495.4,-564,4103,-1461,-1652
7003,495.5,-519,4091,-1462,-1628
7004,495.6,-475,4077,-1462,-1605
7005,495.7,-430,4062,-1460,-1580
7006,495.8,-387,4045,-1458,-1555
7007,495.9,-344,4027,-1454,-1528
7008,496,-301,4007,-1450,-1501
7009,496.1,-259,3986,-1447,-1474
7010,496.2,-217,3963,-1443,-1446
7011,496.3,-175,3939,-1439,-1418
7012,496.4,-132,3914,-1434,-1390
7013,496.5,-90,3889,-1428,-1359
7014,496.6,-47,3861,-1421,-1329
7015,496.7,-4,3834,-1413,-1299
7016,496.8,40,3804,-1405,-1268
7017,496.9,82,3773,-1398,-1238
7018,497,125,3738,-1390,-1209
7019,497.1,168,3702,-1383,-1179
7020,497.2,210,3663,-1377,-1151
7021,497.3,253,3623,-1371,-1122
7022,497.4,295,3581,-1364,-1094
7023,497.5,337,3536,-1357,-1066
7024,497.6,377,3490,-1349,-1037
7025,497.7,416,3442,-1341,-1009
7026,497.8,452,3392,-1333,-981
7027,497.9,487,3340,-1325,-953
7028,498,519,3285,-1318,-925
7029,498.1,550,3230,-1310,-898
7030,498.2,579,3172,-1301,-871
7031,498.3,608,3114,-1293,-845
7032,498.4,636,3055,-1285,-819
7033,498.5,663,2994,-1277,-793
7034,498.6,688,2934,-1269,-768
7035,498.7,713,2874,-1262,-744
7036,498.8,736,2814,-1255,-720
7037,498.9,759,2754,-1249,-698
7038,499,781,2693,-1243,-677
7039,499.1,802,2634,-1238,-658
7040,499.2,823,2575,-1233,-640
7041,499.3,842,2516,-1228,-624
7042,499.4,860,2458,-1224,-610
7043,499.5,877,2401,-1220,-597
7044,499.6,893,2344,-1217,-586
7045,499.7,908,2287,-1215,-576
7046,499.8,921,2231,-1214,-568
7047,499.9,932,2176,-1214,-562
7048,500,942,2121,-1214,-558
7049,500.1,950,2068,-1215,-556
7050,500.2,958,2016,-1215,-554
7051,500.3,964,1966,-1214,-552
7052,500.4,969,1917,-1214,-553
7053,500.5,973,1868,-1213,-553
7054,500.6,976,1821,-1212,-555
7055,500.7,979,1776,-1212,-557
7056,500.8,980,1731,-1211,-559
7057,500.9,980,1687,-1209,-561
7058,501,981,1645,-1209,-563
7059,501.1,980,1604,-1207,-564
7060,501.2,978,1565,-1206,-566
7061,501.3,976,1527,-1204,-567
7062,501.4,975,1490,-1202,-568
7063,501.5,973,1456,-1200,-568
7064,501.6,971,1422,-1198,-568
7065,501.7,970,1391,-1195,-567
7066,501.8,970,1361,-1192,-565
7067,501.9,970,1334,-1189,-561
7068,502,971,1308,-1186,-555
7069,502.1,973,1283,-1182,-548
7070,502.2,975,1260,-1179,-539
7071,502.3,977,1238,-1175,-529
7072,502.4,978,1217,-1173,-517
7073,502.5,980,1196,-1173,-504
7074,502.6,982,1175,-1173,-490
7075,502.7,983,1154,-1173,-474
7076,502.8,984,1135,-1174,-456
7077,502.9,985,1117,-1174,-437
7078,503,986,1100,-1173,-415
7079,503.1,987,1085,-1171,-391
7080,503.2,988,1070,-1169,-366
7081,503.3,989,1057,-1166,-338
7082,503.4,990,1044,-1162,-309
7083,503.5,990,1030,-1159,-278
7084,503.6,990,1017,-1155,-247
7085,503.7,990,1003,-1150,-215
7086,503.8,991,989,-1146,-182
7087,503.9,992,974,-1141,-147
7088,504,993,959,-1135,-113
7089,504.1,995,944,-1129,-78
7090,504.2,998,927,-1123,-43
7091,504.3,1002,909,-1117,-9
7092,504.4,1006,890,-1111,24
7093,504.5,1010,871,-1105,57
7094,504.6,1017,850,-1099,88
7095,504.7,1024,828,-1092,118
7096,504.8,1033,805,-1083,146
7097,504.9,1042,781,-1074,173
7098,505,1051,756,-1063,199
7099,505.1,1061,730,-1051,224
7100,505.2,1072,703,-1038,248
7101,505.3,1082,675,-1023,271
7102,505.4,1092,647,-1007,295
7103,505.5,1101,617,-989,318
7104,505.6,1110,586,-968,341
7105,505.7,1118,553,-943,364
7106,505.8,1126,520,-915,387
7107,505.9,1133,486,-883,410
7108,506,1138,452,-848,432
7109,506.1,1144,418,-810,455
7110,506.2,1148,383,-770,478
7111,506.3,1153,348,-728,501
7112,506.4,1156,314,-683,525
7113,506.5,1160,281,-638,549
7114,506.6,1165,248,-590,574
7115,506.7,1169,217,-541,599
7116,506.8,1175,186,-492,624
7117,506.9,1181,157,-441,649
7118,507,1187,129,-391,673
7119,507.1,1195,102,-341,696
7120,507.2,1202,76,-292,719
7121,507.3,1210,51,-244,741
7122,507.4,1218,28,-197,763
7123,507.5,1227,6,-151,784
7124,507.6,1238,-14,-105,805
7125,507.7,1250,-32,-61,826
7126,507.8,1263,-49,-18,847
7127,507.9,1277,-63,24,869
7128,508,1292,-76,65,890
7129,508.1,1307,-87,104,910
7130,508.2,1323,-97,142,931
7131,508.3,1338,-104,178,952
7132,508.4,1354,-111,213,973
7133,508.5,1370,-115,248,994
7134,508.6,1385,-118,281,1014
7135,508.7,1399,-119,313,1034
7136,508.8,1412,-119,344,1053
7137,508.9,1426,-117,373,1072
7138,509,1438,-113,401,1091
7139,509.1,1451,-107,426,1109
7140,509.2,1463,-100,450,1127
7141,509.3,1474,-92,473,1144
7142,509.4,1485,-82,493,1162
7143,509.5,1496,-72,512,1179
7144,509.6,1506,-61,530,1196
7145,509.7,1516,-49,547,1212
7146,509.8,1525,-38,563,1230
7147,509.9,1533,-26,578,1247
7148,510,1541,-15,592,1264
7149,510.1,1548,-4,606,1282
7150,510.2,1553,7,619,1299
7151,510.3,1557,16,632,1315
7152,510.4,1559,25,645,1331
7153,510.5,1560,33,659,1347
7154,510.6,1560,41,674,1362
7155,510.7,1557,47,689,1377
7156,510.8,1552,52,704,1392
7157,510.9,1543,55,719,1405
7158,511,1532,57,733,1417
7159,511.1,1518,57,747,1429
7160,511.2,1501,55,760,1440
7161,511.3,1480,52,774,1450
7162,511.4,1456,47,786,1459
7163,511.5,1428,41,798,1468
7164,511.6,1398,34,810,1475
7165,511.7,1364,27,822,1481
7166,511.8,1328,18,833,1486
7167,511.9,1289,10,843,1489
7168,512,1247,1,853,1491
7169,512.1,1203,-9,862,1490
7170,512.2,1157,-20,869,1488
7171,512.3,1109,-31,875,1485
7172,512.4,1058,-43,881,1479
7173,512.5,1007,-54,886,1473
7174,512.6,954,-66,891,1465
7175,512.7,899,-78,896,1456
7176,512.8,844,-92,901,1446
7177,512.9,788,-106,906,1435
7178,513,730,-121,911,1425
7179,513.1,672,-137,915,1413
7180,513.2,614,-154,919,1401
7181,513.3,555,-172,922,1389
7182,513.4,495,-191,925,1378
7183,513.5,436,-212,927,1367
7184,513.6,375,-233,929,1356
7185,513.7,315,-255,930,1345
7186,513.8,254,-278,929,1335
7187,513.9,192,-302,927,1324
7188,514,130,-327,924,1312
7189,514.1,68,-352,919,1301
7190,514.2,5,-377,912,1289
7191,514.3,-59,-402,905,1278
7192,514.4,-122,-427,896,1267
7193,514.5,-184,-451,886,1258
7194,514.6,-246,-474,875,1250
7195,514.7,-307,-496,864,1244
7196,514.8,-366,-517,852,1240
7197,514.9,-423,-537,839,1238
7198,515,-478,-555,826,1237
7199,515.1,-530,-572,812,1239
7200,515.2,-579,-588,799,1243
7201,515.3,-626,-604,787,1248
7202,515.4,-670,-619,774,1256
7203,515.5,-712,-635,762,1264
7204,515.6,-751,-650,750,1274
7205,515.7,-789,-666,739,1283
7206,515.8,-824,-682,727,1295
7207,515.9,-858,-698,716,1307
7208,516,-891,-715,704,1320
7209,516.1,-922,-731,693,1334
7210,516.2,-951,-746,683,1349
7211,516.3,-978,-761,674,1365
7212,516.4,-1003,-775,666,1383
7213,516.5,-1026,-789,659,1401
7214,516.6,-1047,-802,652,1421
7215,516.7,-1064,-814,646,1442
7216,516.8,-1079,-825,640,1464
7217,516.9,-1091,-835,634,1485
7218,517,-1100,-844,628,1508
7219,517.1,-1106,-853,623,1532
7220,517.2,-1109,-861,617,1555
7221,517.3,-1110,-869,612,1578
7222,517.4,-1108,-876,607,1601
7223,517.5,-1105,-884,601,1622
7224,517.6,-1099,-891,596,1644
7225,517.7,-1092,-899,592,1665
7226,517.8,-1083,-907,589,1685
7227,517.9,-1073,-915,586,1703
7228,518,-1061,-924,585,1720
7229,518.1,-1045,-933,584,1736
7230,518.2,-1022,-942,586,1750
7231,518.3,-994,-953,588,1762
7232,518.4,-960,-964,592,1772
7233,518.5,-921,-975,597,1781
7234,518.6,-882,-987,603,1788
7235,518.7,-844,-1000,609,1793
7236,518.8,-809,-1014,616,1797
7237,518.9,-775,-1028,623,1798
7238,519,-742,-1042,629,1801
7239,519.1,-707,-1055,636,1802
7240,519.2,-671,-1068,642,1803
7241,519.3,-634,-1080,647,1804
7242,519.4,-597,-1091,652,1805
7243,519.5,-559,-1101,655,1805
7244,519.6,-521,-1111,657,1805
7245,519.7,-481,-1121,658,1803
7246,519.8,-441,-1129,658,1800
7247,519.9,-399,-1137,658,1798
7248,520,-356,-1145,657,1796
7249,520.1,-312,-1151,655,1793
7250,520.2,-269,-1156,653,1791
7251,520.3,-225,-1161,650,1788
7252,520.4,-180,-1164,646,1785
7253,520.5,-136,-1167,641,1782
7254,520.6,-91,-1169,636,1778
7255,520.7,-46,-1170,631,1774
7256,520.8,-1,-1170,626,1771
7257,520.9,45,-1170,622,1769
7258,521,91,-1168,617,1767
7259,521.1,137,-1165,613,1766
7260,521.2,182,-1161,608,1765
7261,521.3,227,-1157,604,1764
7262,521.4,272,-1152,599,1764
7263,521.5,317,-1146,594,1765
7264,521.6,361,-1139,589,1765
7265,521.7,406,-1131,584,1768
7266,521.8,450,-1122,579,1771
7267,521.9,493,-1111,572,1774
7268,522,534,-1100,565,1779
7269,522.1,574,-1087,557,1783
7270,522.2,612,-1072,548,1789
7271,522.3,647,-1057,538,1794
7272,522.4,680,-1042,527,1800
7273,522.5,710,-1026,514,1804
7274,522.6,737,-1011,501,1809
7275,522.7,762,-996,486,1813
7276,522.8,786,-982,472,1818
7277,522.9,808,-968,457,1822
7278,523,829,-956,442,1827
7279,523.1,848,-944,428,1831
7280,523.2,866,-934,415,1835
7281,523.3,884,-924,401,1838
7282,523.4,900,-916,387,1839
7283,523.5,916,-908,373,1840
7284,523.6,930,-900,359,1840
7285,523.7,945,-893,345,1839
7286,523.8,958,-887,331,1837
7287,523.9,971,-881,316,1833
7288,524,983,-875,300,1829
7289,524.1,995,-870,284,1824
7290,524.2,1006,-866,267,1819
7291,524.3,1017,-862,249,1814
7292,524.4,1027,-858,230,1809
7293,524.5,1036,-856,211,1804
7294,524.6,1044,-855,190,1800
7295,524.7,1051,-856,169,1795
7296,524.8,1055,-857,148,1791
7297,524.9,1057,-860,126,1787
7298,525,1057,-863,104,1784
7299,525.1,1054,-866,81,1780
7300,525.2,1047,-870,58,1776
7301,525.3,1039,-875,36,1774
7302,525.4,1028,-880,14,1772
7303,525.5,1014,-886,-8,1770
7304,525.6,998,-893,-30,1769
7305,525.7,980,-900,-50,1768
7306,525.8,959,-907,-70,1768
7307,525.9,936,-915,-90,1767
7308,526,911,-922,-109,1765
7309,526.1,884,-930,-128,1764
7310,526.2,856,-939,-146,1762
7311,526.3,826,-946,-164,1761
7312,526.4,796,-953,-182,1762
7313,526.5,766,-960,-199,1763
7314,526.6,734,-966,-216,1765
7315,526.7,702,-972,-234,1767
7316,526.8,670,-977,-254,1770
7317,526.9,637,-982,-275,1773
7318,527,603,-988,-298,1776
7319,527.1,568,-993,-324,1778
7320,527.2,534,-999,-351,1781
7321,527.3,499,-1004,-381,1785
7322,527.4,464,-1009,-413,1788
7323,527.5,429,-1014,-447,1792
7324,527.6,394,-1018,-482,1796
7325,527.7,359,-1022,-520,1800
7326,527.8,324,-1025,-558,1805
7327,527.9,289,-1028,-597,1810
7328,528,253,-1031,-636,1815
7329,528.1,219,-1033,-676,1822
7330,528.2,185,-1035,-716,1829
7331,528.3,153,-1036,-756,1836
7332,528.4,121,-1036,-797,1843
7333,528.5,91,-1036,-838,1850
7334,528.6,63,-1035,-880,1856
7335,528.7,36,-1033,-923,1862
7336,528.8,10,-1030,-965,1867
7337,528.9,-14,-1028,-1008,1871
7338,529,-36,-1025,-1051,1875
7339,529.1,-56,-1023,-1094,1879
7340,529.2,-74,-1020,-1137,1883
7341,529.3,-90,-1017,-1179,1886
7342,529.4,-104,-1014,-1221,1888
7343,529.5,-116,-1011,-1261,1888
7344,529.6,-125,-1009,-1301,1887
7345,529.7,-132,-1007,-1338,1883
7346,529.8,-137,-1005,-1375,1877
7347,529.9,-140,-1004,-1412,1870
7348,530,-140,-1004,-1447,1860
7349,530.1,-139,-1005,-1481,1850
7350,530.2,-135,-1007,-1513,1838
7351,530.3,-129,-1010,-1543,1825
7352,530.4,-121,-1014,-1571,1811
7353,530.5,-111,-1019,-1597,1796
7354,530.6,-99,-1025,-1621,1781
7355,530.7,-85,-1033,-1643,1764
7356,530.8,-70,-1041,-1661,1747
7357,530.9,-53,-1052,-1679,1729
7358,531,-35,-1063,-1694,1711
7359,531.1,-16,-1074,-1708,1691
7360,531.2,4,-1088,-1720,1671
7361,531.3,25,-1102,-1729,1650
7362,531.4,47,-1117,-1736,1629
7363,531.5,71,-1132,-1741,1606
7364,531.6,96,-1147,-1744,1582
7365,531.7,123,-1162,-1745,1558
7366,531.8,152,-1177,-1743,1533
7367,531.9,181,-1192,-1741,1506
7368,532,211,-1207,-1737,1479
7369,532.1,242,-1222,-1733,1451
7370,532.2,273,-1237,-1728,1423
7371,532.3,304,-1251,-1722,1394
7372,532.4,335,-1265,-1715,1364
7373,532.5,365,-1277,-1707,1334
7374,532.6,395,-1291,-1699,1303
7375,532.7,424,-1304,-1690,1272
7376,532.8,452,-1317,-1681,1238
7377,532.9,480,-1330,-1672,1206
7378,533,507,-1342,-1662,1174
7379,533.1,533,-1353,-1651,1142
7380,533.2,560,-1363,-1639,1111
7381,533.3,585,-1372,-1626,1080
7382,533.4,610,-1381,-1613,1050
7383,533.5,634,-1390,-1600,1021
7384,533.6,657,-1398,-1588,992
7385,533.7,678,-1406,-1575,965
7386,533.8,698,-1413,-1564,938
7387,533.9,717,-1420,-1554,912
7388,534,735,-1427,-1545,887
7389,534.1,751,-1434,-1536,862
7390,534.2,767,-1440,-1528,839
7391,534.3,782,-1446,-1520,815
7392,534.4,794,-1451,-1513,791
7393,534.5,807,-1455,-1506,767
7394,534.6,819,-1459,-1499,742
7395,534.7,830,-1462,-1492,716
7396,534.8,840,-1463,-1484,690
7397,534.9,850,-1462,-1477,664
7398,535,860,-1461,-1468,636
7399,535.1,870,-1458,-1458,609
7400,535.2,880,-1453,-1448,581
7401,535.3,889,-1447,-1436,553
7402,535.4,899,-1441,-1424,524
7403,535.5,907,-1434,-1411,495
7404,535.6,915,-1426,-1398,466
7405,535.7,922,-1419,-1384,437
7406,535.8,928,-1412,-1370,408
7407,535.9,933,-1404,-1355,379
7408,536,937,-1397,-1341,351
7409,536.1,939,-1390,-1327,323
7410,536.2,940,-1385,-1313,295
7411,536.3,940,-1379,-1300,268
7412,536.4,939,-1375,-1287,241
7413,536.5,936,-1370,-1274,215
7414,536.6,933,-1366,-1263,189
7415,536.7,930,-1362,-1251,164
7416,536.8,927,-1358,-1240,140
7417,536.9,924,-1354,-1229,116
7418,537,921,-1348,-1218,93
7419,537.1,919,-1342,-1207,69
7420,537.2,917,-1334,-1196,46
7421,537.3,914,-1327,-1186,20
7422,537.4,911,-1319,-1177,-6
7423,537.5,907,-1310,-1169,-34
7424,537.6,903,-1302,-1161,-63
7425,537.7,898,-1293,-1154,-94
7426,537.8,893,-1283,-1148,-127
7427,537.9,887,-1273,-1141,-160
7428,538,882,-1262,-1135,-194
7429,538.1,875,-1251,-1128,-228
7430,538.2,869,-1238,-1121,-262
7431,538.3,863,-1225,-1114,-296
7432,538.4,858,-1211,-1107,-330
7433,538.5,852,-1195,-1101,-365
7434,538.6,847,-1181,-1094,-401
7435,538.7,841,-1165,-1088,-438
7436,538.8,835,-1150,-1083,-474
7437,538.9,828,-1134,-1077,-511
7438,539,820,-1117,-1072,-548
7439,539.1,810,-1100,-1067,-585
7440,539.2,797,-1083,-1061,-623
7441,539.3,783,-1066,-1056,-661
7442,539.4,764,-1051,-1051,-700
7443,539.5,739,-1036,-1046,-740
7444,539.6,703,-1021,-1040,-780
7445,539.7,651,-1007,-1034,-821
7446,539.8,583,-993,-1026,-862
7447,539.9,501,-980,-1017,-903
7448,540,413,-965,-1007,-946
7449,540.1,331,-953,-995,-987
7450,540.2,264,-941,-981,-1031
7451,540.3,222,-929,-966,-1074
7452,540.4,212,-917,-949,-1118
7453,540.5,239,-905,-930,-1161
7454,540.6,299,-894,-909,-1203
7455,540.7,387,-883,-886,-1245
7456,540.8,494,-872,-862,-1286
7457,540.9,606,-863,-836,-1326
7458,541,713,-855,-808,-1365
7459,541.1,805,-849,-780,-1402
7460,541.2,874,-845,-751,-1439
7461,541.3,921,-843,-722,-1474
7462,541.4,949,-842,-692,-1507
7463,541.5,964,-842,-662,-1540
7464,541.6,971,-844,-632,-1572
7465,541.7,977,-845,-601,-1603
7466,541.8,985,-847,-570,-1632
7467,541.9,997,-847,-539,-1661
7468,542,1014,-847,-507,-1689
7469,542.1,1036,-848,-475,-1716
7470,542.2,1060,-849,-442,-1744
7471,542.3,1084,-849,-410,-1772
7472,542.4,1106,-850,-376,-1800
7473,542.5,1124,-851,-341,-1830
7474,542.6,1139,-852,-306,-1860
7475,542.7,1151,-854,-271,-1890
7476,542.8,1162,-855,-235,-1921
7477,542.9,1173,-857,-198,-1953
7478,543,1185,-859,-161,-1986
7479,543.1,1196,-861,-125,-2018
7480,543.2,1203,-864,-88,-2052
7481,543.3,1204,-867,-52,-2084
7482,543.4,1198,-870,-16,-2117
7483,543.5,1187,-873,21,-2150
7484,543.6,1174,-877,57,-2181
7485,543.7,1160,-882,93,-2212
7486,543.8,1149,-886,129,-2241
7487,543.9,1137,-892,163,-2269
7488,544,1123,-899,197,-2296
7489,544.1,1102,-907,230,-2322
7490,544.2,1065,-916,263,-2349
7491,544.3,1001,-925,295,-2374
7492,544.4,899,-935,327,-2399
7493,544.5,745,-944,358,-2424
7494,544.6,538,-954,388,-2449
7495,544.7,292,-963,418,-2472
7496,544.8,37,-972,447,-2495
7497,544.9,-187,-982,475,-2518
7498,545,-349,-991,502,-2541
7499,545.1,-437,-1000,529,-2564
7500,545.2,-466,-1009,555,-2587
7501,545.3,-461,-1019,582,-2610
7502,545.4,-453,-1029,609,-2632
7503,545.5,-454,-1038,636,-2656
7504,545.6,-463,-1049,664,-2679
7505,545.7,-471,-1060,692,-2703
7506,545.8,-473,-1073,720,-2726
7507,545.9,-464,-1086,748,-2750
7508,546,-448,-1101,775,-2772
7509,546.1,-428,-1116,803,-2795
7510,546.2,-406,-1132,830,-2816
7511,546.3,-381,-1148,857,-2835
7512,546.4,-354,-1164,885,-2853
7513,546.5,-327,-1180,912,-2869
7514,546.6,-302,-1196,940,-2881
7515,546.7,-284,-1212,968,-2892
7516,546.8,-272,-1228,997,-2900
7517,546.9,-265,-1244,1025,-2905
7518,547,-261,-1259,1055,-2908
7519,547.1,-255,-1275,1085,-2906
7520,547.2,-248,-1292,1115,-2903
7521,547.3,-240,-1308,1145,-2898
7522,547.4,-230,-1325,1175,-2892
7523,547.5,-220,-1341,1205,-2884
7524,547.6,-212,-1356,1235,-2875
7525,547.7,-206,-1371,1266,-2864
7526,547.8,-202,-1386,1297,-2854
7527,547.9,-200,-1400,1328,-2844
7528,548,-199,-1415,1359,-2834
7529,548.1,-198,-1430,1390,-2825
7530,548.2,-198,-1444,1422,-2817
7531,548.3,-197,-1459,1453,-2808
7532,548.4,-197,-1474,1485,-2801
7533,548.5,-196,-1490,1517,-2794
7534,548.6,-196,-1506,1549,-2789
7535,548.7,-196,-1522,1580,-2785
7536,548.8,-198,-1538,1611,-2782
7537,548.9,-202,-1554,1640,-2779
7538,549,-209,-1569,1670,-2778
7539,549.1,-219,-1584,1699,-2778
7540,549.2,-231,-1597,1728,-2778
7541,549.3,-245,-1609,1756,-2780
7542,549.4,-260,-1620,1784,-2782
7543,549.5,-274,-1630,1812,-2785
7544,549.6,-286,-1639,1839,-2791
7545,549.7,-298,-1647,1865,-2797
7546,549.8,-306,-1655,1890,-2805
7547,549.9,-312,-1661,1915,-2813
7548,550,-316,-1667,1939,-2821
7549,550.1,-318,-1672,1962,-2831
7550,550.2,-320,-1677,1984,-2841
7551,550.3,-323,-1679,2007,-2852
7552,550.4,-330,-1682,2029,-2864
7553,550.5,-341,-1684,2051,-2877
7554,550.6,-357,-1685,2073,-2890
7555,550.7,-378,-1685,2095,-2905
7556,550.8,-401,-1684,2117,-2922
7557,550.9,-426,-1682,2139,-2939
7558,551,-449,-1679,2160,-2958
7559,551.1,-469,-1676,2182,-2978
7560,551.2,-482,-1671,2203,-2998
7561,551.3,-490,-1666,2224,-3020
7562,551.4,-490,-1661,2244,-3042
7563,551.5,-483,-1654,2264,-3065
7564,551.6,-471,-1645,2282,-3087
7565,551.7,-454,-1636,2298,-3107
7566,551.8,-437,-1625,2314,-3128
7567,551.9,-420,-1612,2328,-3149
7568,552,-405,-1598,2341,-3169
7569,552.1,-394,-1583,2353,-3188
7570,552.2,-387,-1565,2364,-3204
7571,552.3,-385,-1547,2374,-3222
7572,552.4,-386,-1527,2381,-3240
7573,552.5,-392,-1506,2386,-3258
7574,552.6,-400,-1483,2390,-3276
7575,552.7,-408,-1459,2391,-3295
7576,552.8,-416,-1433,2392,-3313
7577,552.9,-420,-1405,2391,-3332
7578,553,-416,-1375,2389,-3349
7579,553.1,-402,-1343,2384,-3365
7580,553.2,-375,-1309,2378,-3378
7581,553.3,-335,-1273,2370,-3392
7582,553.4,-283,-1235,2360,-3403
7583,553.5,-226,-1196,2349,-3414
7584,553.6,-167,-1156,2335,-3423
7585,553.7,-112,-1115,2321,-3430
7586,553.8,-65,-1074,2304,-3438
7587,553.9,-27,-1033,2287,-3445
7588,554,1,-992,2270,-3452
7589,554.1,18,-952,2251,-3460
7590,554.2,21,-912,2232,-3466
7591,554.3,6,-871,2212,-3473
7592,554.4,-31,-831,2192,-3481
7593,554.5,-94,-791,2169,-3489
7594,554.6,-181,-752,2148,-3497
7595,554.7,-284,-712,2126,-3504
7596,554.8,-391,-672,2103,-3512
7597,554.9,-489,-632,2079,-3520
7598,555,-564,-592,2055,-3528
7599,555.1,-607,-553,2030,-3535
7600,555.2,-615,-513,2004,-3544
7601,555.3,-589,-474,1978,-3554
7602,555.4,-535,-436,1952,-3566
7603,555.5,-462,-399,1928,-3578
7604,555.6,-380,-362,1905,-3590
7605,555.7,-298,-326,1883,-3603
7606,555.8,-223,-290,1863,-3616
7607,555.9,-159,-255,1845,-3628
7608,556,-111,-220,1828,-3640
7609,556.1,-82,-187,1813,-3654
7610,556.2,-73,-155,1799,-3668
7611,556.3,-87,-124,1786,-3683
7612,556.4,-125,-95,1775,-3698
7613,556.5,-185,-66,1764,-3713
7614,556.6,-260,-39,1755,-3729
7615,556.7,-340,-14,1747,-3745
7616,556.8,-415,10,1740,-3761
7617,556.9,-474,31,1735,-3777
7618,557,-506,50,1732,-3793
7619,557.1,-507,66,1728,-3809
7620,557.2,-473,80,1728,-3825
7621,557.3,-404,91,1728,-3841
7622,557.4,-300,100,1730,-3855
7623,557.5,-160,107,1733,-3870
7624,557.6,14,113,1736,-3884
7625,557.7,217,116,1740,-3897
7626,557.8,435,119,1744,-3907
7627,557.9,647,120,1748,-3917
7628,558,831,120,1752,-3925
7629,558.1,973,120,1754,-3932
7630,558.2,1068,118,1757,-3936
7631,558.3,1120,116,1761,-3939
7632,558.4,1139,113,1765,-3939
7633,558.5,1138,109,1769,-3938
7634,558.6,1124,104,1774,-3933
7635,558.7,1103,98,1781,-3927
7636,558.8,1079,91,1788,-3918
7637,558.9,1054,83,1795,-3907
7638,559,1028,74,1803,-3893
7639,559.1,1001,64,1811,-3879
7640,559.2,974,53,1819,-3863
7641,559.3,946,42,1826,-3845
7642,559.4,918,30,1834,-3825
7643,559.5,891,19,1841,-3802
7644,559.6,865,7,1848,-3779
7645,559.7,838,-5,1854,-3753
7646,559.8,812,-16,1859,-3726
7647,559.9,785,-27,1863,-3696
7648,560,760,-38,1866,-3666
7649,560.1,735,-48,1869,-3635
7650,560.2,711,-57,1870,-3603
7651,560.3,688,-65,1871,-3569
7652,560.4,667,-73,1869,-3537
7653,560.5,646,-79,1866,-3504
7654,560.6,627,-85,1862,-3471
7655,560.7,608,-91,1855,-3439
7656,560.8,590,-95,1845,-3406
7657,560.9,573,-98,1833,-3374
7658,561,557,-100,1819,-3343
7659,561.1,541,-103,1803,-3313
7660,561.2,527,-105,1784,-3282
7661,561.3,515,-109,1764,-3251
7662,561.4,504,-112,1742,-3220
7663,561.5,496,-117,1719,-3188
7664,561.6,489,-122,1694,-3156
7665,561.7,485,-129,1667,-3124
7666,561.8,481,-137,1638,-3091
7667,561.9,480,-146,1607,-3059
7668,562,481,-156,1574,-3027
7669,562.1,484,-167,1538,-2996
7670,562.2,489,-179,1500,-2966
7671,562.3,496,-192,1461,-2936
7672,562.4,505,-206,1419,-2907
7673,562.5,516,-221,1374,-2878
7674,562.6,529,-236,1328,-2850
7675,562.7,543,-252,1279,-2823
7676,562.8,558,-268,1226,-2796
7677,562.9,576,-285,1172,-2769
7678,563,594,-301,1117,-2744
7679,563.1,615,-317,1060,-2719
7680,563.2,637,-333,1002,-2694
7681,563.3,660,-349,942,-2669
7682,563.4,684,-364,882,-2644
7683,563.5,709,-379,822,-2619
7684,563.6,736,-394,760,-2595
7685,563.7,763,-408,699,-2572
7686,563.8,791,-422,638,-2549
7687,563.9,819,-436,578,-2528
7688,564,848,-450,518,-2507
7689,564.1,876,-464,458,-2487
7690,564.2,904,-477,399,-2466
7691,564.3,931,-491,342,-2446
7692,564.4,958,-503,286,-2426
7693,564.5,984,-516,232,-2405
7694,564.6,1010,-527,180,-2383
7695,564.7,1036,-537,130,-2361
7696,564.8,1061,-546,82,-2338
7697,564.9,1086,-554,36,-2315
7698,565,1112,-560,-8,-2290
7699,565.1,1137,-564,-49,-2265
7700,565.2,1164,-565,-89,-2239
7701,565.3,1190,-564,-126,-2212
7702,565.4,1217,-563,-163,-2186
7703,565.5,1243,-560,-199,-2161
7704,565.6,1269,-556,-234,-2135
7705,565.7,1295,-551,-269,-2111
7706,565.8,1319,-546,-303,-2087
7707,565.9,1342,-539,-338,-2064
7708,566,1364,-530,-372,-2042
7709,566.1,1386,-520,-405,-2019
7710,566.2,1407,-508,-438,-1995
7711,566.3,1426,-494,-471,-1971
7712,566.4,1445,-478,-503,-1946
7713,566.5,1462,-461,-535,-1920
7714,566.6,1479,-442,-567,-1894
7715,566.7,1495,-423,-600,-1867
7716,566.8,1510,-403,-632,-1839
7717,566.9,1526,-383,-663,-1809
7718,567,1541,-364,-694,-1779
7719,567.1,1557,-344,-724,-1748
7720,567.2,1573,-326,-753,-1717
7721,567.3,1589,-310,-781,-1684
7722,567.4,1604,-294,-808,-1654
7723,567.5,1619,-280,-833,-1626
7724,567.6,1634,-267,-857,-1601
7725,567.7,1648,-255,-880,-1580
7726,567.8,1662,-245,-903,-1565
7727,567.9,1676,-237,-923,-1556
7728,568,1689,-229,-944,-1552
7729,568.1,1703,-223,-964,-1553
7730,568.2,1718,-217,-983,-1555
7731,568.3,1734,-212,-1002,-1555
7732,568.4,1750,-207,-1019,-1553
7733,568.5,1767,-204,-1036,-1544
7734,568.6,1784,-202,-1053,-1526
7735,568.7,1801,-201,-1069,-1500
7736,568.8,1817,-200,-1085,-1466
7737,568.9,1833,-200,-1099,-1428
7738,569,1848,-200,-1113,-1387
7739,569.1,1862,-201,-1127,-1345
7740,569.2,1875,-201,-1140,-1305
7741,569.3,1887,-202,-1153,-1266
7742,569.4,1897,-203,-1166,-1228
7743,569.5,1906,-205,-1176,-1194
7744,569.6,1914,-206,-1187,-1162
7745,569.7,1921,-208,-1196,-1134
7746,569.8,1926,-209,-1204,-1108
7747,569.9,1931,-209,-1211,-1084
7748,570,1936,-208,-1216,-1063
7749,570.1,1938,-207,-1220,-1043
7750,570.2,1939,-204,-1222,-1024
7751,570.3,1938,-200,-1224,-1005
7752,570.4,1934,-196,-1225,-985
7753,570.5,1928,-191,-1226,-965
7754,570.6,1918,-186,-1227,-942
7755,570.7,1907,-181,-1229,-918
7756,570.8,1893,-175,-1230,-892
7757,570.9,1877,-170,-1233,-865
7758,571,1859,-165,-1236,-836
7759,571.1,1840,-159,-1241,-808
7760,571.2,1818,-155,-1246,-783
7761,571.3,1795,-150,-1253,-763
7762,571.4,1769,-146,-1261,-753
7763,571.5,1741,-143,-1270,-760
7764,571.6,1712,-140,-1279,-796
7765,571.7,1681,-136,-1288,-868
7766,571.8,1648,-132,-1297,-981
7767,571.9,1613,-128,-1306,-1126
7768,572,1576,-123,-1315,-1283
7769,572.1,1537,-118,-1324,-1423
7770,572.2,1495,-113,-1334,-1521
7771,572.3,1451,-107,-1345,-1564
7772,572.4,1405,-100,-1355,-1559
7773,572.5,1358,-94,-1366,-1524
7774,572.6,1309,-87,-1378,-1481
7775,572.7,1260,-81,-1389,-1445
7776,572.8,1211,-75,-1400,-1417
7777,572.9,1162,-68,-1411,-1393
7778,573,1114,-62,-1421,-1367
7779,573.1,1066,-54,-1430,-1337
7780,573.2,1018,-47,-1437,-1303
7781,573.3,970,-39,-1443,-1271
7782,573.4,922,-30,-1448,-1241
7783,573.5,874,-21,-1452,-1214
7784,573.6,825,-12,-1454,-1189
7785,573.7,776,-2,-1456,-1167
7786,573.8,725,8,-1457,-1146
7787,573.9,674,18,-1456,-1131
7788,574,622,29,-1456,-1120
7789,574.1,569,39,-1455,-1115
7790,574.2,515,49,-1454,-1114
7791,574.3,462,59,-1454,-1114
7792,574.4,406,67,-1453,-1115
7793,574.5,352,75,-1455,-1113
7794,574.6,298,82,-1456,-1109
7795,574.7,244,88,-1459,-1100
7796,574.8,190,94,-1462,-1088
7797,574.9,137,99,-1467,-1073
7798,575,83,103,-1472,-1056
7799,575.1,30,107,-1479,-1039
7800,575.2,-22,110,-1488,-1020
7801,575.3,-74,113,-1499,-1002
7802,575.4,-124,116,-1511,-984
7803,575.5,-173,118,-1523,-967
7804,575.6,-219,121,-1537,-950
7805,575.7,-263,122,-1552,-933
7806,575.8,-304,123,-1569,-917
7807,575.9,-342,122,-1587,-900
7808,576,-379,120,-1607,-880
7809,576.1,-413,114,-1628,-859
7810,576.2,-447,107,-1651,-834
7811,576.3,-479,97,-1674,-808
7812,576.4,-509,84,-1698,-779
7813,576.5,-537,70,-1722,-750
7814,576.6,-563,54,-1746,-721
7815,576.7,-586,36,-1770,-693
7816,576.8,-608,17,-1794,-667
7817,576.9,-626,-3,-1818,-642
7818,577,-642,-25,-1841,-618
7819,577.1,-656,-48,-1865,-596
7820,577.2,-667,-72,-1888,-573
7821,577.3,-677,-98,-1911,-551
7822,577.4,-684,-125,-1933,-528
7823,577.5,-688,-153,-1955,-504
7824,577.6,-691,-182,-1977,-479
7825,577.7,-692,-211,-1998,-453
7826,577.8,-691,-241,-2019,-428
7827,577.9,-689,-270,-2038,-404
7828,578,-686,-299,-2057,-381
7829,578.1,-681,-327,-2073,-361
7830,578.2,-674,-353,-2087,-341
7831,578.3,-666,-378,-2098,-323
7832,578.4,-655,-401,-2108,-304
7833,578.5,-643,-423,-2115,-285
7834,578.6,-629,-443,-2121,-265
7835,578.7,-614,-462,-2125,-244
7836,578.8,-597,-481,-2129,-222
7837,578.9,-579,-498,-2131,-199
7838,579,-560,-515,-2131,-175
7839,579.1,-539,-530,-2131,-151
7840,579.2,-516,-546,-2128,-127
7841,579.3,-491,-561,-2124,-102
7842,579.4,-466,-577,-2118,-76
7843,579.5,-439,-594,-2110,-50
7844,579.6,-411,-613,-2100,-24
7845,579.7,-383,-632,-2087,3
7846,579.8,-353,-653,-2072,30
7847,579.9,-322,-675,-2055,58
7848,580,-291,-698,-2036,87
7849,580.1,-258,-723,-2015,117
7850,580.2,-225,-750,-1992,150
7851,580.3,-190,-778,-1968,187
7852,580.4,-156,-806,-1943,229
7853,580.5,-121,-835,-1917,276
7854,580.6,-87,-866,-1889,328
7855,580.7,-52,-897,-1861,384
7856,580.8,-18,-929,-1832,443
7857,580.9,17,-961,-1802,501
7858,581,51,-994,-1770,556
7859,581.1,86,-1027,-1737,609
7860,581.2,121,-1060,-1701,658
7861,581.3,157,-1093,-1663,704
7862,581.4,193,-1126,-1623,746
7863,581.5,229,-1159,-1580,783
7864,581.6,264,-1192,-1535,815
7865,581.7,300,-1225,-1490,843
7866,581.8,334,-1259,-1443,876
7867,581.9,369,-1294,-1395,928
7868,582,403,-1330,-1346,1024
7869,582.1,437,-1365,-1296,1191
7870,582.2,471,-1402,-1245,1450
7871,582.3,505,-1439,-1192,1807
7872,582.4,538,-1477,-1140,2240
7873,582.5,570,-1516,-1086,2703
7874,582.6,601,-1554,-1031,3142
7875,582.7,630,-1591,-975,3512
7876,582.8,658,-1628,-918,3791
7877,582.9,685,-1663,-858,3979
7878,583,710,-1697,-798,4094
7879,583.1,734,-1728,-738,4158
7880,583.2,757,-1760,-676,4191
7881,583.3,778,-1791,-614,4208
7882,583.4,799,-1822,-552,4217
7883,583.5,817,-1852,-490,4222
7884,583.6,835,-1882,-428,4226
7885,583.7,852,-1912,-367,4229
7886,583.8,868,-1941,-308,4232
7887,583.9,884,-1970,-249,4232
7888,584,900,-1997,-192,4233
7889,584.1,916,-2023,-136,4234
7890,584.2,932,-2048,-80,4234
7891,584.3,948,-2070,-26,4233
7892,584.4,963,-2090,28,4232
7893,584.5,976,-2108,80,4231
7894,584.6,989,-2125,132,4228
7895,584.7,1000,-2141,182,4224
7896,584.8,1011,-2154,232,4219
7897,584.9,1020,-2167,281,4215
7898,585,1029,-2179,330,4209
7899,585.1,1039,-2190,377,4202
7900,585.2,1047,-2200,424,4196
7901,585.3,1055,-2210,469,4189
7902,585.4,1062,-2219,513,4181
7903,585.5,1068,-2227,555,4173
7904,585.6,1075,-2232,595,4165
7905,585.7,1081,-2237,634,4157
7906,585.8,1087,-2241,672,4150
7907,585.9,1093,-2243,708,4141
7908,586,1099,-2244,742,4134
7909,586.1,1104,-2243,774,4126
7910,586.2,1107,-2241,804,4119
7911,586.3,1110,-2237,833,4111
7912,586.4,1112,-2232,860,4104
7913,586.5,1113,-2225,885,4097
7914,586.6,1114,-2217,909,4091
7915,586.7,1114,-2207,932,4083
7916,586.8,1115,-2195,953,4077
7917,586.9,1115,-2182,973,4070
7918,587,1114,-2166,992,4063
7919,587.1,1114,-2150,1010,4056
7920,587.2,1113,-2133,1026,4049
7921,587.3,1111,-2115,1042,4043
7922,587.4,1108,-2097,1057,4037
7923,587.5,1104,-2079,1071,4030
7924,587.6,1100,-2062,1084,4024
7925,587.7,1095,-2044,1095,4017
7926,587.8,1089,-2025,1104,4010
7927,587.9,1081,-2007,1113,4002
7928,588,1073,-1989,1121,3995
7929,588.1,1065,-1971,1127,3987
7930,588.2,1056,-1952,1132,3979
7931,588.3,1047,-1933,1135,3969
7932,588.4,1037,-1914,1136,3960
7933,588.5,1026,-1894,1137,3951
7934,588.6,1015,-1873,1135,3940
7935,588.7,1004,-1852,1133,3928
7936,588.8,992,-1832,1129,3917
7937,588.9,981,-1812,1125,3904
7938,589,969,-1793,1120,3892
7939,589.1,957,-1774,1115,3877
7940,589.2,944,-1758,1110,3864
7941,589.3,931,-1743,1105,3850
7942,589.4,917,-1729,1103,3837
7943,589.5,903,-1718,1102,3823
7944,589.6,889,-1709,1102,3811
7945,589.7,874,-1702,1105,3800
7946,589.8,860,-1698,1109,3789
7947,589.9,845,-1697,1114,3780
7948,590,830,-1699,1121,3770
7949,590.1,815,-1703,1128,3760
7950,590.2,800,-1709,1136,3751
7951,590.3,786,-1718,1145,3743
7952,590.4,772,-1728,1154,3733
7953,590.5,758,-1739,1163,3724
7954,590.6,743,-1752,1172,3715
7955,590.7,728,-1767,1180,3707
7956,590.8,712,-1783,1189,3698
7957,590.9,696,-1799,1198,3691
7958,591,679,-1817,1207,3685
7959,591.1,662,-1835,1216,3679
7960,591.2,645,-1854,1225,3674
7961,591.3,629,-1874,1235,3668
7962,591.4,614,-1893,1246,3665
7963,591.5,600,-1913,1257,3663
7964,591.6,587,-1933,1269,3662
7965,591.7,575,-1953,1281,3661
7966,591.8,563,-1973,1294,3662
7967,591.9,552,-1994,1306,3664
7968,592,542,-2014,1318,3666
7969,592.1,532,-2035,1329,3670
7970,592.2,523,-2054,1341,3673
7971,592.3,516,-2071,1353,3679
7972,592.4,510,-2088,1366,3685
7973,592.5,506,-2103,1380,3692
7974,592.6,504,-2117,1395,3699
7975,592.7,502,-2129,1410,3707
7976,592.8,501,-2141,1425,3714
7977,592.9,502,-2152,1439,3722
7978,593,503,-2162,1454,3729
7979,593.1,506,-2172,1468,3734
7980,593.2,510,-2182,1482,3740
7981,593.3,515,-2191,1497,3744
7982,593.4,522,-2199,1512,3747
7983,593.5,530,-2205,1527,3749
7984,593.6,539,-2209,1542,3750
7985,593.7,549,-2210,1558,3750
7986,593.8,559,-2209,1573,3748
7987,593.9,569,-2206,1588,3743
7988,594,579,-2203,1602,3738
7989,594.1,589,-2198,1615,3730
7990,594.2,598,-2192,1628,3721
7991,594.3,608,-2185,1640,3710
7992,594.4,617,-2177,1653,3698
7993,594.5,627,-2168,1667,3686
7994,594.6,637,-2158,1680,3673
7995,594.7,645,-2148,1694,3660
7996,594.8,655,-2138,1707,3646
7997,594.9,665,-2128,1719,3631
7998,595,675,-2117,1730,3616
7999,595.1,686,-2107,1741,3601
8000,595.2,697,-2097,1750,3584
8001,595.3,709,-2087,1759,3566
8002,595.4,721,-2078,1768,3548
8003,595.5,733,-2070,1776,3530
8004,595.6,745,-2063,1783,3512
8005,595.7,756,-2056,1789,3492
8006,595.8,767,-2050,1793,3473
8007,595.9,776,-2045,1796,3453
8008,596,785,-2041,1797,3434
8009,596.1,794,-2038,1797,3414
8010,596.2,801,-2036,1794,3393
8011,596.3,809,-2036,1791,3373
8012,596.4,815,-2036,1788,3353
8013,596.5,821,-2036,1782,3332
8014,596.6,825,-2038,1775,3310
8015,596.7,829,-2041,1767,3286
8016,596.8,831,-2045,1756,3262
8017,596.9,832,-2049,1745,3237
8018,597,833,-2055,1732,3211
8019,597.1,834,-2063,1717,3184
8020,597.2,834,-2071,1702,3156
8021,597.3,834,-2081,1687,3129
8022,597.4,834,-2092,1671,3101
8023,597.5,834,-2103,1655,3072
8024,597.6,834,-2114,1638,3043
8025,597.7,833,-2125,1621,3011
8026,597.8,832,-2137,1603,2979
8027,597.9,831,-2149,1587,2947
8028,598,830,-2161,1571,2913
8029,598.1,829,-2171,1555,2879
8030,598.2,829,-2181,1541,2846
8031,598.3,829,-2191,1528,2811
8032,598.4,829,-2200,1515,2777
8033,598.5,829,-2209,1501,2743
8034,598.6,828,-2219,1488,2708
8035,598.7,826,-2230,1474,2673
8036,598.8,823,-2240,1461,2637
8037,598.9,821,-2251,1449,2600
8038,599,819,-2260,1437,2564
8039,599.1,816,-2270,1426,2528
8040,599.2,813,-2277,1415,2493
8041,599.3,809,-2285,1405,2456
8042,599.4,805,-2293,1396,2420
8043,599.5,801,-2300,1387,2383
8044,599.6,797,-2307,1378,2346
8045,599.7,793,-2313,1369,2309
8046,599.8,790,-2318,1360,2274
8047,599.9,786,-2322,1352,2239
8048,600,782,-2326,1344,2204
8049,600.1,778,-2329,1335,2171
8050,600.2,772,-2332,1327,2139
8051,600.3,766,-2334,1318,2108
8052,600.4,759,-2335,1308,2079
8053,600.5,752,-2334,1299,2051
8054,600.6,744,-2332,1290,2025
8055,600.7,736,-2329,1281,2000
8056,600.8,728,-2324,1273,1977
8057,600.9,719,-2317,1265,1956
8058,601,712,-2308,1257,1936
8059,601.1,706,-2297,1250,1916
8060,601.2,700,-2283,1243,1898
8061,601.3,695,-2267,1235,1880
8062,601.4,689,-2251,1227,1860
8063,601.5,684,-2234,1217,1840
8064,601.6,679,-2215,1207,1819
8065,601.7,674,-2195,1195,1798
8066,601.8,670,-2173,1184,1776
8067,601.9,666,-2150,1172,1754
8068,602,662,-2126,1160,1731
8069,602.1,659,-2102,1147,1708
8070,602.2,655,-2078,1134,1684
8071,602.3,651,-2054,1120,1660
8072,602.4,646,-2029,1105,1636
8073,602.5,640,-2006,1089,1612
8074,602.6,634,-1982,1072,1589
8075,602.7,627,-1959,1055,1566
8076,602.8,618,-1936,1037,1544
8077,602.9,609,-1913,1017,1523
8078,603,598,-1890,997,1501
8079,603.1,586,-1867,975,1481
8080,603.2,572,-1843,950,1462
8081,603.3,557,-1818,924,1444
8082,603.4,540,-1792,895,1426
8083,603.5,522,-1766,865,1409
8084,603.6,504,-1739,832,1393
8085,603.7,485,-1711,798,1378
8086,603.8,464,-1684,763,1364
8087,603.9,442,-1657,727,1350
8088,604,419,-1631,690,1337
8089,604.1,393,-1605,653,1323
8090,604.2,367,-1580,616,1309
8091,604.3,339,-1556,578,1295
8092,604.4,310,-1533,540,1281
8093,604.5,280,-1512,502,1266
8094,604.6,249,-1491,463,1251
8095,604.7,217,-1472,424,1235
8096,604.8,184,-1451,385,1219
8097,604.9,151,-1431,346,1204
8098,605,119,-1410,306,1188
8099,605.1,86,-1389,266,1172
8100,605.2,53,-1367,225,1156
8101,605.3,22,-1344,184,1139
8102,605.4,-6,-1321,143,1123
8103,605.5,-32,-1297,101,1105
8104,605.6,-55,-1273,60,1089
8105,605.7,-76,-1248,19,1073
8106,605.8,-98,-1223,-22,1056
8107,605.9,-127,-1196,-62,1039
8108,606,-163,-1168,-103,1021
8109,606.1,-207,-1139,-143,1002
8110,606.2,-256,-1108,-183,982
8111,606.3,-308,-1076,-223,960
8112,606.4,-359,-1042,-262,937
8113,606.5,-406,-1007,-301,912
8114,606.6,-447,-970,-339,887
8115,606.7,-483,-931,-376,861
8116,606.8,-513,-891,-412,834
8117,606.9,-539,-849,-446,807
8118,607,-562,-807,-478,780
8119,607.1,-583,-765,-508,753
8120,607.2,-602,-723,-536,724
8121,607.3,-617,-681,-563,696
8122,607.4,-626,-641,-587,669
8123,607.5,-626,-601,-611,641
8124,607.6,-613,-562,-633,613
8125,607.7,-590,-524,-655,586
8126,607.8,-558,-486,-677,559
8127,607.9,-522,-450,-698,532
8128,608,-488,-414,-718,506
8129,608.1,-458,-380,-738,481
8130,608.2,-434,-346,-756,457
8131,608.3,-414,-313,-773,435
8132,608.4,-399,-281,-789,415
8133,608.5,-388,-249,-803,396
8134,608.6,-384,-218,-816,379
8135,608.7,-390,-189,-830,363
8136,608.8,-409,-161,-844,348
8137,608.9,-444,-134,-858,334
8138,609,-494,-107,-873,320
8139,609.1,-555,-81,-889,306
8140,609.2,-617,-55,-905,292
8141,609.3,-671,-30,-922,279
8142,609.4,-708,-4,-940,265
8143,609.5,-724,21,-958,251
8144,609.6,-718,47,-977,236
8145,609.7,-695,72,-998,222
8146,609.8,-662,96,-1019,207
8147,609.9,-627,120,-1043,192
8148,610,-595,143,-1068,176
8149,610.1,-569,165,-1094,160
8150,610.2,-548,186,-1121,143
8151,610.3,-532,205,-1149,126
8152,610.4,-522,224,-1177,109
8153,610.5,-519,242,-1206,92
8154,610.6,-526,259,-1236,74
8155,610.7,-547,276,-1266,56
8156,610.8,-584,294,-1296,38
8157,610.9,-637,312,-1327,19
8158,611,-703,332,-1358,-1
8159,611.1,-775,353,-1390,-21
8160,611.2,-843,374,-1421,-42
8161,611.3,-898,397,-1452,-62
8162,611.4,-932,422,-1483,-82
8163,611.5,-942,448,-1514,-102
8164,611.6,-930,476,-1544,-122
8165,611.7,-902,504,-1577,-142
8166,611.8,-865,532,-1609,-161
8167,611.9,-825,561,-1642,-181
8168,612,-789,591,-1675,-200
8169,612.1,-759,621,-1707,-219
8170,612.2,-735,653,-1739,-238
8171,612.3,-720,686,-1770,-257
8172,612.4,-714,720,-1800,-276
8173,612.5,-719,755,-1829,-295
8174,612.6,-741,791,-1856,-315
8175,612.7,-781,828,-1883,-336
8176,612.8,-840,865,-1909,-358
8177,612.9,-916,902,-1934,-379
8178,613,-1002,938,-1957,-401
8179,613.1,-1088,974,-1980,-422
8180,613.2,-1165,1009,-2001,-443
8181,613.3,-1224,1044,-2021,-463
8182,613.4,-1258,1078,-2038,-482
8183,613.5,-1266,1112,-2057,-500
8184,613.6,-1250,1146,-2074,-517
8185,613.7,-1213,1180,-2091,-534
8186,613.8,-1164,1214,-2108,-551
8187,613.9,-1109,1248,-2123,-568
8188,614,-1056,1283,-2138,-586
8189,614.1,-1007,1318,-2152,-603
8190,614.2,-969,1353,-2165,-621
8191,614.3,-969,1353,-2165,-621
