Copyright 1986-2020 Xilinx, Inc. All Rights Reserved.
------------------------------------------------------------------------------------------------------------------------------------------
| Tool Version : Vivado v.2020.2 (win64) Build 3064766 Wed Nov 18 09:12:45 MST 2020
| Date         : Thu May 21 11:08:49 2026
| Host         : Adam running 64-bit major release  (build 9200)
| Command      : report_bus_skew -warn_on_violation -file top_bus_skew_routed.rpt -pb top_bus_skew_routed.pb -rpx top_bus_skew_routed.rpx
| Design       : top
| Device       : 7a200t-fbg484
| Speed File   : -2  PRODUCTION 1.23 2018-06-13
------------------------------------------------------------------------------------------------------------------------------------------

Bus Skew Report

Table of Contents
-----------------
1. Bus Skew Report Summary
2. Bus Skew Report Per Constraint

1. Bus Skew Report Summary
--------------------------

Id  Position  From                            To                              Corner  Requirement(ns)  Actual(ns)  Slack(ns)
--  --------  ------------------------------  ------------------------------  ------  ---------------  ----------  ---------
1   24        [get_cells [list {ae_event_capture_inst/u_ae_desc_fifo_ip/U0/inst_fifo_gen/gconvfifo.rf/grf.rf/gntv_or_sync_fifo.gcx.clkx/rd_pntr_cdc_inst/src_gray_ff_reg[0]} {ae_event_capture_inst/u_ae_desc_fifo_ip/U0/inst_fifo_gen/gconvfifo.rf/grf.rf/gntv_or_sync_fifo.gcx.clkx/rd_pntr_cdc_inst/src_gray_ff_reg[1]} {ae_event_capture_inst/u_ae_desc_fifo_ip/U0/inst_fifo_gen/gconvfifo.rf/grf.rf/gntv_or_sync_fifo.gcx.clkx/rd_pntr_cdc_inst/src_gray_ff_reg[2]} {ae_event_capture_inst/u_ae_desc_fifo_ip/U0/inst_fifo_gen/gconvfifo.rf/grf.rf/gntv_or_sync_fifo.gcx.clkx/rd_pntr_cdc_inst/src_gray_ff_reg[3]} {ae_event_capture_inst/u_ae_desc_fifo_ip/U0/inst_fifo_gen/gconvfifo.rf/grf.rf/gntv_or_sync_fifo.gcx.clkx/rd_pntr_cdc_inst/src_gray_ff_reg[4]}]]
                                              [get_cells [list {ae_event_capture_inst/u_ae_desc_fifo_ip/U0/inst_fifo_gen/gconvfifo.rf/grf.rf/gntv_or_sync_fifo.gcx.clkx/rd_pntr_cdc_inst/dest_graysync_ff_reg[0][0]} {ae_event_capture_inst/u_ae_desc_fifo_ip/U0/inst_fifo_gen/gconvfifo.rf/grf.rf/gntv_or_sync_fifo.gcx.clkx/rd_pntr_cdc_inst/dest_graysync_ff_reg[0][1]} {ae_event_capture_inst/u_ae_desc_fifo_ip/U0/inst_fifo_gen/gconvfifo.rf/grf.rf/gntv_or_sync_fifo.gcx.clkx/rd_pntr_cdc_inst/dest_graysync_ff_reg[0][2]} {ae_event_capture_inst/u_ae_desc_fifo_ip/U0/inst_fifo_gen/gconvfifo.rf/grf.rf/gntv_or_sync_fifo.gcx.clkx/rd_pntr_cdc_inst/dest_graysync_ff_reg[0][3]} {ae_event_capture_inst/u_ae_desc_fifo_ip/U0/inst_fifo_gen/gconvfifo.rf/grf.rf/gntv_or_sync_fifo.gcx.clkx/rd_pntr_cdc_inst/dest_graysync_ff_reg[0][4]}]]
                                                                              Slow              5.000       0.741      4.259
2   26        [get_cells [list {ae_event_capture_inst/u_ae_desc_fifo_ip/U0/inst_fifo_gen/gconvfifo.rf/grf.rf/gntv_or_sync_fifo.gcx.clkx/wr_pntr_cdc_inst/src_gray_ff_reg[0]} {ae_event_capture_inst/u_ae_desc_fifo_ip/U0/inst_fifo_gen/gconvfifo.rf/grf.rf/gntv_or_sync_fifo.gcx.clkx/wr_pntr_cdc_inst/src_gray_ff_reg[1]} {ae_event_capture_inst/u_ae_desc_fifo_ip/U0/inst_fifo_gen/gconvfifo.rf/grf.rf/gntv_or_sync_fifo.gcx.clkx/wr_pntr_cdc_inst/src_gray_ff_reg[2]} {ae_event_capture_inst/u_ae_desc_fifo_ip/U0/inst_fifo_gen/gconvfifo.rf/grf.rf/gntv_or_sync_fifo.gcx.clkx/wr_pntr_cdc_inst/src_gray_ff_reg[3]} {ae_event_capture_inst/u_ae_desc_fifo_ip/U0/inst_fifo_gen/gconvfifo.rf/grf.rf/gntv_or_sync_fifo.gcx.clkx/wr_pntr_cdc_inst/src_gray_ff_reg[4]}]]
                                              [get_cells [list {ae_event_capture_inst/u_ae_desc_fifo_ip/U0/inst_fifo_gen/gconvfifo.rf/grf.rf/gntv_or_sync_fifo.gcx.clkx/wr_pntr_cdc_inst/dest_graysync_ff_reg[0][0]} {ae_event_capture_inst/u_ae_desc_fifo_ip/U0/inst_fifo_gen/gconvfifo.rf/grf.rf/gntv_or_sync_fifo.gcx.clkx/wr_pntr_cdc_inst/dest_graysync_ff_reg[0][1]} {ae_event_capture_inst/u_ae_desc_fifo_ip/U0/inst_fifo_gen/gconvfifo.rf/grf.rf/gntv_or_sync_fifo.gcx.clkx/wr_pntr_cdc_inst/dest_graysync_ff_reg[0][2]} {ae_event_capture_inst/u_ae_desc_fifo_ip/U0/inst_fifo_gen/gconvfifo.rf/grf.rf/gntv_or_sync_fifo.gcx.clkx/wr_pntr_cdc_inst/dest_graysync_ff_reg[0][3]} {ae_event_capture_inst/u_ae_desc_fifo_ip/U0/inst_fifo_gen/gconvfifo.rf/grf.rf/gntv_or_sync_fifo.gcx.clkx/wr_pntr_cdc_inst/dest_graysync_ff_reg[0][4]}]]
                                                                              Slow              5.000       0.850      4.150
3   28        [get_cells [list {udp_event_sensor_tx_inst/u_out_len_fifo/gnuram_async_fifo.xpm_fifo_base_inst/gen_cdc_pntr.rd_pntr_cdc_inst/src_gray_ff_reg[0]} {udp_event_sensor_tx_inst/u_out_len_fifo/gnuram_async_fifo.xpm_fifo_base_inst/gen_cdc_pntr.rd_pntr_cdc_inst/src_gray_ff_reg[1]} {udp_event_sensor_tx_inst/u_out_len_fifo/gnuram_async_fifo.xpm_fifo_base_inst/gen_cdc_pntr.rd_pntr_cdc_inst/src_gray_ff_reg[2]} {udp_event_sensor_tx_inst/u_out_len_fifo/gnuram_async_fifo.xpm_fifo_base_inst/gen_cdc_pntr.rd_pntr_cdc_inst/src_gray_ff_reg[3]} {udp_event_sensor_tx_inst/u_out_len_fifo/gnuram_async_fifo.xpm_fifo_base_inst/gen_cdc_pntr.rd_pntr_cdc_inst/src_gray_ff_reg[4]} {udp_event_sensor_tx_inst/u_out_len_fifo/gnuram_async_fifo.xpm_fifo_base_inst/gen_cdc_pntr.rd_pntr_cdc_inst/src_gray_ff_reg[5]}]]
                                              [get_cells [list {udp_event_sensor_tx_inst/u_out_len_fifo/gnuram_async_fifo.xpm_fifo_base_inst/gen_cdc_pntr.rd_pntr_cdc_inst/dest_graysync_ff_reg[0][0]} {udp_event_sensor_tx_inst/u_out_len_fifo/gnuram_async_fifo.xpm_fifo_base_inst/gen_cdc_pntr.rd_pntr_cdc_inst/dest_graysync_ff_reg[0][1]} {udp_event_sensor_tx_inst/u_out_len_fifo/gnuram_async_fifo.xpm_fifo_base_inst/gen_cdc_pntr.rd_pntr_cdc_inst/dest_graysync_ff_reg[0][2]} {udp_event_sensor_tx_inst/u_out_len_fifo/gnuram_async_fifo.xpm_fifo_base_inst/gen_cdc_pntr.rd_pntr_cdc_inst/dest_graysync_ff_reg[0][3]} {udp_event_sensor_tx_inst/u_out_len_fifo/gnuram_async_fifo.xpm_fifo_base_inst/gen_cdc_pntr.rd_pntr_cdc_inst/dest_graysync_ff_reg[0][4]} {udp_event_sensor_tx_inst/u_out_len_fifo/gnuram_async_fifo.xpm_fifo_base_inst/gen_cdc_pntr.rd_pntr_cdc_inst/dest_graysync_ff_reg[0][5]}]]
                                                                              Slow              5.000       0.800      4.200
4   30        [get_cells [list {adc_data_preprocess_inst/adc_data_sync_inst/u_adc1_fifo/gnuram_async_fifo.xpm_fifo_base_inst/gen_cdc_pntr.wr_pntr_cdc_inst/src_gray_ff_reg[0]} {adc_data_preprocess_inst/adc_data_sync_inst/u_adc1_fifo/gnuram_async_fifo.xpm_fifo_base_inst/gen_cdc_pntr.wr_pntr_cdc_inst/src_gray_ff_reg[1]} {adc_data_preprocess_inst/adc_data_sync_inst/u_adc1_fifo/gnuram_async_fifo.xpm_fifo_base_inst/gen_cdc_pntr.wr_pntr_cdc_inst/src_gray_ff_reg[2]} {adc_data_preprocess_inst/adc_data_sync_inst/u_adc1_fifo/gnuram_async_fifo.xpm_fifo_base_inst/gen_cdc_pntr.wr_pntr_cdc_inst/src_gray_ff_reg[3]} {adc_data_preprocess_inst/adc_data_sync_inst/u_adc1_fifo/gnuram_async_fifo.xpm_fifo_base_inst/gen_cdc_pntr.wr_pntr_cdc_inst/src_gray_ff_reg[4]} {adc_data_preprocess_inst/adc_data_sync_inst/u_adc1_fifo/gnuram_async_fifo.xpm_fifo_base_inst/gen_cdc_pntr.wr_pntr_cdc_inst/src_gray_ff_reg[5]}]]
                                              [get_cells [list {adc_data_preprocess_inst/adc_data_sync_inst/u_adc1_fifo/gnuram_async_fifo.xpm_fifo_base_inst/gen_cdc_pntr.wr_pntr_cdc_inst/dest_graysync_ff_reg[0][0]} {adc_data_preprocess_inst/adc_data_sync_inst/u_adc1_fifo/gnuram_async_fifo.xpm_fifo_base_inst/gen_cdc_pntr.wr_pntr_cdc_inst/dest_graysync_ff_reg[0][1]} {adc_data_preprocess_inst/adc_data_sync_inst/u_adc1_fifo/gnuram_async_fifo.xpm_fifo_base_inst/gen_cdc_pntr.wr_pntr_cdc_inst/dest_graysync_ff_reg[0][2]} {adc_data_preprocess_inst/adc_data_sync_inst/u_adc1_fifo/gnuram_async_fifo.xpm_fifo_base_inst/gen_cdc_pntr.wr_pntr_cdc_inst/dest_graysync_ff_reg[0][3]} {adc_data_preprocess_inst/adc_data_sync_inst/u_adc1_fifo/gnuram_async_fifo.xpm_fifo_base_inst/gen_cdc_pntr.wr_pntr_cdc_inst/dest_graysync_ff_reg[0][4]} {adc_data_preprocess_inst/adc_data_sync_inst/u_adc1_fifo/gnuram_async_fifo.xpm_fifo_base_inst/gen_cdc_pntr.wr_pntr_cdc_inst/dest_graysync_ff_reg[0][5]}]]
                                                                              Slow             24.997       0.764     24.233
5   32        [get_cells [list {adc_data_preprocess_inst/adc_data_sync_inst/u_adc1_fifo/gnuram_async_fifo.xpm_fifo_base_inst/gen_cdc_pntr.rd_pntr_cdc_inst/src_gray_ff_reg[0]} {adc_data_preprocess_inst/adc_data_sync_inst/u_adc1_fifo/gnuram_async_fifo.xpm_fifo_base_inst/gen_cdc_pntr.rd_pntr_cdc_inst/src_gray_ff_reg[1]} {adc_data_preprocess_inst/adc_data_sync_inst/u_adc1_fifo/gnuram_async_fifo.xpm_fifo_base_inst/gen_cdc_pntr.rd_pntr_cdc_inst/src_gray_ff_reg[2]} {adc_data_preprocess_inst/adc_data_sync_inst/u_adc1_fifo/gnuram_async_fifo.xpm_fifo_base_inst/gen_cdc_pntr.rd_pntr_cdc_inst/src_gray_ff_reg[3]} {adc_data_preprocess_inst/adc_data_sync_inst/u_adc1_fifo/gnuram_async_fifo.xpm_fifo_base_inst/gen_cdc_pntr.rd_pntr_cdc_inst/src_gray_ff_reg[4]} {adc_data_preprocess_inst/adc_data_sync_inst/u_adc1_fifo/gnuram_async_fifo.xpm_fifo_base_inst/gen_cdc_pntr.rd_pntr_cdc_inst/src_gray_ff_reg[5]}]]
                                              [get_cells [list {adc_data_preprocess_inst/adc_data_sync_inst/u_adc1_fifo/gnuram_async_fifo.xpm_fifo_base_inst/gen_cdc_pntr.rd_pntr_cdc_inst/dest_graysync_ff_reg[0][0]} {adc_data_preprocess_inst/adc_data_sync_inst/u_adc1_fifo/gnuram_async_fifo.xpm_fifo_base_inst/gen_cdc_pntr.rd_pntr_cdc_inst/dest_graysync_ff_reg[0][1]} {adc_data_preprocess_inst/adc_data_sync_inst/u_adc1_fifo/gnuram_async_fifo.xpm_fifo_base_inst/gen_cdc_pntr.rd_pntr_cdc_inst/dest_graysync_ff_reg[0][2]} {adc_data_preprocess_inst/adc_data_sync_inst/u_adc1_fifo/gnuram_async_fifo.xpm_fifo_base_inst/gen_cdc_pntr.rd_pntr_cdc_inst/dest_graysync_ff_reg[0][3]} {adc_data_preprocess_inst/adc_data_sync_inst/u_adc1_fifo/gnuram_async_fifo.xpm_fifo_base_inst/gen_cdc_pntr.rd_pntr_cdc_inst/dest_graysync_ff_reg[0][4]} {adc_data_preprocess_inst/adc_data_sync_inst/u_adc1_fifo/gnuram_async_fifo.xpm_fifo_base_inst/gen_cdc_pntr.rd_pntr_cdc_inst/dest_graysync_ff_reg[0][5]}]]
                                                                              Slow             24.997       1.010     23.987
6   34        [get_cells [list {udp_event_sensor_tx_inst/u_out_meta_fifo/gnuram_async_fifo.xpm_fifo_base_inst/gen_cdc_pntr.wr_pntr_cdc_inst/src_gray_ff_reg[0]} {udp_event_sensor_tx_inst/u_out_meta_fifo/gnuram_async_fifo.xpm_fifo_base_inst/gen_cdc_pntr.wr_pntr_cdc_inst/src_gray_ff_reg[1]} {udp_event_sensor_tx_inst/u_out_meta_fifo/gnuram_async_fifo.xpm_fifo_base_inst/gen_cdc_pntr.wr_pntr_cdc_inst/src_gray_ff_reg[2]} {udp_event_sensor_tx_inst/u_out_meta_fifo/gnuram_async_fifo.xpm_fifo_base_inst/gen_cdc_pntr.wr_pntr_cdc_inst/src_gray_ff_reg[3]} {udp_event_sensor_tx_inst/u_out_meta_fifo/gnuram_async_fifo.xpm_fifo_base_inst/gen_cdc_pntr.wr_pntr_cdc_inst/src_gray_ff_reg[4]} {udp_event_sensor_tx_inst/u_out_meta_fifo/gnuram_async_fifo.xpm_fifo_base_inst/gen_cdc_pntr.wr_pntr_cdc_inst/src_gray_ff_reg[5]}]]
                                              [get_cells [list {udp_event_sensor_tx_inst/u_out_meta_fifo/gnuram_async_fifo.xpm_fifo_base_inst/gen_cdc_pntr.wr_pntr_cdc_inst/dest_graysync_ff_reg[0][0]} {udp_event_sensor_tx_inst/u_out_meta_fifo/gnuram_async_fifo.xpm_fifo_base_inst/gen_cdc_pntr.wr_pntr_cdc_inst/dest_graysync_ff_reg[0][1]} {udp_event_sensor_tx_inst/u_out_meta_fifo/gnuram_async_fifo.xpm_fifo_base_inst/gen_cdc_pntr.wr_pntr_cdc_inst/dest_graysync_ff_reg[0][2]} {udp_event_sensor_tx_inst/u_out_meta_fifo/gnuram_async_fifo.xpm_fifo_base_inst/gen_cdc_pntr.wr_pntr_cdc_inst/dest_graysync_ff_reg[0][3]} {udp_event_sensor_tx_inst/u_out_meta_fifo/gnuram_async_fifo.xpm_fifo_base_inst/gen_cdc_pntr.wr_pntr_cdc_inst/dest_graysync_ff_reg[0][4]} {udp_event_sensor_tx_inst/u_out_meta_fifo/gnuram_async_fifo.xpm_fifo_base_inst/gen_cdc_pntr.wr_pntr_cdc_inst/dest_graysync_ff_reg[0][5]}]]
                                                                              Slow              5.000       0.864      4.136
7   36        [get_cells [list {udp_event_sensor_tx_inst/u_out_meta_fifo/gnuram_async_fifo.xpm_fifo_base_inst/gen_cdc_pntr.rd_pntr_cdc_inst/src_gray_ff_reg[0]} {udp_event_sensor_tx_inst/u_out_meta_fifo/gnuram_async_fifo.xpm_fifo_base_inst/gen_cdc_pntr.rd_pntr_cdc_inst/src_gray_ff_reg[1]} {udp_event_sensor_tx_inst/u_out_meta_fifo/gnuram_async_fifo.xpm_fifo_base_inst/gen_cdc_pntr.rd_pntr_cdc_inst/src_gray_ff_reg[2]} {udp_event_sensor_tx_inst/u_out_meta_fifo/gnuram_async_fifo.xpm_fifo_base_inst/gen_cdc_pntr.rd_pntr_cdc_inst/src_gray_ff_reg[3]} {udp_event_sensor_tx_inst/u_out_meta_fifo/gnuram_async_fifo.xpm_fifo_base_inst/gen_cdc_pntr.rd_pntr_cdc_inst/src_gray_ff_reg[4]} {udp_event_sensor_tx_inst/u_out_meta_fifo/gnuram_async_fifo.xpm_fifo_base_inst/gen_cdc_pntr.rd_pntr_cdc_inst/src_gray_ff_reg[5]}]]
                                              [get_cells [list {udp_event_sensor_tx_inst/u_out_meta_fifo/gnuram_async_fifo.xpm_fifo_base_inst/gen_cdc_pntr.rd_pntr_cdc_inst/dest_graysync_ff_reg[0][0]} {udp_event_sensor_tx_inst/u_out_meta_fifo/gnuram_async_fifo.xpm_fifo_base_inst/gen_cdc_pntr.rd_pntr_cdc_inst/dest_graysync_ff_reg[0][1]} {udp_event_sensor_tx_inst/u_out_meta_fifo/gnuram_async_fifo.xpm_fifo_base_inst/gen_cdc_pntr.rd_pntr_cdc_inst/dest_graysync_ff_reg[0][2]} {udp_event_sensor_tx_inst/u_out_meta_fifo/gnuram_async_fifo.xpm_fifo_base_inst/gen_cdc_pntr.rd_pntr_cdc_inst/dest_graysync_ff_reg[0][3]} {udp_event_sensor_tx_inst/u_out_meta_fifo/gnuram_async_fifo.xpm_fifo_base_inst/gen_cdc_pntr.rd_pntr_cdc_inst/dest_graysync_ff_reg[0][4]} {udp_event_sensor_tx_inst/u_out_meta_fifo/gnuram_async_fifo.xpm_fifo_base_inst/gen_cdc_pntr.rd_pntr_cdc_inst/dest_graysync_ff_reg[0][5]}]]
                                                                              Slow              5.000       0.858      4.142
8   38        [get_cells [list {udp_event_sensor_tx_inst/u_out_len_fifo/gnuram_async_fifo.xpm_fifo_base_inst/gen_cdc_pntr.wr_pntr_cdc_inst/src_gray_ff_reg[0]} {udp_event_sensor_tx_inst/u_out_len_fifo/gnuram_async_fifo.xpm_fifo_base_inst/gen_cdc_pntr.wr_pntr_cdc_inst/src_gray_ff_reg[1]} {udp_event_sensor_tx_inst/u_out_len_fifo/gnuram_async_fifo.xpm_fifo_base_inst/gen_cdc_pntr.wr_pntr_cdc_inst/src_gray_ff_reg[2]} {udp_event_sensor_tx_inst/u_out_len_fifo/gnuram_async_fifo.xpm_fifo_base_inst/gen_cdc_pntr.wr_pntr_cdc_inst/src_gray_ff_reg[3]} {udp_event_sensor_tx_inst/u_out_len_fifo/gnuram_async_fifo.xpm_fifo_base_inst/gen_cdc_pntr.wr_pntr_cdc_inst/src_gray_ff_reg[4]} {udp_event_sensor_tx_inst/u_out_len_fifo/gnuram_async_fifo.xpm_fifo_base_inst/gen_cdc_pntr.wr_pntr_cdc_inst/src_gray_ff_reg[5]}]]
                                              [get_cells [list {udp_event_sensor_tx_inst/u_out_len_fifo/gnuram_async_fifo.xpm_fifo_base_inst/gen_cdc_pntr.wr_pntr_cdc_inst/dest_graysync_ff_reg[0][0]} {udp_event_sensor_tx_inst/u_out_len_fifo/gnuram_async_fifo.xpm_fifo_base_inst/gen_cdc_pntr.wr_pntr_cdc_inst/dest_graysync_ff_reg[0][1]} {udp_event_sensor_tx_inst/u_out_len_fifo/gnuram_async_fifo.xpm_fifo_base_inst/gen_cdc_pntr.wr_pntr_cdc_inst/dest_graysync_ff_reg[0][2]} {udp_event_sensor_tx_inst/u_out_len_fifo/gnuram_async_fifo.xpm_fifo_base_inst/gen_cdc_pntr.wr_pntr_cdc_inst/dest_graysync_ff_reg[0][3]} {udp_event_sensor_tx_inst/u_out_len_fifo/gnuram_async_fifo.xpm_fifo_base_inst/gen_cdc_pntr.wr_pntr_cdc_inst/dest_graysync_ff_reg[0][4]} {udp_event_sensor_tx_inst/u_out_len_fifo/gnuram_async_fifo.xpm_fifo_base_inst/gen_cdc_pntr.wr_pntr_cdc_inst/dest_graysync_ff_reg[0][5]}]]
                                                                              Slow              5.000       0.784      4.216
9   40        [get_cells [list {adc_data_preprocess_inst/adc_data_sync_inst/u_adc2_fifo/gnuram_async_fifo.xpm_fifo_base_inst/gen_cdc_pntr.wr_pntr_cdc_inst/src_gray_ff_reg[0]} {adc_data_preprocess_inst/adc_data_sync_inst/u_adc2_fifo/gnuram_async_fifo.xpm_fifo_base_inst/gen_cdc_pntr.wr_pntr_cdc_inst/src_gray_ff_reg[1]} {adc_data_preprocess_inst/adc_data_sync_inst/u_adc2_fifo/gnuram_async_fifo.xpm_fifo_base_inst/gen_cdc_pntr.wr_pntr_cdc_inst/src_gray_ff_reg[2]} {adc_data_preprocess_inst/adc_data_sync_inst/u_adc2_fifo/gnuram_async_fifo.xpm_fifo_base_inst/gen_cdc_pntr.wr_pntr_cdc_inst/src_gray_ff_reg[3]} {adc_data_preprocess_inst/adc_data_sync_inst/u_adc2_fifo/gnuram_async_fifo.xpm_fifo_base_inst/gen_cdc_pntr.wr_pntr_cdc_inst/src_gray_ff_reg[4]} {adc_data_preprocess_inst/adc_data_sync_inst/u_adc2_fifo/gnuram_async_fifo.xpm_fifo_base_inst/gen_cdc_pntr.wr_pntr_cdc_inst/src_gray_ff_reg[5]}]]
                                              [get_cells [list {adc_data_preprocess_inst/adc_data_sync_inst/u_adc2_fifo/gnuram_async_fifo.xpm_fifo_base_inst/gen_cdc_pntr.wr_pntr_cdc_inst/dest_graysync_ff_reg[0][0]} {adc_data_preprocess_inst/adc_data_sync_inst/u_adc2_fifo/gnuram_async_fifo.xpm_fifo_base_inst/gen_cdc_pntr.wr_pntr_cdc_inst/dest_graysync_ff_reg[0][1]} {adc_data_preprocess_inst/adc_data_sync_inst/u_adc2_fifo/gnuram_async_fifo.xpm_fifo_base_inst/gen_cdc_pntr.wr_pntr_cdc_inst/dest_graysync_ff_reg[0][2]} {adc_data_preprocess_inst/adc_data_sync_inst/u_adc2_fifo/gnuram_async_fifo.xpm_fifo_base_inst/gen_cdc_pntr.wr_pntr_cdc_inst/dest_graysync_ff_reg[0][3]} {adc_data_preprocess_inst/adc_data_sync_inst/u_adc2_fifo/gnuram_async_fifo.xpm_fifo_base_inst/gen_cdc_pntr.wr_pntr_cdc_inst/dest_graysync_ff_reg[0][4]} {adc_data_preprocess_inst/adc_data_sync_inst/u_adc2_fifo/gnuram_async_fifo.xpm_fifo_base_inst/gen_cdc_pntr.wr_pntr_cdc_inst/dest_graysync_ff_reg[0][5]}]]
                                                                              Slow             24.997       0.931     24.066
10  42        [get_cells [list {adc_data_preprocess_inst/adc_data_sync_inst/u_adc2_fifo/gnuram_async_fifo.xpm_fifo_base_inst/gen_cdc_pntr.rd_pntr_cdc_inst/src_gray_ff_reg[0]} {adc_data_preprocess_inst/adc_data_sync_inst/u_adc2_fifo/gnuram_async_fifo.xpm_fifo_base_inst/gen_cdc_pntr.rd_pntr_cdc_inst/src_gray_ff_reg[1]} {adc_data_preprocess_inst/adc_data_sync_inst/u_adc2_fifo/gnuram_async_fifo.xpm_fifo_base_inst/gen_cdc_pntr.rd_pntr_cdc_inst/src_gray_ff_reg[2]} {adc_data_preprocess_inst/adc_data_sync_inst/u_adc2_fifo/gnuram_async_fifo.xpm_fifo_base_inst/gen_cdc_pntr.rd_pntr_cdc_inst/src_gray_ff_reg[3]} {adc_data_preprocess_inst/adc_data_sync_inst/u_adc2_fifo/gnuram_async_fifo.xpm_fifo_base_inst/gen_cdc_pntr.rd_pntr_cdc_inst/src_gray_ff_reg[4]} {adc_data_preprocess_inst/adc_data_sync_inst/u_adc2_fifo/gnuram_async_fifo.xpm_fifo_base_inst/gen_cdc_pntr.rd_pntr_cdc_inst/src_gray_ff_reg[5]}]]
                                              [get_cells [list {adc_data_preprocess_inst/adc_data_sync_inst/u_adc2_fifo/gnuram_async_fifo.xpm_fifo_base_inst/gen_cdc_pntr.rd_pntr_cdc_inst/dest_graysync_ff_reg[0][0]} {adc_data_preprocess_inst/adc_data_sync_inst/u_adc2_fifo/gnuram_async_fifo.xpm_fifo_base_inst/gen_cdc_pntr.rd_pntr_cdc_inst/dest_graysync_ff_reg[0][1]} {adc_data_preprocess_inst/adc_data_sync_inst/u_adc2_fifo/gnuram_async_fifo.xpm_fifo_base_inst/gen_cdc_pntr.rd_pntr_cdc_inst/dest_graysync_ff_reg[0][2]} {adc_data_preprocess_inst/adc_data_sync_inst/u_adc2_fifo/gnuram_async_fifo.xpm_fifo_base_inst/gen_cdc_pntr.rd_pntr_cdc_inst/dest_graysync_ff_reg[0][3]} {adc_data_preprocess_inst/adc_data_sync_inst/u_adc2_fifo/gnuram_async_fifo.xpm_fifo_base_inst/gen_cdc_pntr.rd_pntr_cdc_inst/dest_graysync_ff_reg[0][4]} {adc_data_preprocess_inst/adc_data_sync_inst/u_adc2_fifo/gnuram_async_fifo.xpm_fifo_base_inst/gen_cdc_pntr.rd_pntr_cdc_inst/dest_graysync_ff_reg[0][5]}]]
                                                                              Slow             24.997       0.931     24.066
11  54        [get_cells [list {udp_event_sensor_tx_inst/u_out_byte_fifo/gnuram_async_fifo.xpm_fifo_base_inst/gen_cdc_pntr.rd_pntr_cdc_inst/src_gray_ff_reg[0]} \
          {udp_event_sensor_tx_inst/u_out_byte_fifo/gnuram_async_fifo.xpm_fifo_base_inst/gen_cdc_pntr.rd_pntr_cdc_inst/src_gray_ff_reg[10]} \
          {udp_event_sensor_tx_inst/u_out_byte_fifo/gnuram_async_fifo.xpm_fifo_base_inst/gen_cdc_pntr.rd_pntr_cdc_inst/src_gray_ff_reg[11]} \
          {udp_event_sensor_tx_inst/u_out_byte_fifo/gnuram_async_fifo.xpm_fifo_base_inst/gen_cdc_pntr.rd_pntr_cdc_inst/src_gray_ff_reg[12]} \
          {udp_event_sensor_tx_inst/u_out_byte_fifo/gnuram_async_fifo.xpm_fifo_base_inst/gen_cdc_pntr.rd_pntr_cdc_inst/src_gray_ff_reg[1]} \
          {udp_event_sensor_tx_inst/u_out_byte_fifo/gnuram_async_fifo.xpm_fifo_base_inst/gen_cdc_pntr.rd_pntr_cdc_inst/src_gray_ff_reg[2]} \
          {udp_event_sensor_tx_inst/u_out_byte_fifo/gnuram_async_fifo.xpm_fifo_base_inst/gen_cdc_pntr.rd_pntr_cdc_inst/src_gray_ff_reg[3]} \
          {udp_event_sensor_tx_inst/u_out_byte_fifo/gnuram_async_fifo.xpm_fifo_base_inst/gen_cdc_pntr.rd_pntr_cdc_inst/src_gray_ff_reg[4]} \
          {udp_event_sensor_tx_inst/u_out_byte_fifo/gnuram_async_fifo.xpm_fifo_base_inst/gen_cdc_pntr.rd_pntr_cdc_inst/src_gray_ff_reg[5]} \
          {udp_event_sensor_tx_inst/u_out_byte_fifo/gnuram_async_fifo.xpm_fifo_base_inst/gen_cdc_pntr.rd_pntr_cdc_inst/src_gray_ff_reg[6]} \
          {udp_event_sensor_tx_inst/u_out_byte_fifo/gnuram_async_fifo.xpm_fifo_base_inst/gen_cdc_pntr.rd_pntr_cdc_inst/src_gray_ff_reg[7]} \
          {udp_event_sensor_tx_inst/u_out_byte_fifo/gnuram_async_fifo.xpm_fifo_base_inst/gen_cdc_pntr.rd_pntr_cdc_inst/src_gray_ff_reg[8]} \
          {udp_event_sensor_tx_inst/u_out_byte_fifo/gnuram_async_fifo.xpm_fifo_base_inst/gen_cdc_pntr.rd_pntr_cdc_inst/src_gray_ff_reg[9]}]]
                                              [get_cells [list {udp_event_sensor_tx_inst/u_out_byte_fifo/gnuram_async_fifo.xpm_fifo_base_inst/gen_cdc_pntr.rd_pntr_cdc_inst/dest_graysync_ff_reg[0][0]} \
          {udp_event_sensor_tx_inst/u_out_byte_fifo/gnuram_async_fifo.xpm_fifo_base_inst/gen_cdc_pntr.rd_pntr_cdc_inst/dest_graysync_ff_reg[0][10]} \
          {udp_event_sensor_tx_inst/u_out_byte_fifo/gnuram_async_fifo.xpm_fifo_base_inst/gen_cdc_pntr.rd_pntr_cdc_inst/dest_graysync_ff_reg[0][11]} \
          {udp_event_sensor_tx_inst/u_out_byte_fifo/gnuram_async_fifo.xpm_fifo_base_inst/gen_cdc_pntr.rd_pntr_cdc_inst/dest_graysync_ff_reg[0][12]} \
          {udp_event_sensor_tx_inst/u_out_byte_fifo/gnuram_async_fifo.xpm_fifo_base_inst/gen_cdc_pntr.rd_pntr_cdc_inst/dest_graysync_ff_reg[0][1]} \
          {udp_event_sensor_tx_inst/u_out_byte_fifo/gnuram_async_fifo.xpm_fifo_base_inst/gen_cdc_pntr.rd_pntr_cdc_inst/dest_graysync_ff_reg[0][2]} \
          {udp_event_sensor_tx_inst/u_out_byte_fifo/gnuram_async_fifo.xpm_fifo_base_inst/gen_cdc_pntr.rd_pntr_cdc_inst/dest_graysync_ff_reg[0][3]} \
          {udp_event_sensor_tx_inst/u_out_byte_fifo/gnuram_async_fifo.xpm_fifo_base_inst/gen_cdc_pntr.rd_pntr_cdc_inst/dest_graysync_ff_reg[0][4]} \
          {udp_event_sensor_tx_inst/u_out_byte_fifo/gnuram_async_fifo.xpm_fifo_base_inst/gen_cdc_pntr.rd_pntr_cdc_inst/dest_graysync_ff_reg[0][5]} \
          {udp_event_sensor_tx_inst/u_out_byte_fifo/gnuram_async_fifo.xpm_fifo_base_inst/gen_cdc_pntr.rd_pntr_cdc_inst/dest_graysync_ff_reg[0][6]} \
          {udp_event_sensor_tx_inst/u_out_byte_fifo/gnuram_async_fifo.xpm_fifo_base_inst/gen_cdc_pntr.rd_pntr_cdc_inst/dest_graysync_ff_reg[0][7]} \
          {udp_event_sensor_tx_inst/u_out_byte_fifo/gnuram_async_fifo.xpm_fifo_base_inst/gen_cdc_pntr.rd_pntr_cdc_inst/dest_graysync_ff_reg[0][8]} \
          {udp_event_sensor_tx_inst/u_out_byte_fifo/gnuram_async_fifo.xpm_fifo_base_inst/gen_cdc_pntr.rd_pntr_cdc_inst/dest_graysync_ff_reg[0][9]}]]
                                                                              Slow              5.000       0.884      4.116
12  56        [get_cells [list {udp_event_sensor_tx_inst/u_out_byte_fifo/gnuram_async_fifo.xpm_fifo_base_inst/gen_cdc_pntr.wr_pntr_cdc_inst/src_gray_ff_reg[0]} \
          {udp_event_sensor_tx_inst/u_out_byte_fifo/gnuram_async_fifo.xpm_fifo_base_inst/gen_cdc_pntr.wr_pntr_cdc_inst/src_gray_ff_reg[10]} \
          {udp_event_sensor_tx_inst/u_out_byte_fifo/gnuram_async_fifo.xpm_fifo_base_inst/gen_cdc_pntr.wr_pntr_cdc_inst/src_gray_ff_reg[11]} \
          {udp_event_sensor_tx_inst/u_out_byte_fifo/gnuram_async_fifo.xpm_fifo_base_inst/gen_cdc_pntr.wr_pntr_cdc_inst/src_gray_ff_reg[12]} \
          {udp_event_sensor_tx_inst/u_out_byte_fifo/gnuram_async_fifo.xpm_fifo_base_inst/gen_cdc_pntr.wr_pntr_cdc_inst/src_gray_ff_reg[1]} \
          {udp_event_sensor_tx_inst/u_out_byte_fifo/gnuram_async_fifo.xpm_fifo_base_inst/gen_cdc_pntr.wr_pntr_cdc_inst/src_gray_ff_reg[2]} \
          {udp_event_sensor_tx_inst/u_out_byte_fifo/gnuram_async_fifo.xpm_fifo_base_inst/gen_cdc_pntr.wr_pntr_cdc_inst/src_gray_ff_reg[3]} \
          {udp_event_sensor_tx_inst/u_out_byte_fifo/gnuram_async_fifo.xpm_fifo_base_inst/gen_cdc_pntr.wr_pntr_cdc_inst/src_gray_ff_reg[4]} \
          {udp_event_sensor_tx_inst/u_out_byte_fifo/gnuram_async_fifo.xpm_fifo_base_inst/gen_cdc_pntr.wr_pntr_cdc_inst/src_gray_ff_reg[5]} \
          {udp_event_sensor_tx_inst/u_out_byte_fifo/gnuram_async_fifo.xpm_fifo_base_inst/gen_cdc_pntr.wr_pntr_cdc_inst/src_gray_ff_reg[6]} \
          {udp_event_sensor_tx_inst/u_out_byte_fifo/gnuram_async_fifo.xpm_fifo_base_inst/gen_cdc_pntr.wr_pntr_cdc_inst/src_gray_ff_reg[7]} \
          {udp_event_sensor_tx_inst/u_out_byte_fifo/gnuram_async_fifo.xpm_fifo_base_inst/gen_cdc_pntr.wr_pntr_cdc_inst/src_gray_ff_reg[8]} \
          {udp_event_sensor_tx_inst/u_out_byte_fifo/gnuram_async_fifo.xpm_fifo_base_inst/gen_cdc_pntr.wr_pntr_cdc_inst/src_gray_ff_reg[9]}]]
                                              [get_cells [list {udp_event_sensor_tx_inst/u_out_byte_fifo/gnuram_async_fifo.xpm_fifo_base_inst/gen_cdc_pntr.wr_pntr_cdc_inst/dest_graysync_ff_reg[0][0]} \
          {udp_event_sensor_tx_inst/u_out_byte_fifo/gnuram_async_fifo.xpm_fifo_base_inst/gen_cdc_pntr.wr_pntr_cdc_inst/dest_graysync_ff_reg[0][10]} \
          {udp_event_sensor_tx_inst/u_out_byte_fifo/gnuram_async_fifo.xpm_fifo_base_inst/gen_cdc_pntr.wr_pntr_cdc_inst/dest_graysync_ff_reg[0][11]} \
          {udp_event_sensor_tx_inst/u_out_byte_fifo/gnuram_async_fifo.xpm_fifo_base_inst/gen_cdc_pntr.wr_pntr_cdc_inst/dest_graysync_ff_reg[0][12]} \
          {udp_event_sensor_tx_inst/u_out_byte_fifo/gnuram_async_fifo.xpm_fifo_base_inst/gen_cdc_pntr.wr_pntr_cdc_inst/dest_graysync_ff_reg[0][1]} \
          {udp_event_sensor_tx_inst/u_out_byte_fifo/gnuram_async_fifo.xpm_fifo_base_inst/gen_cdc_pntr.wr_pntr_cdc_inst/dest_graysync_ff_reg[0][2]} \
          {udp_event_sensor_tx_inst/u_out_byte_fifo/gnuram_async_fifo.xpm_fifo_base_inst/gen_cdc_pntr.wr_pntr_cdc_inst/dest_graysync_ff_reg[0][3]} \
          {udp_event_sensor_tx_inst/u_out_byte_fifo/gnuram_async_fifo.xpm_fifo_base_inst/gen_cdc_pntr.wr_pntr_cdc_inst/dest_graysync_ff_reg[0][4]} \
          {udp_event_sensor_tx_inst/u_out_byte_fifo/gnuram_async_fifo.xpm_fifo_base_inst/gen_cdc_pntr.wr_pntr_cdc_inst/dest_graysync_ff_reg[0][5]} \
          {udp_event_sensor_tx_inst/u_out_byte_fifo/gnuram_async_fifo.xpm_fifo_base_inst/gen_cdc_pntr.wr_pntr_cdc_inst/dest_graysync_ff_reg[0][6]} \
          {udp_event_sensor_tx_inst/u_out_byte_fifo/gnuram_async_fifo.xpm_fifo_base_inst/gen_cdc_pntr.wr_pntr_cdc_inst/dest_graysync_ff_reg[0][7]} \
          {udp_event_sensor_tx_inst/u_out_byte_fifo/gnuram_async_fifo.xpm_fifo_base_inst/gen_cdc_pntr.wr_pntr_cdc_inst/dest_graysync_ff_reg[0][8]} \
          {udp_event_sensor_tx_inst/u_out_byte_fifo/gnuram_async_fifo.xpm_fifo_base_inst/gen_cdc_pntr.wr_pntr_cdc_inst/dest_graysync_ff_reg[0][9]}]]
                                                                              Slow              5.000       0.901      4.099
13  58        [get_cells [list {udp_event_sensor_tx_inst/u_out_byte_fifo/gnuram_async_fifo.xpm_fifo_base_inst/gen_cdc_pntr.wr_pntr_cdc_dc_inst/src_gray_ff_reg[0]} \
          {udp_event_sensor_tx_inst/u_out_byte_fifo/gnuram_async_fifo.xpm_fifo_base_inst/gen_cdc_pntr.wr_pntr_cdc_dc_inst/src_gray_ff_reg[10]} \
          {udp_event_sensor_tx_inst/u_out_byte_fifo/gnuram_async_fifo.xpm_fifo_base_inst/gen_cdc_pntr.wr_pntr_cdc_dc_inst/src_gray_ff_reg[11]} \
          {udp_event_sensor_tx_inst/u_out_byte_fifo/gnuram_async_fifo.xpm_fifo_base_inst/gen_cdc_pntr.wr_pntr_cdc_dc_inst/src_gray_ff_reg[12]} \
          {udp_event_sensor_tx_inst/u_out_byte_fifo/gnuram_async_fifo.xpm_fifo_base_inst/gen_cdc_pntr.wr_pntr_cdc_dc_inst/src_gray_ff_reg[13]} \
          {udp_event_sensor_tx_inst/u_out_byte_fifo/gnuram_async_fifo.xpm_fifo_base_inst/gen_cdc_pntr.wr_pntr_cdc_dc_inst/src_gray_ff_reg[1]} \
          {udp_event_sensor_tx_inst/u_out_byte_fifo/gnuram_async_fifo.xpm_fifo_base_inst/gen_cdc_pntr.wr_pntr_cdc_dc_inst/src_gray_ff_reg[2]} \
          {udp_event_sensor_tx_inst/u_out_byte_fifo/gnuram_async_fifo.xpm_fifo_base_inst/gen_cdc_pntr.wr_pntr_cdc_dc_inst/src_gray_ff_reg[3]} \
          {udp_event_sensor_tx_inst/u_out_byte_fifo/gnuram_async_fifo.xpm_fifo_base_inst/gen_cdc_pntr.wr_pntr_cdc_dc_inst/src_gray_ff_reg[4]} \
          {udp_event_sensor_tx_inst/u_out_byte_fifo/gnuram_async_fifo.xpm_fifo_base_inst/gen_cdc_pntr.wr_pntr_cdc_dc_inst/src_gray_ff_reg[5]} \
          {udp_event_sensor_tx_inst/u_out_byte_fifo/gnuram_async_fifo.xpm_fifo_base_inst/gen_cdc_pntr.wr_pntr_cdc_dc_inst/src_gray_ff_reg[6]} \
          {udp_event_sensor_tx_inst/u_out_byte_fifo/gnuram_async_fifo.xpm_fifo_base_inst/gen_cdc_pntr.wr_pntr_cdc_dc_inst/src_gray_ff_reg[7]} \
          {udp_event_sensor_tx_inst/u_out_byte_fifo/gnuram_async_fifo.xpm_fifo_base_inst/gen_cdc_pntr.wr_pntr_cdc_dc_inst/src_gray_ff_reg[8]} \
          {udp_event_sensor_tx_inst/u_out_byte_fifo/gnuram_async_fifo.xpm_fifo_base_inst/gen_cdc_pntr.wr_pntr_cdc_dc_inst/src_gray_ff_reg[9]}]]
                                              [get_cells [list {udp_event_sensor_tx_inst/u_out_byte_fifo/gnuram_async_fifo.xpm_fifo_base_inst/gen_cdc_pntr.wr_pntr_cdc_dc_inst/dest_graysync_ff_reg[0][0]} \
          {udp_event_sensor_tx_inst/u_out_byte_fifo/gnuram_async_fifo.xpm_fifo_base_inst/gen_cdc_pntr.wr_pntr_cdc_dc_inst/dest_graysync_ff_reg[0][10]} \
          {udp_event_sensor_tx_inst/u_out_byte_fifo/gnuram_async_fifo.xpm_fifo_base_inst/gen_cdc_pntr.wr_pntr_cdc_dc_inst/dest_graysync_ff_reg[0][11]} \
          {udp_event_sensor_tx_inst/u_out_byte_fifo/gnuram_async_fifo.xpm_fifo_base_inst/gen_cdc_pntr.wr_pntr_cdc_dc_inst/dest_graysync_ff_reg[0][12]} \
          {udp_event_sensor_tx_inst/u_out_byte_fifo/gnuram_async_fifo.xpm_fifo_base_inst/gen_cdc_pntr.wr_pntr_cdc_dc_inst/dest_graysync_ff_reg[0][13]} \
          {udp_event_sensor_tx_inst/u_out_byte_fifo/gnuram_async_fifo.xpm_fifo_base_inst/gen_cdc_pntr.wr_pntr_cdc_dc_inst/dest_graysync_ff_reg[0][1]} \
          {udp_event_sensor_tx_inst/u_out_byte_fifo/gnuram_async_fifo.xpm_fifo_base_inst/gen_cdc_pntr.wr_pntr_cdc_dc_inst/dest_graysync_ff_reg[0][2]} \
          {udp_event_sensor_tx_inst/u_out_byte_fifo/gnuram_async_fifo.xpm_fifo_base_inst/gen_cdc_pntr.wr_pntr_cdc_dc_inst/dest_graysync_ff_reg[0][3]} \
          {udp_event_sensor_tx_inst/u_out_byte_fifo/gnuram_async_fifo.xpm_fifo_base_inst/gen_cdc_pntr.wr_pntr_cdc_dc_inst/dest_graysync_ff_reg[0][4]} \
          {udp_event_sensor_tx_inst/u_out_byte_fifo/gnuram_async_fifo.xpm_fifo_base_inst/gen_cdc_pntr.wr_pntr_cdc_dc_inst/dest_graysync_ff_reg[0][5]} \
          {udp_event_sensor_tx_inst/u_out_byte_fifo/gnuram_async_fifo.xpm_fifo_base_inst/gen_cdc_pntr.wr_pntr_cdc_dc_inst/dest_graysync_ff_reg[0][6]} \
          {udp_event_sensor_tx_inst/u_out_byte_fifo/gnuram_async_fifo.xpm_fifo_base_inst/gen_cdc_pntr.wr_pntr_cdc_dc_inst/dest_graysync_ff_reg[0][7]} \
          {udp_event_sensor_tx_inst/u_out_byte_fifo/gnuram_async_fifo.xpm_fifo_base_inst/gen_cdc_pntr.wr_pntr_cdc_dc_inst/dest_graysync_ff_reg[0][8]} \
          {udp_event_sensor_tx_inst/u_out_byte_fifo/gnuram_async_fifo.xpm_fifo_base_inst/gen_cdc_pntr.wr_pntr_cdc_dc_inst/dest_graysync_ff_reg[0][9]}]]
                                                                              Slow              5.000       0.981      4.019
14  68        [get_cells [list {ae_ddr_axis_event_buffer_inst/u_ae_ddr_event_buffer/u_data_fifo/gnuram_async_fifo.xpm_fifo_base_inst/gen_cdc_pntr.rd_pntr_cdc_inst/src_gray_ff_reg[0]} {ae_ddr_axis_event_buffer_inst/u_ae_ddr_event_buffer/u_data_fifo/gnuram_async_fifo.xpm_fifo_base_inst/gen_cdc_pntr.rd_pntr_cdc_inst/src_gray_ff_reg[1]} {ae_ddr_axis_event_buffer_inst/u_ae_ddr_event_buffer/u_data_fifo/gnuram_async_fifo.xpm_fifo_base_inst/gen_cdc_pntr.rd_pntr_cdc_inst/src_gray_ff_reg[2]} {ae_ddr_axis_event_buffer_inst/u_ae_ddr_event_buffer/u_data_fifo/gnuram_async_fifo.xpm_fifo_base_inst/gen_cdc_pntr.rd_pntr_cdc_inst/src_gray_ff_reg[3]} {ae_ddr_axis_event_buffer_inst/u_ae_ddr_event_buffer/u_data_fifo/gnuram_async_fifo.xpm_fifo_base_inst/gen_cdc_pntr.rd_pntr_cdc_inst/src_gray_ff_reg[4]} {ae_ddr_axis_event_buffer_inst/u_ae_ddr_event_buffer/u_data_fifo/gnuram_async_fifo.xpm_fifo_base_inst/gen_cdc_pntr.rd_pntr_cdc_inst/src_gray_ff_reg[5]} {ae_ddr_axis_event_buffer_inst/u_ae_ddr_event_buffer/u_data_fifo/gnuram_async_fifo.xpm_fifo_base_inst/gen_cdc_pntr.rd_pntr_cdc_inst/src_gray_ff_reg[6]} {ae_ddr_axis_event_buffer_inst/u_ae_ddr_event_buffer/u_data_fifo/gnuram_async_fifo.xpm_fifo_base_inst/gen_cdc_pntr.rd_pntr_cdc_inst/src_gray_ff_reg[7]} {ae_ddr_axis_event_buffer_inst/u_ae_ddr_event_buffer/u_data_fifo/gnuram_async_fifo.xpm_fifo_base_inst/gen_cdc_pntr.rd_pntr_cdc_inst/src_gray_ff_reg[8]}]]
                                              [get_cells [list {ae_ddr_axis_event_buffer_inst/u_ae_ddr_event_buffer/u_data_fifo/gnuram_async_fifo.xpm_fifo_base_inst/gen_cdc_pntr.rd_pntr_cdc_inst/dest_graysync_ff_reg[0][0]} {ae_ddr_axis_event_buffer_inst/u_ae_ddr_event_buffer/u_data_fifo/gnuram_async_fifo.xpm_fifo_base_inst/gen_cdc_pntr.rd_pntr_cdc_inst/dest_graysync_ff_reg[0][1]} {ae_ddr_axis_event_buffer_inst/u_ae_ddr_event_buffer/u_data_fifo/gnuram_async_fifo.xpm_fifo_base_inst/gen_cdc_pntr.rd_pntr_cdc_inst/dest_graysync_ff_reg[0][2]} {ae_ddr_axis_event_buffer_inst/u_ae_ddr_event_buffer/u_data_fifo/gnuram_async_fifo.xpm_fifo_base_inst/gen_cdc_pntr.rd_pntr_cdc_inst/dest_graysync_ff_reg[0][3]} {ae_ddr_axis_event_buffer_inst/u_ae_ddr_event_buffer/u_data_fifo/gnuram_async_fifo.xpm_fifo_base_inst/gen_cdc_pntr.rd_pntr_cdc_inst/dest_graysync_ff_reg[0][4]} {ae_ddr_axis_event_buffer_inst/u_ae_ddr_event_buffer/u_data_fifo/gnuram_async_fifo.xpm_fifo_base_inst/gen_cdc_pntr.rd_pntr_cdc_inst/dest_graysync_ff_reg[0][5]} {ae_ddr_axis_event_buffer_inst/u_ae_ddr_event_buffer/u_data_fifo/gnuram_async_fifo.xpm_fifo_base_inst/gen_cdc_pntr.rd_pntr_cdc_inst/dest_graysync_ff_reg[0][6]} {ae_ddr_axis_event_buffer_inst/u_ae_ddr_event_buffer/u_data_fifo/gnuram_async_fifo.xpm_fifo_base_inst/gen_cdc_pntr.rd_pntr_cdc_inst/dest_graysync_ff_reg[0][7]} {ae_ddr_axis_event_buffer_inst/u_ae_ddr_event_buffer/u_data_fifo/gnuram_async_fifo.xpm_fifo_base_inst/gen_cdc_pntr.rd_pntr_cdc_inst/dest_graysync_ff_reg[0][8]}]]
                                                                              Slow              5.000       0.898      4.102
15  72        [get_cells [list {ae_ddr_axis_event_buffer_inst/u_ae_ddr_event_buffer/u_data_fifo/gnuram_async_fifo.xpm_fifo_base_inst/gen_cdc_pntr.wr_pntr_cdc_inst/src_gray_ff_reg[0]} {ae_ddr_axis_event_buffer_inst/u_ae_ddr_event_buffer/u_data_fifo/gnuram_async_fifo.xpm_fifo_base_inst/gen_cdc_pntr.wr_pntr_cdc_inst/src_gray_ff_reg[1]} {ae_ddr_axis_event_buffer_inst/u_ae_ddr_event_buffer/u_data_fifo/gnuram_async_fifo.xpm_fifo_base_inst/gen_cdc_pntr.wr_pntr_cdc_inst/src_gray_ff_reg[2]} {ae_ddr_axis_event_buffer_inst/u_ae_ddr_event_buffer/u_data_fifo/gnuram_async_fifo.xpm_fifo_base_inst/gen_cdc_pntr.wr_pntr_cdc_inst/src_gray_ff_reg[3]} {ae_ddr_axis_event_buffer_inst/u_ae_ddr_event_buffer/u_data_fifo/gnuram_async_fifo.xpm_fifo_base_inst/gen_cdc_pntr.wr_pntr_cdc_inst/src_gray_ff_reg[4]} {ae_ddr_axis_event_buffer_inst/u_ae_ddr_event_buffer/u_data_fifo/gnuram_async_fifo.xpm_fifo_base_inst/gen_cdc_pntr.wr_pntr_cdc_inst/src_gray_ff_reg[5]} {ae_ddr_axis_event_buffer_inst/u_ae_ddr_event_buffer/u_data_fifo/gnuram_async_fifo.xpm_fifo_base_inst/gen_cdc_pntr.wr_pntr_cdc_inst/src_gray_ff_reg[6]} {ae_ddr_axis_event_buffer_inst/u_ae_ddr_event_buffer/u_data_fifo/gnuram_async_fifo.xpm_fifo_base_inst/gen_cdc_pntr.wr_pntr_cdc_inst/src_gray_ff_reg[7]} {ae_ddr_axis_event_buffer_inst/u_ae_ddr_event_buffer/u_data_fifo/gnuram_async_fifo.xpm_fifo_base_inst/gen_cdc_pntr.wr_pntr_cdc_inst/src_gray_ff_reg[8]}]]
                                              [get_cells [list {ae_ddr_axis_event_buffer_inst/u_ae_ddr_event_buffer/u_data_fifo/gnuram_async_fifo.xpm_fifo_base_inst/gen_cdc_pntr.wr_pntr_cdc_inst/dest_graysync_ff_reg[0][0]} {ae_ddr_axis_event_buffer_inst/u_ae_ddr_event_buffer/u_data_fifo/gnuram_async_fifo.xpm_fifo_base_inst/gen_cdc_pntr.wr_pntr_cdc_inst/dest_graysync_ff_reg[0][1]} {ae_ddr_axis_event_buffer_inst/u_ae_ddr_event_buffer/u_data_fifo/gnuram_async_fifo.xpm_fifo_base_inst/gen_cdc_pntr.wr_pntr_cdc_inst/dest_graysync_ff_reg[0][2]} {ae_ddr_axis_event_buffer_inst/u_ae_ddr_event_buffer/u_data_fifo/gnuram_async_fifo.xpm_fifo_base_inst/gen_cdc_pntr.wr_pntr_cdc_inst/dest_graysync_ff_reg[0][3]} {ae_ddr_axis_event_buffer_inst/u_ae_ddr_event_buffer/u_data_fifo/gnuram_async_fifo.xpm_fifo_base_inst/gen_cdc_pntr.wr_pntr_cdc_inst/dest_graysync_ff_reg[0][4]} {ae_ddr_axis_event_buffer_inst/u_ae_ddr_event_buffer/u_data_fifo/gnuram_async_fifo.xpm_fifo_base_inst/gen_cdc_pntr.wr_pntr_cdc_inst/dest_graysync_ff_reg[0][5]} {ae_ddr_axis_event_buffer_inst/u_ae_ddr_event_buffer/u_data_fifo/gnuram_async_fifo.xpm_fifo_base_inst/gen_cdc_pntr.wr_pntr_cdc_inst/dest_graysync_ff_reg[0][6]} {ae_ddr_axis_event_buffer_inst/u_ae_ddr_event_buffer/u_data_fifo/gnuram_async_fifo.xpm_fifo_base_inst/gen_cdc_pntr.wr_pntr_cdc_inst/dest_graysync_ff_reg[0][7]} {ae_ddr_axis_event_buffer_inst/u_ae_ddr_event_buffer/u_data_fifo/gnuram_async_fifo.xpm_fifo_base_inst/gen_cdc_pntr.wr_pntr_cdc_inst/dest_graysync_ff_reg[0][8]}]]
                                                                              Slow              5.000       0.910      4.090
16  78        [get_cells [list {ae_ddr_axis_event_buffer_inst/u_ae_ddr_event_buffer/u_meta_fifo/gnuram_async_fifo.xpm_fifo_base_inst/gen_cdc_pntr.rd_pntr_cdc_inst/src_gray_ff_reg[0]} {ae_ddr_axis_event_buffer_inst/u_ae_ddr_event_buffer/u_meta_fifo/gnuram_async_fifo.xpm_fifo_base_inst/gen_cdc_pntr.rd_pntr_cdc_inst/src_gray_ff_reg[1]} {ae_ddr_axis_event_buffer_inst/u_ae_ddr_event_buffer/u_meta_fifo/gnuram_async_fifo.xpm_fifo_base_inst/gen_cdc_pntr.rd_pntr_cdc_inst/src_gray_ff_reg[2]} {ae_ddr_axis_event_buffer_inst/u_ae_ddr_event_buffer/u_meta_fifo/gnuram_async_fifo.xpm_fifo_base_inst/gen_cdc_pntr.rd_pntr_cdc_inst/src_gray_ff_reg[3]}]]
                                              [get_cells [list {ae_ddr_axis_event_buffer_inst/u_ae_ddr_event_buffer/u_meta_fifo/gnuram_async_fifo.xpm_fifo_base_inst/gen_cdc_pntr.rd_pntr_cdc_inst/dest_graysync_ff_reg[0][0]} {ae_ddr_axis_event_buffer_inst/u_ae_ddr_event_buffer/u_meta_fifo/gnuram_async_fifo.xpm_fifo_base_inst/gen_cdc_pntr.rd_pntr_cdc_inst/dest_graysync_ff_reg[0][1]} {ae_ddr_axis_event_buffer_inst/u_ae_ddr_event_buffer/u_meta_fifo/gnuram_async_fifo.xpm_fifo_base_inst/gen_cdc_pntr.rd_pntr_cdc_inst/dest_graysync_ff_reg[0][2]} {ae_ddr_axis_event_buffer_inst/u_ae_ddr_event_buffer/u_meta_fifo/gnuram_async_fifo.xpm_fifo_base_inst/gen_cdc_pntr.rd_pntr_cdc_inst/dest_graysync_ff_reg[0][3]}]]
                                                                              Slow              5.000       0.700      4.300
17  80        [get_cells [list {udp_event_sensor_tx_inst/u_req_fifo/gnuram_async_fifo.xpm_fifo_base_inst/gen_cdc_pntr.wr_pntr_cdc_inst/src_gray_ff_reg[0]} {udp_event_sensor_tx_inst/u_req_fifo/gnuram_async_fifo.xpm_fifo_base_inst/gen_cdc_pntr.wr_pntr_cdc_inst/src_gray_ff_reg[1]} {udp_event_sensor_tx_inst/u_req_fifo/gnuram_async_fifo.xpm_fifo_base_inst/gen_cdc_pntr.wr_pntr_cdc_inst/src_gray_ff_reg[2]} {udp_event_sensor_tx_inst/u_req_fifo/gnuram_async_fifo.xpm_fifo_base_inst/gen_cdc_pntr.wr_pntr_cdc_inst/src_gray_ff_reg[3]}]]
                                              [get_cells [list {udp_event_sensor_tx_inst/u_req_fifo/gnuram_async_fifo.xpm_fifo_base_inst/gen_cdc_pntr.wr_pntr_cdc_inst/dest_graysync_ff_reg[0][0]} {udp_event_sensor_tx_inst/u_req_fifo/gnuram_async_fifo.xpm_fifo_base_inst/gen_cdc_pntr.wr_pntr_cdc_inst/dest_graysync_ff_reg[0][1]} {udp_event_sensor_tx_inst/u_req_fifo/gnuram_async_fifo.xpm_fifo_base_inst/gen_cdc_pntr.wr_pntr_cdc_inst/dest_graysync_ff_reg[0][2]} {udp_event_sensor_tx_inst/u_req_fifo/gnuram_async_fifo.xpm_fifo_base_inst/gen_cdc_pntr.wr_pntr_cdc_inst/dest_graysync_ff_reg[0][3]}]]
                                                                              Slow              5.000       0.870      4.130
18  82        [get_cells [list {udp_event_sensor_tx_inst/u_req_fifo/gnuram_async_fifo.xpm_fifo_base_inst/gen_cdc_pntr.rd_pntr_cdc_inst/src_gray_ff_reg[0]} {udp_event_sensor_tx_inst/u_req_fifo/gnuram_async_fifo.xpm_fifo_base_inst/gen_cdc_pntr.rd_pntr_cdc_inst/src_gray_ff_reg[1]} {udp_event_sensor_tx_inst/u_req_fifo/gnuram_async_fifo.xpm_fifo_base_inst/gen_cdc_pntr.rd_pntr_cdc_inst/src_gray_ff_reg[2]} {udp_event_sensor_tx_inst/u_req_fifo/gnuram_async_fifo.xpm_fifo_base_inst/gen_cdc_pntr.rd_pntr_cdc_inst/src_gray_ff_reg[3]}]]
                                              [get_cells [list {udp_event_sensor_tx_inst/u_req_fifo/gnuram_async_fifo.xpm_fifo_base_inst/gen_cdc_pntr.rd_pntr_cdc_inst/dest_graysync_ff_reg[0][0]} {udp_event_sensor_tx_inst/u_req_fifo/gnuram_async_fifo.xpm_fifo_base_inst/gen_cdc_pntr.rd_pntr_cdc_inst/dest_graysync_ff_reg[0][1]} {udp_event_sensor_tx_inst/u_req_fifo/gnuram_async_fifo.xpm_fifo_base_inst/gen_cdc_pntr.rd_pntr_cdc_inst/dest_graysync_ff_reg[0][2]} {udp_event_sensor_tx_inst/u_req_fifo/gnuram_async_fifo.xpm_fifo_base_inst/gen_cdc_pntr.rd_pntr_cdc_inst/dest_graysync_ff_reg[0][3]}]]
                                                                              Slow              5.000       0.830      4.170
19  84        [get_cells [list {ae_ddr_axis_event_buffer_inst/u_ae_ddr_event_buffer/u_meta_fifo/gnuram_async_fifo.xpm_fifo_base_inst/gen_cdc_pntr.wr_pntr_cdc_inst/src_gray_ff_reg[0]} {ae_ddr_axis_event_buffer_inst/u_ae_ddr_event_buffer/u_meta_fifo/gnuram_async_fifo.xpm_fifo_base_inst/gen_cdc_pntr.wr_pntr_cdc_inst/src_gray_ff_reg[1]} {ae_ddr_axis_event_buffer_inst/u_ae_ddr_event_buffer/u_meta_fifo/gnuram_async_fifo.xpm_fifo_base_inst/gen_cdc_pntr.wr_pntr_cdc_inst/src_gray_ff_reg[2]} {ae_ddr_axis_event_buffer_inst/u_ae_ddr_event_buffer/u_meta_fifo/gnuram_async_fifo.xpm_fifo_base_inst/gen_cdc_pntr.wr_pntr_cdc_inst/src_gray_ff_reg[3]}]]
                                              [get_cells [list {ae_ddr_axis_event_buffer_inst/u_ae_ddr_event_buffer/u_meta_fifo/gnuram_async_fifo.xpm_fifo_base_inst/gen_cdc_pntr.wr_pntr_cdc_inst/dest_graysync_ff_reg[0][0]} {ae_ddr_axis_event_buffer_inst/u_ae_ddr_event_buffer/u_meta_fifo/gnuram_async_fifo.xpm_fifo_base_inst/gen_cdc_pntr.wr_pntr_cdc_inst/dest_graysync_ff_reg[0][1]} {ae_ddr_axis_event_buffer_inst/u_ae_ddr_event_buffer/u_meta_fifo/gnuram_async_fifo.xpm_fifo_base_inst/gen_cdc_pntr.wr_pntr_cdc_inst/dest_graysync_ff_reg[0][2]} {ae_ddr_axis_event_buffer_inst/u_ae_ddr_event_buffer/u_meta_fifo/gnuram_async_fifo.xpm_fifo_base_inst/gen_cdc_pntr.wr_pntr_cdc_inst/dest_graysync_ff_reg[0][3]}]]
                                                                              Slow              5.000       0.810      4.190
20  94        [get_cells [list {udp_event_sensor_tx_inst/u_evt_word_fifo/gnuram_async_fifo.xpm_fifo_base_inst/gen_cdc_pntr.rd_pntr_cdc_inst/src_gray_ff_reg[0]} {udp_event_sensor_tx_inst/u_evt_word_fifo/gnuram_async_fifo.xpm_fifo_base_inst/gen_cdc_pntr.rd_pntr_cdc_inst/src_gray_ff_reg[1]} {udp_event_sensor_tx_inst/u_evt_word_fifo/gnuram_async_fifo.xpm_fifo_base_inst/gen_cdc_pntr.rd_pntr_cdc_inst/src_gray_ff_reg[2]} {udp_event_sensor_tx_inst/u_evt_word_fifo/gnuram_async_fifo.xpm_fifo_base_inst/gen_cdc_pntr.rd_pntr_cdc_inst/src_gray_ff_reg[3]} {udp_event_sensor_tx_inst/u_evt_word_fifo/gnuram_async_fifo.xpm_fifo_base_inst/gen_cdc_pntr.rd_pntr_cdc_inst/src_gray_ff_reg[4]} {udp_event_sensor_tx_inst/u_evt_word_fifo/gnuram_async_fifo.xpm_fifo_base_inst/gen_cdc_pntr.rd_pntr_cdc_inst/src_gray_ff_reg[5]} {udp_event_sensor_tx_inst/u_evt_word_fifo/gnuram_async_fifo.xpm_fifo_base_inst/gen_cdc_pntr.rd_pntr_cdc_inst/src_gray_ff_reg[6]} {udp_event_sensor_tx_inst/u_evt_word_fifo/gnuram_async_fifo.xpm_fifo_base_inst/gen_cdc_pntr.rd_pntr_cdc_inst/src_gray_ff_reg[7]}]]
                                              [get_cells [list {udp_event_sensor_tx_inst/u_evt_word_fifo/gnuram_async_fifo.xpm_fifo_base_inst/gen_cdc_pntr.rd_pntr_cdc_inst/dest_graysync_ff_reg[0][0]} {udp_event_sensor_tx_inst/u_evt_word_fifo/gnuram_async_fifo.xpm_fifo_base_inst/gen_cdc_pntr.rd_pntr_cdc_inst/dest_graysync_ff_reg[0][1]} {udp_event_sensor_tx_inst/u_evt_word_fifo/gnuram_async_fifo.xpm_fifo_base_inst/gen_cdc_pntr.rd_pntr_cdc_inst/dest_graysync_ff_reg[0][2]} {udp_event_sensor_tx_inst/u_evt_word_fifo/gnuram_async_fifo.xpm_fifo_base_inst/gen_cdc_pntr.rd_pntr_cdc_inst/dest_graysync_ff_reg[0][3]} {udp_event_sensor_tx_inst/u_evt_word_fifo/gnuram_async_fifo.xpm_fifo_base_inst/gen_cdc_pntr.rd_pntr_cdc_inst/dest_graysync_ff_reg[0][4]} {udp_event_sensor_tx_inst/u_evt_word_fifo/gnuram_async_fifo.xpm_fifo_base_inst/gen_cdc_pntr.rd_pntr_cdc_inst/dest_graysync_ff_reg[0][5]} {udp_event_sensor_tx_inst/u_evt_word_fifo/gnuram_async_fifo.xpm_fifo_base_inst/gen_cdc_pntr.rd_pntr_cdc_inst/dest_graysync_ff_reg[0][6]} {udp_event_sensor_tx_inst/u_evt_word_fifo/gnuram_async_fifo.xpm_fifo_base_inst/gen_cdc_pntr.rd_pntr_cdc_inst/dest_graysync_ff_reg[0][7]}]]
                                                                              Slow              5.000       0.736      4.264
21  96        [get_cells [list {udp_event_sensor_tx_inst/u_evt_word_fifo/gnuram_async_fifo.xpm_fifo_base_inst/gen_cdc_pntr.wr_pntr_cdc_inst/src_gray_ff_reg[0]} {udp_event_sensor_tx_inst/u_evt_word_fifo/gnuram_async_fifo.xpm_fifo_base_inst/gen_cdc_pntr.wr_pntr_cdc_inst/src_gray_ff_reg[1]} {udp_event_sensor_tx_inst/u_evt_word_fifo/gnuram_async_fifo.xpm_fifo_base_inst/gen_cdc_pntr.wr_pntr_cdc_inst/src_gray_ff_reg[2]} {udp_event_sensor_tx_inst/u_evt_word_fifo/gnuram_async_fifo.xpm_fifo_base_inst/gen_cdc_pntr.wr_pntr_cdc_inst/src_gray_ff_reg[3]} {udp_event_sensor_tx_inst/u_evt_word_fifo/gnuram_async_fifo.xpm_fifo_base_inst/gen_cdc_pntr.wr_pntr_cdc_inst/src_gray_ff_reg[4]} {udp_event_sensor_tx_inst/u_evt_word_fifo/gnuram_async_fifo.xpm_fifo_base_inst/gen_cdc_pntr.wr_pntr_cdc_inst/src_gray_ff_reg[5]} {udp_event_sensor_tx_inst/u_evt_word_fifo/gnuram_async_fifo.xpm_fifo_base_inst/gen_cdc_pntr.wr_pntr_cdc_inst/src_gray_ff_reg[6]} {udp_event_sensor_tx_inst/u_evt_word_fifo/gnuram_async_fifo.xpm_fifo_base_inst/gen_cdc_pntr.wr_pntr_cdc_inst/src_gray_ff_reg[7]}]]
                                              [get_cells [list {udp_event_sensor_tx_inst/u_evt_word_fifo/gnuram_async_fifo.xpm_fifo_base_inst/gen_cdc_pntr.wr_pntr_cdc_inst/dest_graysync_ff_reg[0][0]} {udp_event_sensor_tx_inst/u_evt_word_fifo/gnuram_async_fifo.xpm_fifo_base_inst/gen_cdc_pntr.wr_pntr_cdc_inst/dest_graysync_ff_reg[0][1]} {udp_event_sensor_tx_inst/u_evt_word_fifo/gnuram_async_fifo.xpm_fifo_base_inst/gen_cdc_pntr.wr_pntr_cdc_inst/dest_graysync_ff_reg[0][2]} {udp_event_sensor_tx_inst/u_evt_word_fifo/gnuram_async_fifo.xpm_fifo_base_inst/gen_cdc_pntr.wr_pntr_cdc_inst/dest_graysync_ff_reg[0][3]} {udp_event_sensor_tx_inst/u_evt_word_fifo/gnuram_async_fifo.xpm_fifo_base_inst/gen_cdc_pntr.wr_pntr_cdc_inst/dest_graysync_ff_reg[0][4]} {udp_event_sensor_tx_inst/u_evt_word_fifo/gnuram_async_fifo.xpm_fifo_base_inst/gen_cdc_pntr.wr_pntr_cdc_inst/dest_graysync_ff_reg[0][5]} {udp_event_sensor_tx_inst/u_evt_word_fifo/gnuram_async_fifo.xpm_fifo_base_inst/gen_cdc_pntr.wr_pntr_cdc_inst/dest_graysync_ff_reg[0][6]} {udp_event_sensor_tx_inst/u_evt_word_fifo/gnuram_async_fifo.xpm_fifo_base_inst/gen_cdc_pntr.wr_pntr_cdc_inst/dest_graysync_ff_reg[0][7]}]]
                                                                              Slow              5.000       0.969      4.031


2. Bus Skew Report Per Constraint
---------------------------------

Id: 1
set_bus_skew -from [get_cells [list {ae_event_capture_inst/u_ae_desc_fifo_ip/U0/inst_fifo_gen/gconvfifo.rf/grf.rf/gntv_or_sync_fifo.gcx.clkx/rd_pntr_cdc_inst/src_gray_ff_reg[0]} {ae_event_capture_inst/u_ae_desc_fifo_ip/U0/inst_fifo_gen/gconvfifo.rf/grf.rf/gntv_or_sync_fifo.gcx.clkx/rd_pntr_cdc_inst/src_gray_ff_reg[1]} {ae_event_capture_inst/u_ae_desc_fifo_ip/U0/inst_fifo_gen/gconvfifo.rf/grf.rf/gntv_or_sync_fifo.gcx.clkx/rd_pntr_cdc_inst/src_gray_ff_reg[2]} {ae_event_capture_inst/u_ae_desc_fifo_ip/U0/inst_fifo_gen/gconvfifo.rf/grf.rf/gntv_or_sync_fifo.gcx.clkx/rd_pntr_cdc_inst/src_gray_ff_reg[3]} {ae_event_capture_inst/u_ae_desc_fifo_ip/U0/inst_fifo_gen/gconvfifo.rf/grf.rf/gntv_or_sync_fifo.gcx.clkx/rd_pntr_cdc_inst/src_gray_ff_reg[4]}]] -to [get_cells [list {ae_event_capture_inst/u_ae_desc_fifo_ip/U0/inst_fifo_gen/gconvfifo.rf/grf.rf/gntv_or_sync_fifo.gcx.clkx/rd_pntr_cdc_inst/dest_graysync_ff_reg[0][0]} {ae_event_capture_inst/u_ae_desc_fifo_ip/U0/inst_fifo_gen/gconvfifo.rf/grf.rf/gntv_or_sync_fifo.gcx.clkx/rd_pntr_cdc_inst/dest_graysync_ff_reg[0][1]} {ae_event_capture_inst/u_ae_desc_fifo_ip/U0/inst_fifo_gen/gconvfifo.rf/grf.rf/gntv_or_sync_fifo.gcx.clkx/rd_pntr_cdc_inst/dest_graysync_ff_reg[0][2]} {ae_event_capture_inst/u_ae_desc_fifo_ip/U0/inst_fifo_gen/gconvfifo.rf/grf.rf/gntv_or_sync_fifo.gcx.clkx/rd_pntr_cdc_inst/dest_graysync_ff_reg[0][3]} {ae_event_capture_inst/u_ae_desc_fifo_ip/U0/inst_fifo_gen/gconvfifo.rf/grf.rf/gntv_or_sync_fifo.gcx.clkx/rd_pntr_cdc_inst/dest_graysync_ff_reg[0][4]}]] 5.000
Requirement: 5.000ns
Endpoints: 5

From Clock            To Clock              Endpoint Pin                    Reference Pin                   Corner  Actual(ns)  Slack(ns)
--------------------  --------------------  ------------------------------  ------------------------------  ------  ----------  ---------
sys_clk_system_clk_module
                      adc_clk_system_clk_module
                                            ae_event_capture_inst/u_ae_desc_fifo_ip/U0/inst_fifo_gen/gconvfifo.rf/grf.rf/gntv_or_sync_fifo.gcx.clkx/rd_pntr_cdc_inst/dest_graysync_ff_reg[0][3]/D
                                                                            ae_event_capture_inst/u_ae_desc_fifo_ip/U0/inst_fifo_gen/gconvfifo.rf/grf.rf/gntv_or_sync_fifo.gcx.clkx/rd_pntr_cdc_inst/dest_graysync_ff_reg[0][0]/D
                                                                                                            Slow         0.741      4.259


Slack (MET) :             4.259ns  (requirement - actual skew)
  Endpoint Source:        ae_event_capture_inst/u_ae_desc_fifo_ip/U0/inst_fifo_gen/gconvfifo.rf/grf.rf/gntv_or_sync_fifo.gcx.clkx/rd_pntr_cdc_inst/src_gray_ff_reg[3]/C
                            (rising edge-triggered cell FDRE clocked by sys_clk_system_clk_module)
  Endpoint Destination:   ae_event_capture_inst/u_ae_desc_fifo_ip/U0/inst_fifo_gen/gconvfifo.rf/grf.rf/gntv_or_sync_fifo.gcx.clkx/rd_pntr_cdc_inst/dest_graysync_ff_reg[0][3]/D
                            (rising edge-triggered cell FDRE clocked by adc_clk_system_clk_module)
  Reference Source:       ae_event_capture_inst/u_ae_desc_fifo_ip/U0/inst_fifo_gen/gconvfifo.rf/grf.rf/gntv_or_sync_fifo.gcx.clkx/rd_pntr_cdc_inst/src_gray_ff_reg[0]/C
                            (rising edge-triggered cell FDRE clocked by sys_clk_system_clk_module)
  Reference Destination:  ae_event_capture_inst/u_ae_desc_fifo_ip/U0/inst_fifo_gen/gconvfifo.rf/grf.rf/gntv_or_sync_fifo.gcx.clkx/rd_pntr_cdc_inst/dest_graysync_ff_reg[0][0]/D
                            (rising edge-triggered cell FDRE clocked by adc_clk_system_clk_module)
  Path Type:              Bus Skew (Max at Slow Process Corner)
  Requirement:            5.000ns
  Endpoint Relative Delay:    1.009ns
  Reference Relative Delay:   0.175ns
  Relative CRPR:              0.289ns
  Uncertainty:                0.196ns
  Actual Bus Skew:            0.741ns  (Endpoint Relative Delay - Reference Relative Delay - Relative CRPR + Uncertainty)

Endpoint path:
    Location             Delay type                Incr(ns)  Path(ns)    Netlist Resource(s)
  -------------------------------------------------------------------    -------------------
                         (clock sys_clk_system_clk_module rise edge)
                                                      0.000     0.000 r  
    R4                                                0.000     0.000 r  sys_clk_p (IN)
                         net (fo=0)                   0.000     0.000    system_clk_module_inst/inst/clk_in1_p
    R4                   IBUFDS (Prop_ibufds_I_O)     0.842     0.842 r  system_clk_module_inst/inst/clkin1_ibufgds/O
                         net (fo=1, routed)           3.576     4.418    system_clk_module_inst/inst/clk_in1_system_clk_module
    MMCME2_ADV_X0Y2      MMCME2_ADV (Prop_mmcme2_adv_CLKIN1_CLKOUT0)
                                                     -6.325    -1.907 r  system_clk_module_inst/inst/mmcm_adv_inst/CLKOUT0
                         net (fo=1, routed)           1.559    -0.348    system_clk_module_inst/inst/sys_clk_system_clk_module
    BUFGCTRL_X0Y1        BUFG (Prop_bufg_I_O)         0.081    -0.267 r  system_clk_module_inst/inst/clkout1_buf/O
                         net (fo=11069, routed)       1.412     1.145    ae_event_capture_inst/u_ae_desc_fifo_ip/U0/inst_fifo_gen/gconvfifo.rf/grf.rf/gntv_or_sync_fifo.gcx.clkx/rd_pntr_cdc_inst/src_clk
    SLICE_X49Y101        FDRE                                         r  ae_event_capture_inst/u_ae_desc_fifo_ip/U0/inst_fifo_gen/gconvfifo.rf/grf.rf/gntv_or_sync_fifo.gcx.clkx/rd_pntr_cdc_inst/src_gray_ff_reg[3]/C
  -------------------------------------------------------------------    -------------------
    SLICE_X49Y101        FDRE (Prop_fdre_C_Q)         0.348     1.493 r  ae_event_capture_inst/u_ae_desc_fifo_ip/U0/inst_fifo_gen/gconvfifo.rf/grf.rf/gntv_or_sync_fifo.gcx.clkx/rd_pntr_cdc_inst/src_gray_ff_reg[3]/Q
                         net (fo=1, routed)           0.401     1.894    ae_event_capture_inst/u_ae_desc_fifo_ip/U0/inst_fifo_gen/gconvfifo.rf/grf.rf/gntv_or_sync_fifo.gcx.clkx/rd_pntr_cdc_inst/async_path[3]
    SLICE_X50Y97         FDRE                                         r  ae_event_capture_inst/u_ae_desc_fifo_ip/U0/inst_fifo_gen/gconvfifo.rf/grf.rf/gntv_or_sync_fifo.gcx.clkx/rd_pntr_cdc_inst/dest_graysync_ff_reg[0][3]/D
  -------------------------------------------------------------------    -------------------

                         (clock adc_clk_system_clk_module rise edge)
                                                      0.000     0.000 r  
    R4                                                0.000     0.000 r  sys_clk_p (IN)
                         net (fo=0)                   0.000     0.000    system_clk_module_inst/inst/clk_in1_p
    R4                   IBUFDS (Prop_ibufds_I_O)     0.804     0.804 r  system_clk_module_inst/inst/clkin1_ibufgds/O
                         net (fo=1, routed)           3.050     3.854    system_clk_module_inst/inst/clk_in1_system_clk_module
    MMCME2_ADV_X0Y2      MMCME2_ADV (Prop_mmcme2_adv_CLKIN1_CLKOUT1)
                                                     -6.451    -2.597 r  system_clk_module_inst/inst/mmcm_adv_inst/CLKOUT1
                         net (fo=1, routed)           1.488    -1.110    system_clk_module_inst/inst/adc_clk_system_clk_module
    BUFGCTRL_X0Y2        BUFG (Prop_bufg_I_O)         0.077    -1.033 r  system_clk_module_inst/inst/clkout2_buf/O
                         net (fo=1851, routed)        1.439     0.406    ae_event_capture_inst/u_ae_desc_fifo_ip/U0/inst_fifo_gen/gconvfifo.rf/grf.rf/gntv_or_sync_fifo.gcx.clkx/rd_pntr_cdc_inst/dest_clk
    SLICE_X50Y97         FDRE                                         r  ae_event_capture_inst/u_ae_desc_fifo_ip/U0/inst_fifo_gen/gconvfifo.rf/grf.rf/gntv_or_sync_fifo.gcx.clkx/rd_pntr_cdc_inst/dest_graysync_ff_reg[0][3]/C
                         clock pessimism              0.691     1.097    
    SLICE_X50Y97         FDRE (Setup_fdre_C_D)       -0.212     0.885    ae_event_capture_inst/u_ae_desc_fifo_ip/U0/inst_fifo_gen/gconvfifo.rf/grf.rf/gntv_or_sync_fifo.gcx.clkx/rd_pntr_cdc_inst/dest_graysync_ff_reg[0][3]
  -------------------------------------------------------------------
                         data arrival                           1.894    
                         clock arrival                          0.885    
  -------------------------------------------------------------------
                         relative delay                         1.009    

Reference path:
    Location             Delay type                Incr(ns)  Path(ns)    Netlist Resource(s)
  -------------------------------------------------------------------    -------------------
                         (clock sys_clk_system_clk_module rise edge)
                                                      0.000     0.000 r  
    R4                                                0.000     0.000 r  sys_clk_p (IN)
                         net (fo=0)                   0.000     0.000    system_clk_module_inst/inst/clk_in1_p
    R4                   IBUFDS (Prop_ibufds_I_O)     0.804     0.804 r  system_clk_module_inst/inst/clkin1_ibufgds/O
                         net (fo=1, routed)           3.050     3.854    system_clk_module_inst/inst/clk_in1_system_clk_module
    MMCME2_ADV_X0Y2      MMCME2_ADV (Prop_mmcme2_adv_CLKIN1_CLKOUT0)
                                                     -6.451    -2.597 r  system_clk_module_inst/inst/mmcm_adv_inst/CLKOUT0
                         net (fo=1, routed)           1.488    -1.110    system_clk_module_inst/inst/sys_clk_system_clk_module
    BUFGCTRL_X0Y1        BUFG (Prop_bufg_I_O)         0.077    -1.033 r  system_clk_module_inst/inst/clkout1_buf/O
                         net (fo=11069, routed)       1.302     0.269    ae_event_capture_inst/u_ae_desc_fifo_ip/U0/inst_fifo_gen/gconvfifo.rf/grf.rf/gntv_or_sync_fifo.gcx.clkx/rd_pntr_cdc_inst/src_clk
    SLICE_X53Y100        FDRE                                         r  ae_event_capture_inst/u_ae_desc_fifo_ip/U0/inst_fifo_gen/gconvfifo.rf/grf.rf/gntv_or_sync_fifo.gcx.clkx/rd_pntr_cdc_inst/src_gray_ff_reg[0]/C
  -------------------------------------------------------------------    -------------------
    SLICE_X53Y100        FDRE (Prop_fdre_C_Q)         0.304     0.573 r  ae_event_capture_inst/u_ae_desc_fifo_ip/U0/inst_fifo_gen/gconvfifo.rf/grf.rf/gntv_or_sync_fifo.gcx.clkx/rd_pntr_cdc_inst/src_gray_ff_reg[0]/Q
                         net (fo=1, routed)           0.335     0.908    ae_event_capture_inst/u_ae_desc_fifo_ip/U0/inst_fifo_gen/gconvfifo.rf/grf.rf/gntv_or_sync_fifo.gcx.clkx/rd_pntr_cdc_inst/async_path[0]
    SLICE_X55Y99         FDRE                                         r  ae_event_capture_inst/u_ae_desc_fifo_ip/U0/inst_fifo_gen/gconvfifo.rf/grf.rf/gntv_or_sync_fifo.gcx.clkx/rd_pntr_cdc_inst/dest_graysync_ff_reg[0][0]/D
  -------------------------------------------------------------------    -------------------

                         (clock adc_clk_system_clk_module rise edge)
                                                      0.000     0.000 r  
    R4                                                0.000     0.000 r  sys_clk_p (IN)
                         net (fo=0)                   0.000     0.000    system_clk_module_inst/inst/clk_in1_p
    R4                   IBUFDS (Prop_ibufds_I_O)     0.842     0.842 r  system_clk_module_inst/inst/clkin1_ibufgds/O
                         net (fo=1, routed)           3.576     4.418    system_clk_module_inst/inst/clk_in1_system_clk_module
    MMCME2_ADV_X0Y2      MMCME2_ADV (Prop_mmcme2_adv_CLKIN1_CLKOUT1)
                                                     -6.325    -1.907 r  system_clk_module_inst/inst/mmcm_adv_inst/CLKOUT1
                         net (fo=1, routed)           1.559    -0.348    system_clk_module_inst/inst/adc_clk_system_clk_module
    BUFGCTRL_X0Y2        BUFG (Prop_bufg_I_O)         0.081    -0.267 r  system_clk_module_inst/inst/clkout2_buf/O
                         net (fo=1851, routed)        1.555     1.288    ae_event_capture_inst/u_ae_desc_fifo_ip/U0/inst_fifo_gen/gconvfifo.rf/grf.rf/gntv_or_sync_fifo.gcx.clkx/rd_pntr_cdc_inst/dest_clk
    SLICE_X55Y99         FDRE                                         r  ae_event_capture_inst/u_ae_desc_fifo_ip/U0/inst_fifo_gen/gconvfifo.rf/grf.rf/gntv_or_sync_fifo.gcx.clkx/rd_pntr_cdc_inst/dest_graysync_ff_reg[0][0]/C
                         clock pessimism             -0.691     0.597    
    SLICE_X55Y99         FDRE (Hold_fdre_C_D)         0.136     0.733    ae_event_capture_inst/u_ae_desc_fifo_ip/U0/inst_fifo_gen/gconvfifo.rf/grf.rf/gntv_or_sync_fifo.gcx.clkx/rd_pntr_cdc_inst/dest_graysync_ff_reg[0][0]
  -------------------------------------------------------------------
                         data arrival                           0.908    
                         clock arrival                          0.733    
  -------------------------------------------------------------------
                         relative delay                         0.175    



Id: 2
set_bus_skew -from [get_cells [list {ae_event_capture_inst/u_ae_desc_fifo_ip/U0/inst_fifo_gen/gconvfifo.rf/grf.rf/gntv_or_sync_fifo.gcx.clkx/wr_pntr_cdc_inst/src_gray_ff_reg[0]} {ae_event_capture_inst/u_ae_desc_fifo_ip/U0/inst_fifo_gen/gconvfifo.rf/grf.rf/gntv_or_sync_fifo.gcx.clkx/wr_pntr_cdc_inst/src_gray_ff_reg[1]} {ae_event_capture_inst/u_ae_desc_fifo_ip/U0/inst_fifo_gen/gconvfifo.rf/grf.rf/gntv_or_sync_fifo.gcx.clkx/wr_pntr_cdc_inst/src_gray_ff_reg[2]} {ae_event_capture_inst/u_ae_desc_fifo_ip/U0/inst_fifo_gen/gconvfifo.rf/grf.rf/gntv_or_sync_fifo.gcx.clkx/wr_pntr_cdc_inst/src_gray_ff_reg[3]} {ae_event_capture_inst/u_ae_desc_fifo_ip/U0/inst_fifo_gen/gconvfifo.rf/grf.rf/gntv_or_sync_fifo.gcx.clkx/wr_pntr_cdc_inst/src_gray_ff_reg[4]}]] -to [get_cells [list {ae_event_capture_inst/u_ae_desc_fifo_ip/U0/inst_fifo_gen/gconvfifo.rf/grf.rf/gntv_or_sync_fifo.gcx.clkx/wr_pntr_cdc_inst/dest_graysync_ff_reg[0][0]} {ae_event_capture_inst/u_ae_desc_fifo_ip/U0/inst_fifo_gen/gconvfifo.rf/grf.rf/gntv_or_sync_fifo.gcx.clkx/wr_pntr_cdc_inst/dest_graysync_ff_reg[0][1]} {ae_event_capture_inst/u_ae_desc_fifo_ip/U0/inst_fifo_gen/gconvfifo.rf/grf.rf/gntv_or_sync_fifo.gcx.clkx/wr_pntr_cdc_inst/dest_graysync_ff_reg[0][2]} {ae_event_capture_inst/u_ae_desc_fifo_ip/U0/inst_fifo_gen/gconvfifo.rf/grf.rf/gntv_or_sync_fifo.gcx.clkx/wr_pntr_cdc_inst/dest_graysync_ff_reg[0][3]} {ae_event_capture_inst/u_ae_desc_fifo_ip/U0/inst_fifo_gen/gconvfifo.rf/grf.rf/gntv_or_sync_fifo.gcx.clkx/wr_pntr_cdc_inst/dest_graysync_ff_reg[0][4]}]] 5.000
Requirement: 5.000ns
Endpoints: 5

From Clock            To Clock              Endpoint Pin                    Reference Pin                   Corner  Actual(ns)  Slack(ns)
--------------------  --------------------  ------------------------------  ------------------------------  ------  ----------  ---------
adc_clk_system_clk_module
                      sys_clk_system_clk_module
                                            ae_event_capture_inst/u_ae_desc_fifo_ip/U0/inst_fifo_gen/gconvfifo.rf/grf.rf/gntv_or_sync_fifo.gcx.clkx/wr_pntr_cdc_inst/dest_graysync_ff_reg[0][1]/D
                                                                            ae_event_capture_inst/u_ae_desc_fifo_ip/U0/inst_fifo_gen/gconvfifo.rf/grf.rf/gntv_or_sync_fifo.gcx.clkx/wr_pntr_cdc_inst/dest_graysync_ff_reg[0][0]/D
                                                                                                            Slow         0.850      4.150


Slack (MET) :             4.150ns  (requirement - actual skew)
  Endpoint Source:        ae_event_capture_inst/u_ae_desc_fifo_ip/U0/inst_fifo_gen/gconvfifo.rf/grf.rf/gntv_or_sync_fifo.gcx.clkx/wr_pntr_cdc_inst/src_gray_ff_reg[1]/C
                            (rising edge-triggered cell FDRE clocked by adc_clk_system_clk_module)
  Endpoint Destination:   ae_event_capture_inst/u_ae_desc_fifo_ip/U0/inst_fifo_gen/gconvfifo.rf/grf.rf/gntv_or_sync_fifo.gcx.clkx/wr_pntr_cdc_inst/dest_graysync_ff_reg[0][1]/D
                            (rising edge-triggered cell FDRE clocked by sys_clk_system_clk_module)
  Reference Source:       ae_event_capture_inst/u_ae_desc_fifo_ip/U0/inst_fifo_gen/gconvfifo.rf/grf.rf/gntv_or_sync_fifo.gcx.clkx/wr_pntr_cdc_inst/src_gray_ff_reg[0]/C
                            (rising edge-triggered cell FDRE clocked by adc_clk_system_clk_module)
  Reference Destination:  ae_event_capture_inst/u_ae_desc_fifo_ip/U0/inst_fifo_gen/gconvfifo.rf/grf.rf/gntv_or_sync_fifo.gcx.clkx/wr_pntr_cdc_inst/dest_graysync_ff_reg[0][0]/D
                            (rising edge-triggered cell FDRE clocked by sys_clk_system_clk_module)
  Path Type:              Bus Skew (Max at Slow Process Corner)
  Requirement:            5.000ns
  Endpoint Relative Delay:    1.247ns
  Reference Relative Delay:   0.208ns
  Relative CRPR:              0.384ns
  Uncertainty:                0.196ns
  Actual Bus Skew:            0.850ns  (Endpoint Relative Delay - Reference Relative Delay - Relative CRPR + Uncertainty)

Endpoint path:
    Location             Delay type                Incr(ns)  Path(ns)    Netlist Resource(s)
  -------------------------------------------------------------------    -------------------
                         (clock adc_clk_system_clk_module rise edge)
                                                      0.000     0.000 r  
    R4                                                0.000     0.000 r  sys_clk_p (IN)
                         net (fo=0)                   0.000     0.000    system_clk_module_inst/inst/clk_in1_p
    R4                   IBUFDS (Prop_ibufds_I_O)     0.842     0.842 r  system_clk_module_inst/inst/clkin1_ibufgds/O
                         net (fo=1, routed)           3.576     4.418    system_clk_module_inst/inst/clk_in1_system_clk_module
    MMCME2_ADV_X0Y2      MMCME2_ADV (Prop_mmcme2_adv_CLKIN1_CLKOUT1)
                                                     -6.325    -1.907 r  system_clk_module_inst/inst/mmcm_adv_inst/CLKOUT1
                         net (fo=1, routed)           1.559    -0.348    system_clk_module_inst/inst/adc_clk_system_clk_module
    BUFGCTRL_X0Y2        BUFG (Prop_bufg_I_O)         0.081    -0.267 r  system_clk_module_inst/inst/clkout2_buf/O
                         net (fo=1851, routed)        1.556     1.289    ae_event_capture_inst/u_ae_desc_fifo_ip/U0/inst_fifo_gen/gconvfifo.rf/grf.rf/gntv_or_sync_fifo.gcx.clkx/wr_pntr_cdc_inst/src_clk
    SLICE_X52Y97         FDRE                                         r  ae_event_capture_inst/u_ae_desc_fifo_ip/U0/inst_fifo_gen/gconvfifo.rf/grf.rf/gntv_or_sync_fifo.gcx.clkx/wr_pntr_cdc_inst/src_gray_ff_reg[1]/C
  -------------------------------------------------------------------    -------------------
    SLICE_X52Y97         FDRE (Prop_fdre_C_Q)         0.398     1.687 r  ae_event_capture_inst/u_ae_desc_fifo_ip/U0/inst_fifo_gen/gconvfifo.rf/grf.rf/gntv_or_sync_fifo.gcx.clkx/wr_pntr_cdc_inst/src_gray_ff_reg[1]/Q
                         net (fo=1, routed)           0.456     2.143    ae_event_capture_inst/u_ae_desc_fifo_ip/U0/inst_fifo_gen/gconvfifo.rf/grf.rf/gntv_or_sync_fifo.gcx.clkx/wr_pntr_cdc_inst/async_path[1]
    SLICE_X53Y97         FDRE                                         r  ae_event_capture_inst/u_ae_desc_fifo_ip/U0/inst_fifo_gen/gconvfifo.rf/grf.rf/gntv_or_sync_fifo.gcx.clkx/wr_pntr_cdc_inst/dest_graysync_ff_reg[0][1]/D
  -------------------------------------------------------------------    -------------------

                         (clock sys_clk_system_clk_module rise edge)
                                                      0.000     0.000 r  
    R4                                                0.000     0.000 r  sys_clk_p (IN)
                         net (fo=0)                   0.000     0.000    system_clk_module_inst/inst/clk_in1_p
    R4                   IBUFDS (Prop_ibufds_I_O)     0.804     0.804 r  system_clk_module_inst/inst/clkin1_ibufgds/O
                         net (fo=1, routed)           3.050     3.854    system_clk_module_inst/inst/clk_in1_system_clk_module
    MMCME2_ADV_X0Y2      MMCME2_ADV (Prop_mmcme2_adv_CLKIN1_CLKOUT0)
                                                     -6.451    -2.597 r  system_clk_module_inst/inst/mmcm_adv_inst/CLKOUT0
                         net (fo=1, routed)           1.488    -1.110    system_clk_module_inst/inst/sys_clk_system_clk_module
    BUFGCTRL_X0Y1        BUFG (Prop_bufg_I_O)         0.077    -1.033 r  system_clk_module_inst/inst/clkout1_buf/O
                         net (fo=11069, routed)       1.439     0.406    ae_event_capture_inst/u_ae_desc_fifo_ip/U0/inst_fifo_gen/gconvfifo.rf/grf.rf/gntv_or_sync_fifo.gcx.clkx/wr_pntr_cdc_inst/dest_clk
    SLICE_X53Y97         FDRE                                         r  ae_event_capture_inst/u_ae_desc_fifo_ip/U0/inst_fifo_gen/gconvfifo.rf/grf.rf/gntv_or_sync_fifo.gcx.clkx/wr_pntr_cdc_inst/dest_graysync_ff_reg[0][1]/C
                         clock pessimism              0.691     1.097    
    SLICE_X53Y97         FDRE (Setup_fdre_C_D)       -0.200     0.897    ae_event_capture_inst/u_ae_desc_fifo_ip/U0/inst_fifo_gen/gconvfifo.rf/grf.rf/gntv_or_sync_fifo.gcx.clkx/wr_pntr_cdc_inst/dest_graysync_ff_reg[0][1]
  -------------------------------------------------------------------
                         data arrival                           2.143    
                         clock arrival                          0.897    
  -------------------------------------------------------------------
                         relative delay                         1.247    

Reference path:
    Location             Delay type                Incr(ns)  Path(ns)    Netlist Resource(s)
  -------------------------------------------------------------------    -------------------
                         (clock adc_clk_system_clk_module rise edge)
                                                      0.000     0.000 r  
    R4                                                0.000     0.000 r  sys_clk_p (IN)
                         net (fo=0)                   0.000     0.000    system_clk_module_inst/inst/clk_in1_p
    R4                   IBUFDS (Prop_ibufds_I_O)     0.804     0.804 r  system_clk_module_inst/inst/clkin1_ibufgds/O
                         net (fo=1, routed)           3.050     3.854    system_clk_module_inst/inst/clk_in1_system_clk_module
    MMCME2_ADV_X0Y2      MMCME2_ADV (Prop_mmcme2_adv_CLKIN1_CLKOUT1)
                                                     -6.451    -2.597 r  system_clk_module_inst/inst/mmcm_adv_inst/CLKOUT1
                         net (fo=1, routed)           1.488    -1.110    system_clk_module_inst/inst/adc_clk_system_clk_module
    BUFGCTRL_X0Y2        BUFG (Prop_bufg_I_O)         0.077    -1.033 r  system_clk_module_inst/inst/clkout2_buf/O
                         net (fo=1851, routed)        1.439     0.406    ae_event_capture_inst/u_ae_desc_fifo_ip/U0/inst_fifo_gen/gconvfifo.rf/grf.rf/gntv_or_sync_fifo.gcx.clkx/wr_pntr_cdc_inst/src_clk
    SLICE_X52Y97         FDRE                                         r  ae_event_capture_inst/u_ae_desc_fifo_ip/U0/inst_fifo_gen/gconvfifo.rf/grf.rf/gntv_or_sync_fifo.gcx.clkx/wr_pntr_cdc_inst/src_gray_ff_reg[0]/C
  -------------------------------------------------------------------    -------------------
    SLICE_X52Y97         FDRE (Prop_fdre_C_Q)         0.347     0.753 r  ae_event_capture_inst/u_ae_desc_fifo_ip/U0/inst_fifo_gen/gconvfifo.rf/grf.rf/gntv_or_sync_fifo.gcx.clkx/wr_pntr_cdc_inst/src_gray_ff_reg[0]/Q
                         net (fo=1, routed)           0.190     0.943    ae_event_capture_inst/u_ae_desc_fifo_ip/U0/inst_fifo_gen/gconvfifo.rf/grf.rf/gntv_or_sync_fifo.gcx.clkx/wr_pntr_cdc_inst/async_path[0]
    SLICE_X53Y97         FDRE                                         r  ae_event_capture_inst/u_ae_desc_fifo_ip/U0/inst_fifo_gen/gconvfifo.rf/grf.rf/gntv_or_sync_fifo.gcx.clkx/wr_pntr_cdc_inst/dest_graysync_ff_reg[0][0]/D
  -------------------------------------------------------------------    -------------------

                         (clock sys_clk_system_clk_module rise edge)
                                                      0.000     0.000 r  
    R4                                                0.000     0.000 r  sys_clk_p (IN)
                         net (fo=0)                   0.000     0.000    system_clk_module_inst/inst/clk_in1_p
    R4                   IBUFDS (Prop_ibufds_I_O)     0.842     0.842 r  system_clk_module_inst/inst/clkin1_ibufgds/O
                         net (fo=1, routed)           3.576     4.418    system_clk_module_inst/inst/clk_in1_system_clk_module
    MMCME2_ADV_X0Y2      MMCME2_ADV (Prop_mmcme2_adv_CLKIN1_CLKOUT0)
                                                     -6.325    -1.907 r  system_clk_module_inst/inst/mmcm_adv_inst/CLKOUT0
                         net (fo=1, routed)           1.559    -0.348    system_clk_module_inst/inst/sys_clk_system_clk_module
    BUFGCTRL_X0Y1        BUFG (Prop_bufg_I_O)         0.081    -0.267 r  system_clk_module_inst/inst/clkout1_buf/O
                         net (fo=11069, routed)       1.556     1.289    ae_event_capture_inst/u_ae_desc_fifo_ip/U0/inst_fifo_gen/gconvfifo.rf/grf.rf/gntv_or_sync_fifo.gcx.clkx/wr_pntr_cdc_inst/dest_clk
    SLICE_X53Y97         FDRE                                         r  ae_event_capture_inst/u_ae_desc_fifo_ip/U0/inst_fifo_gen/gconvfifo.rf/grf.rf/gntv_or_sync_fifo.gcx.clkx/wr_pntr_cdc_inst/dest_graysync_ff_reg[0][0]/C
                         clock pessimism             -0.691     0.598    
    SLICE_X53Y97         FDRE (Hold_fdre_C_D)         0.136     0.734    ae_event_capture_inst/u_ae_desc_fifo_ip/U0/inst_fifo_gen/gconvfifo.rf/grf.rf/gntv_or_sync_fifo.gcx.clkx/wr_pntr_cdc_inst/dest_graysync_ff_reg[0][0]
  -------------------------------------------------------------------
                         data arrival                           0.943    
                         clock arrival                          0.734    
  -------------------------------------------------------------------
                         relative delay                         0.208    



Id: 3
set_bus_skew -from [get_cells [list {udp_event_sensor_tx_inst/u_out_len_fifo/gnuram_async_fifo.xpm_fifo_base_inst/gen_cdc_pntr.rd_pntr_cdc_inst/src_gray_ff_reg[0]} {udp_event_sensor_tx_inst/u_out_len_fifo/gnuram_async_fifo.xpm_fifo_base_inst/gen_cdc_pntr.rd_pntr_cdc_inst/src_gray_ff_reg[1]} {udp_event_sensor_tx_inst/u_out_len_fifo/gnuram_async_fifo.xpm_fifo_base_inst/gen_cdc_pntr.rd_pntr_cdc_inst/src_gray_ff_reg[2]} {udp_event_sensor_tx_inst/u_out_len_fifo/gnuram_async_fifo.xpm_fifo_base_inst/gen_cdc_pntr.rd_pntr_cdc_inst/src_gray_ff_reg[3]} {udp_event_sensor_tx_inst/u_out_len_fifo/gnuram_async_fifo.xpm_fifo_base_inst/gen_cdc_pntr.rd_pntr_cdc_inst/src_gray_ff_reg[4]} {udp_event_sensor_tx_inst/u_out_len_fifo/gnuram_async_fifo.xpm_fifo_base_inst/gen_cdc_pntr.rd_pntr_cdc_inst/src_gray_ff_reg[5]}]] -to [get_cells [list {udp_event_sensor_tx_inst/u_out_len_fifo/gnuram_async_fifo.xpm_fifo_base_inst/gen_cdc_pntr.rd_pntr_cdc_inst/dest_graysync_ff_reg[0][0]} {udp_event_sensor_tx_inst/u_out_len_fifo/gnuram_async_fifo.xpm_fifo_base_inst/gen_cdc_pntr.rd_pntr_cdc_inst/dest_graysync_ff_reg[0][1]} {udp_event_sensor_tx_inst/u_out_len_fifo/gnuram_async_fifo.xpm_fifo_base_inst/gen_cdc_pntr.rd_pntr_cdc_inst/dest_graysync_ff_reg[0][2]} {udp_event_sensor_tx_inst/u_out_len_fifo/gnuram_async_fifo.xpm_fifo_base_inst/gen_cdc_pntr.rd_pntr_cdc_inst/dest_graysync_ff_reg[0][3]} {udp_event_sensor_tx_inst/u_out_len_fifo/gnuram_async_fifo.xpm_fifo_base_inst/gen_cdc_pntr.rd_pntr_cdc_inst/dest_graysync_ff_reg[0][4]} {udp_event_sensor_tx_inst/u_out_len_fifo/gnuram_async_fifo.xpm_fifo_base_inst/gen_cdc_pntr.rd_pntr_cdc_inst/dest_graysync_ff_reg[0][5]}]] 5.000
Requirement: 5.000ns
Endpoints: 6

From Clock            To Clock              Endpoint Pin                    Reference Pin                   Corner  Actual(ns)  Slack(ns)
--------------------  --------------------  ------------------------------  ------------------------------  ------  ----------  ---------
clk_125M_system_clk_module
                      sys_clk_system_clk_module
                                            udp_event_sensor_tx_inst/u_out_len_fifo/gnuram_async_fifo.xpm_fifo_base_inst/gen_cdc_pntr.rd_pntr_cdc_inst/dest_graysync_ff_reg[0][1]/D
                                                                            udp_event_sensor_tx_inst/u_out_len_fifo/gnuram_async_fifo.xpm_fifo_base_inst/gen_cdc_pntr.rd_pntr_cdc_inst/dest_graysync_ff_reg[0][0]/D
                                                                                                            Slow         0.800      4.200


Slack (MET) :             4.200ns  (requirement - actual skew)
  Endpoint Source:        udp_event_sensor_tx_inst/u_out_len_fifo/gnuram_async_fifo.xpm_fifo_base_inst/gen_cdc_pntr.rd_pntr_cdc_inst/src_gray_ff_reg[1]/C
                            (rising edge-triggered cell FDRE clocked by clk_125M_system_clk_module)
  Endpoint Destination:   udp_event_sensor_tx_inst/u_out_len_fifo/gnuram_async_fifo.xpm_fifo_base_inst/gen_cdc_pntr.rd_pntr_cdc_inst/dest_graysync_ff_reg[0][1]/D
                            (rising edge-triggered cell FDRE clocked by sys_clk_system_clk_module)
  Reference Source:       udp_event_sensor_tx_inst/u_out_len_fifo/gnuram_async_fifo.xpm_fifo_base_inst/gen_cdc_pntr.rd_pntr_cdc_inst/src_gray_ff_reg[0]/C
                            (rising edge-triggered cell FDRE clocked by clk_125M_system_clk_module)
  Reference Destination:  udp_event_sensor_tx_inst/u_out_len_fifo/gnuram_async_fifo.xpm_fifo_base_inst/gen_cdc_pntr.rd_pntr_cdc_inst/dest_graysync_ff_reg[0][0]/D
                            (rising edge-triggered cell FDRE clocked by sys_clk_system_clk_module)
  Path Type:              Bus Skew (Max at Slow Process Corner)
  Requirement:            5.000ns
  Endpoint Relative Delay:    1.096ns
  Reference Relative Delay:   0.124ns
  Relative CRPR:              0.356ns
  Uncertainty:                0.184ns
  Actual Bus Skew:            0.800ns  (Endpoint Relative Delay - Reference Relative Delay - Relative CRPR + Uncertainty)

Endpoint path:
    Location             Delay type                Incr(ns)  Path(ns)    Netlist Resource(s)
  -------------------------------------------------------------------    -------------------
                         (clock clk_125M_system_clk_module rise edge)
                                                      0.000     0.000 r  
    R4                                                0.000     0.000 r  sys_clk_p (IN)
                         net (fo=0)                   0.000     0.000    system_clk_module_inst/inst/clk_in1_p
    R4                   IBUFDS (Prop_ibufds_I_O)     0.842     0.842 r  system_clk_module_inst/inst/clkin1_ibufgds/O
                         net (fo=1, routed)           3.576     4.418    system_clk_module_inst/inst/clk_in1_system_clk_module
    MMCME2_ADV_X0Y2      MMCME2_ADV (Prop_mmcme2_adv_CLKIN1_CLKOUT3)
                                                     -6.325    -1.907 r  system_clk_module_inst/inst/mmcm_adv_inst/CLKOUT3
                         net (fo=1, routed)           1.559    -0.348    system_clk_module_inst/inst/clk_125M_system_clk_module
    BUFGCTRL_X0Y4        BUFG (Prop_bufg_I_O)         0.081    -0.267 r  system_clk_module_inst/inst/clkout4_buf/O
                         net (fo=624, routed)         1.575     1.308    udp_event_sensor_tx_inst/u_out_len_fifo/gnuram_async_fifo.xpm_fifo_base_inst/gen_cdc_pntr.rd_pntr_cdc_inst/src_clk
    SLICE_X121Y221       FDRE                                         r  udp_event_sensor_tx_inst/u_out_len_fifo/gnuram_async_fifo.xpm_fifo_base_inst/gen_cdc_pntr.rd_pntr_cdc_inst/src_gray_ff_reg[1]/C
  -------------------------------------------------------------------    -------------------
    SLICE_X121Y221       FDRE (Prop_fdre_C_Q)         0.348     1.656 r  udp_event_sensor_tx_inst/u_out_len_fifo/gnuram_async_fifo.xpm_fifo_base_inst/gen_cdc_pntr.rd_pntr_cdc_inst/src_gray_ff_reg[1]/Q
                         net (fo=1, routed)           0.387     2.043    udp_event_sensor_tx_inst/u_out_len_fifo/gnuram_async_fifo.xpm_fifo_base_inst/gen_cdc_pntr.rd_pntr_cdc_inst/async_path[1]
    SLICE_X120Y221       FDRE                                         r  udp_event_sensor_tx_inst/u_out_len_fifo/gnuram_async_fifo.xpm_fifo_base_inst/gen_cdc_pntr.rd_pntr_cdc_inst/dest_graysync_ff_reg[0][1]/D
  -------------------------------------------------------------------    -------------------

                         (clock sys_clk_system_clk_module rise edge)
                                                      0.000     0.000 r  
    R4                                                0.000     0.000 r  sys_clk_p (IN)
                         net (fo=0)                   0.000     0.000    system_clk_module_inst/inst/clk_in1_p
    R4                   IBUFDS (Prop_ibufds_I_O)     0.804     0.804 r  system_clk_module_inst/inst/clkin1_ibufgds/O
                         net (fo=1, routed)           3.050     3.854    system_clk_module_inst/inst/clk_in1_system_clk_module
    MMCME2_ADV_X0Y2      MMCME2_ADV (Prop_mmcme2_adv_CLKIN1_CLKOUT0)
                                                     -6.451    -2.597 r  system_clk_module_inst/inst/mmcm_adv_inst/CLKOUT0
                         net (fo=1, routed)           1.488    -1.110    system_clk_module_inst/inst/sys_clk_system_clk_module
    BUFGCTRL_X0Y1        BUFG (Prop_bufg_I_O)         0.077    -1.033 r  system_clk_module_inst/inst/clkout1_buf/O
                         net (fo=11069, routed)       1.460     0.427    udp_event_sensor_tx_inst/u_out_len_fifo/gnuram_async_fifo.xpm_fifo_base_inst/gen_cdc_pntr.rd_pntr_cdc_inst/dest_clk
    SLICE_X120Y221       FDRE                                         r  udp_event_sensor_tx_inst/u_out_len_fifo/gnuram_async_fifo.xpm_fifo_base_inst/gen_cdc_pntr.rd_pntr_cdc_inst/dest_graysync_ff_reg[0][1]/C
                         clock pessimism              0.691     1.118    
    SLICE_X120Y221       FDRE (Setup_fdre_C_D)       -0.170     0.948    udp_event_sensor_tx_inst/u_out_len_fifo/gnuram_async_fifo.xpm_fifo_base_inst/gen_cdc_pntr.rd_pntr_cdc_inst/dest_graysync_ff_reg[0][1]
  -------------------------------------------------------------------
                         data arrival                           2.043    
                         clock arrival                          0.948    
  -------------------------------------------------------------------
                         relative delay                         1.096    

Reference path:
    Location             Delay type                Incr(ns)  Path(ns)    Netlist Resource(s)
  -------------------------------------------------------------------    -------------------
                         (clock clk_125M_system_clk_module rise edge)
                                                      0.000     0.000 r  
    R4                                                0.000     0.000 r  sys_clk_p (IN)
                         net (fo=0)                   0.000     0.000    system_clk_module_inst/inst/clk_in1_p
    R4                   IBUFDS (Prop_ibufds_I_O)     0.804     0.804 r  system_clk_module_inst/inst/clkin1_ibufgds/O
                         net (fo=1, routed)           3.050     3.854    system_clk_module_inst/inst/clk_in1_system_clk_module
    MMCME2_ADV_X0Y2      MMCME2_ADV (Prop_mmcme2_adv_CLKIN1_CLKOUT3)
                                                     -6.451    -2.597 r  system_clk_module_inst/inst/mmcm_adv_inst/CLKOUT3
                         net (fo=1, routed)           1.488    -1.110    system_clk_module_inst/inst/clk_125M_system_clk_module
    BUFGCTRL_X0Y4        BUFG (Prop_bufg_I_O)         0.077    -1.033 r  system_clk_module_inst/inst/clkout4_buf/O
                         net (fo=624, routed)         1.460     0.427    udp_event_sensor_tx_inst/u_out_len_fifo/gnuram_async_fifo.xpm_fifo_base_inst/gen_cdc_pntr.rd_pntr_cdc_inst/src_clk
    SLICE_X121Y221       FDRE                                         r  udp_event_sensor_tx_inst/u_out_len_fifo/gnuram_async_fifo.xpm_fifo_base_inst/gen_cdc_pntr.rd_pntr_cdc_inst/src_gray_ff_reg[0]/C
  -------------------------------------------------------------------    -------------------
    SLICE_X121Y221       FDRE (Prop_fdre_C_Q)         0.304     0.731 r  udp_event_sensor_tx_inst/u_out_len_fifo/gnuram_async_fifo.xpm_fifo_base_inst/gen_cdc_pntr.rd_pntr_cdc_inst/src_gray_ff_reg[0]/Q
                         net (fo=1, routed)           0.200     0.930    udp_event_sensor_tx_inst/u_out_len_fifo/gnuram_async_fifo.xpm_fifo_base_inst/gen_cdc_pntr.rd_pntr_cdc_inst/async_path[0]
    SLICE_X120Y220       FDRE                                         r  udp_event_sensor_tx_inst/u_out_len_fifo/gnuram_async_fifo.xpm_fifo_base_inst/gen_cdc_pntr.rd_pntr_cdc_inst/dest_graysync_ff_reg[0][0]/D
  -------------------------------------------------------------------    -------------------

                         (clock sys_clk_system_clk_module rise edge)
                                                      0.000     0.000 r  
    R4                                                0.000     0.000 r  sys_clk_p (IN)
                         net (fo=0)                   0.000     0.000    system_clk_module_inst/inst/clk_in1_p
    R4                   IBUFDS (Prop_ibufds_I_O)     0.842     0.842 r  system_clk_module_inst/inst/clkin1_ibufgds/O
                         net (fo=1, routed)           3.576     4.418    system_clk_module_inst/inst/clk_in1_system_clk_module
    MMCME2_ADV_X0Y2      MMCME2_ADV (Prop_mmcme2_adv_CLKIN1_CLKOUT0)
                                                     -6.325    -1.907 r  system_clk_module_inst/inst/mmcm_adv_inst/CLKOUT0
                         net (fo=1, routed)           1.559    -0.348    system_clk_module_inst/inst/sys_clk_system_clk_module
    BUFGCTRL_X0Y1        BUFG (Prop_bufg_I_O)         0.081    -0.267 r  system_clk_module_inst/inst/clkout1_buf/O
                         net (fo=11069, routed)       1.577     1.310    udp_event_sensor_tx_inst/u_out_len_fifo/gnuram_async_fifo.xpm_fifo_base_inst/gen_cdc_pntr.rd_pntr_cdc_inst/dest_clk
    SLICE_X120Y220       FDRE                                         r  udp_event_sensor_tx_inst/u_out_len_fifo/gnuram_async_fifo.xpm_fifo_base_inst/gen_cdc_pntr.rd_pntr_cdc_inst/dest_graysync_ff_reg[0][0]/C
                         clock pessimism             -0.691     0.619    
    SLICE_X120Y220       FDRE (Hold_fdre_C_D)         0.187     0.806    udp_event_sensor_tx_inst/u_out_len_fifo/gnuram_async_fifo.xpm_fifo_base_inst/gen_cdc_pntr.rd_pntr_cdc_inst/dest_graysync_ff_reg[0][0]
  -------------------------------------------------------------------
                         data arrival                           0.930    
                         clock arrival                          0.806    
  -------------------------------------------------------------------
                         relative delay                         0.124    



Id: 4
set_bus_skew -from [get_cells [list {adc_data_preprocess_inst/adc_data_sync_inst/u_adc1_fifo/gnuram_async_fifo.xpm_fifo_base_inst/gen_cdc_pntr.wr_pntr_cdc_inst/src_gray_ff_reg[0]} {adc_data_preprocess_inst/adc_data_sync_inst/u_adc1_fifo/gnuram_async_fifo.xpm_fifo_base_inst/gen_cdc_pntr.wr_pntr_cdc_inst/src_gray_ff_reg[1]} {adc_data_preprocess_inst/adc_data_sync_inst/u_adc1_fifo/gnuram_async_fifo.xpm_fifo_base_inst/gen_cdc_pntr.wr_pntr_cdc_inst/src_gray_ff_reg[2]} {adc_data_preprocess_inst/adc_data_sync_inst/u_adc1_fifo/gnuram_async_fifo.xpm_fifo_base_inst/gen_cdc_pntr.wr_pntr_cdc_inst/src_gray_ff_reg[3]} {adc_data_preprocess_inst/adc_data_sync_inst/u_adc1_fifo/gnuram_async_fifo.xpm_fifo_base_inst/gen_cdc_pntr.wr_pntr_cdc_inst/src_gray_ff_reg[4]} {adc_data_preprocess_inst/adc_data_sync_inst/u_adc1_fifo/gnuram_async_fifo.xpm_fifo_base_inst/gen_cdc_pntr.wr_pntr_cdc_inst/src_gray_ff_reg[5]}]] -to [get_cells [list {adc_data_preprocess_inst/adc_data_sync_inst/u_adc1_fifo/gnuram_async_fifo.xpm_fifo_base_inst/gen_cdc_pntr.wr_pntr_cdc_inst/dest_graysync_ff_reg[0][0]} {adc_data_preprocess_inst/adc_data_sync_inst/u_adc1_fifo/gnuram_async_fifo.xpm_fifo_base_inst/gen_cdc_pntr.wr_pntr_cdc_inst/dest_graysync_ff_reg[0][1]} {adc_data_preprocess_inst/adc_data_sync_inst/u_adc1_fifo/gnuram_async_fifo.xpm_fifo_base_inst/gen_cdc_pntr.wr_pntr_cdc_inst/dest_graysync_ff_reg[0][2]} {adc_data_preprocess_inst/adc_data_sync_inst/u_adc1_fifo/gnuram_async_fifo.xpm_fifo_base_inst/gen_cdc_pntr.wr_pntr_cdc_inst/dest_graysync_ff_reg[0][3]} {adc_data_preprocess_inst/adc_data_sync_inst/u_adc1_fifo/gnuram_async_fifo.xpm_fifo_base_inst/gen_cdc_pntr.wr_pntr_cdc_inst/dest_graysync_ff_reg[0][4]} {adc_data_preprocess_inst/adc_data_sync_inst/u_adc1_fifo/gnuram_async_fifo.xpm_fifo_base_inst/gen_cdc_pntr.wr_pntr_cdc_inst/dest_graysync_ff_reg[0][5]}]] 24.997
Requirement: 24.997ns
Endpoints: 6

From Clock            To Clock              Endpoint Pin                    Reference Pin                   Corner  Actual(ns)  Slack(ns)
--------------------  --------------------  ------------------------------  ------------------------------  ------  ----------  ---------
adc_divclk_adc_dclk_in
                      adc_clk_system_clk_module
                                            adc_data_preprocess_inst/adc_data_sync_inst/u_adc1_fifo/gnuram_async_fifo.xpm_fifo_base_inst/gen_cdc_pntr.wr_pntr_cdc_inst/dest_graysync_ff_reg[0][3]/D
                                                                            adc_data_preprocess_inst/adc_data_sync_inst/u_adc1_fifo/gnuram_async_fifo.xpm_fifo_base_inst/gen_cdc_pntr.wr_pntr_cdc_inst/dest_graysync_ff_reg[0][1]/D
                                                                                                            Slow         0.764     24.233


Slack (MET) :             24.233ns  (requirement - actual skew)
  Endpoint Source:        adc_data_preprocess_inst/adc_data_sync_inst/u_adc1_fifo/gnuram_async_fifo.xpm_fifo_base_inst/gen_cdc_pntr.wr_pntr_cdc_inst/src_gray_ff_reg[3]/C
                            (rising edge-triggered cell FDRE clocked by adc_divclk_adc_dclk_in)
  Endpoint Destination:   adc_data_preprocess_inst/adc_data_sync_inst/u_adc1_fifo/gnuram_async_fifo.xpm_fifo_base_inst/gen_cdc_pntr.wr_pntr_cdc_inst/dest_graysync_ff_reg[0][3]/D
                            (rising edge-triggered cell FDRE clocked by adc_clk_system_clk_module)
  Reference Source:       adc_data_preprocess_inst/adc_data_sync_inst/u_adc1_fifo/gnuram_async_fifo.xpm_fifo_base_inst/gen_cdc_pntr.wr_pntr_cdc_inst/src_gray_ff_reg[1]/C
                            (rising edge-triggered cell FDRE clocked by adc_divclk_adc_dclk_in)
  Reference Destination:  adc_data_preprocess_inst/adc_data_sync_inst/u_adc1_fifo/gnuram_async_fifo.xpm_fifo_base_inst/gen_cdc_pntr.wr_pntr_cdc_inst/dest_graysync_ff_reg[0][1]/D
                            (rising edge-triggered cell FDRE clocked by adc_clk_system_clk_module)
  Path Type:              Bus Skew (Max at Slow Process Corner)
  Requirement:            24.997ns
  Endpoint Relative Delay:   -0.647ns
  Reference Relative Delay:  -2.426ns
  Relative CRPR:              1.262ns
  Uncertainty:                0.248ns
  Actual Bus Skew:            0.764ns  (Endpoint Relative Delay - Reference Relative Delay - Relative CRPR + Uncertainty)

Endpoint path:
    Location             Delay type                Incr(ns)  Path(ns)    Netlist Resource(s)
  -------------------------------------------------------------------    -------------------
                         (clock adc_divclk_adc_dclk_in rise edge)
                                                      0.000     0.000 r  
    L19                                               0.000     0.000 r  adc1_dclk_p (IN)
                         net (fo=0)                   0.000     0.000    adc_data_preprocess_inst/get_adc_data_inst1/adc_dclk_in_inst/inst/clk_in1_p
    L19                  IBUFDS (Prop_ibufds_I_O)     0.868     0.868 r  adc_data_preprocess_inst/get_adc_data_inst1/adc_dclk_in_inst/inst/clkin1_ibufgds/O
                         net (fo=1, routed)           1.065     1.933    adc_data_preprocess_inst/get_adc_data_inst1/adc_dclk_in_inst/inst/clk_in1_adc_dclk_in
    MMCME2_ADV_X0Y3      MMCME2_ADV (Prop_mmcme2_adv_CLKIN1_CLKOUT1)
                                                     -6.308    -4.375 r  adc_data_preprocess_inst/get_adc_data_inst1/adc_dclk_in_inst/inst/mmcm_adv_inst/CLKOUT1
                         net (fo=1, routed)           1.559    -2.816    adc_data_preprocess_inst/get_adc_data_inst1/adc_dclk_in_inst/inst/adc_divclk_adc_dclk_in
    BUFGCTRL_X0Y16       BUFG (Prop_bufg_I_O)         0.081    -2.735 r  adc_data_preprocess_inst/get_adc_data_inst1/adc_dclk_in_inst/inst/clkout2_buf/O
                         net (fo=24447, routed)       1.392    -1.343    adc_data_preprocess_inst/adc_data_sync_inst/u_adc1_fifo/gnuram_async_fifo.xpm_fifo_base_inst/gen_cdc_pntr.wr_pntr_cdc_inst/src_clk
    SLICE_X58Y156        FDRE                                         r  adc_data_preprocess_inst/adc_data_sync_inst/u_adc1_fifo/gnuram_async_fifo.xpm_fifo_base_inst/gen_cdc_pntr.wr_pntr_cdc_inst/src_gray_ff_reg[3]/C
  -------------------------------------------------------------------    -------------------
    SLICE_X58Y156        FDRE (Prop_fdre_C_Q)         0.348    -0.995 r  adc_data_preprocess_inst/adc_data_sync_inst/u_adc1_fifo/gnuram_async_fifo.xpm_fifo_base_inst/gen_cdc_pntr.wr_pntr_cdc_inst/src_gray_ff_reg[3]/Q
                         net (fo=1, routed)           0.393    -0.602    adc_data_preprocess_inst/adc_data_sync_inst/u_adc1_fifo/gnuram_async_fifo.xpm_fifo_base_inst/gen_cdc_pntr.wr_pntr_cdc_inst/async_path[3]
    SLICE_X58Y157        FDRE                                         r  adc_data_preprocess_inst/adc_data_sync_inst/u_adc1_fifo/gnuram_async_fifo.xpm_fifo_base_inst/gen_cdc_pntr.wr_pntr_cdc_inst/dest_graysync_ff_reg[0][3]/D
  -------------------------------------------------------------------    -------------------

                         (clock adc_clk_system_clk_module rise edge)
                                                      0.000     0.000 r  
    R4                                                0.000     0.000 r  sys_clk_p (IN)
                         net (fo=0)                   0.000     0.000    system_clk_module_inst/inst/clk_in1_p
    R4                   IBUFDS (Prop_ibufds_I_O)     0.804     0.804 r  system_clk_module_inst/inst/clkin1_ibufgds/O
                         net (fo=1, routed)           3.050     3.854    system_clk_module_inst/inst/clk_in1_system_clk_module
    MMCME2_ADV_X0Y2      MMCME2_ADV (Prop_mmcme2_adv_CLKIN1_CLKOUT1)
                                                     -6.451    -2.597 r  system_clk_module_inst/inst/mmcm_adv_inst/CLKOUT1
                         net (fo=1, routed)           1.488    -1.110    system_clk_module_inst/inst/adc_clk_system_clk_module
    BUFGCTRL_X0Y2        BUFG (Prop_bufg_I_O)         0.077    -1.033 r  system_clk_module_inst/inst/clkout2_buf/O
                         net (fo=1851, routed)        1.285     0.252    adc_data_preprocess_inst/adc_data_sync_inst/u_adc1_fifo/gnuram_async_fifo.xpm_fifo_base_inst/gen_cdc_pntr.wr_pntr_cdc_inst/dest_clk
    SLICE_X58Y157        FDRE                                         r  adc_data_preprocess_inst/adc_data_sync_inst/u_adc1_fifo/gnuram_async_fifo.xpm_fifo_base_inst/gen_cdc_pntr.wr_pntr_cdc_inst/dest_graysync_ff_reg[0][3]/C
                         clock pessimism              0.000     0.252    
    SLICE_X58Y157        FDRE (Setup_fdre_C_D)       -0.207     0.045    adc_data_preprocess_inst/adc_data_sync_inst/u_adc1_fifo/gnuram_async_fifo.xpm_fifo_base_inst/gen_cdc_pntr.wr_pntr_cdc_inst/dest_graysync_ff_reg[0][3]
  -------------------------------------------------------------------
                         data arrival                          -0.602    
                         clock arrival                          0.045    
  -------------------------------------------------------------------
                         relative delay                        -0.647    

Reference path:
    Location             Delay type                Incr(ns)  Path(ns)    Netlist Resource(s)
  -------------------------------------------------------------------    -------------------
                         (clock adc_divclk_adc_dclk_in rise edge)
                                                      0.000     0.000 r  
    L19                                               0.000     0.000 r  adc1_dclk_p (IN)
                         net (fo=0)                   0.000     0.000    adc_data_preprocess_inst/get_adc_data_inst1/adc_dclk_in_inst/inst/clk_in1_p
    L19                  IBUFDS (Prop_ibufds_I_O)     0.828     0.828 r  adc_data_preprocess_inst/get_adc_data_inst1/adc_dclk_in_inst/inst/clkin1_ibufgds/O
                         net (fo=1, routed)           1.004     1.832    adc_data_preprocess_inst/get_adc_data_inst1/adc_dclk_in_inst/inst/clk_in1_adc_dclk_in
    MMCME2_ADV_X0Y3      MMCME2_ADV (Prop_mmcme2_adv_CLKIN1_CLKOUT1)
                                                     -6.436    -4.604 r  adc_data_preprocess_inst/get_adc_data_inst1/adc_dclk_in_inst/inst/mmcm_adv_inst/CLKOUT1
                         net (fo=1, routed)           1.488    -3.116    adc_data_preprocess_inst/get_adc_data_inst1/adc_dclk_in_inst/inst/adc_divclk_adc_dclk_in
    BUFGCTRL_X0Y16       BUFG (Prop_bufg_I_O)         0.077    -3.039 r  adc_data_preprocess_inst/get_adc_data_inst1/adc_dclk_in_inst/inst/clkout2_buf/O
                         net (fo=24447, routed)       1.283    -1.756    adc_data_preprocess_inst/adc_data_sync_inst/u_adc1_fifo/gnuram_async_fifo.xpm_fifo_base_inst/gen_cdc_pntr.wr_pntr_cdc_inst/src_clk
    SLICE_X58Y156        FDRE                                         r  adc_data_preprocess_inst/adc_data_sync_inst/u_adc1_fifo/gnuram_async_fifo.xpm_fifo_base_inst/gen_cdc_pntr.wr_pntr_cdc_inst/src_gray_ff_reg[1]/C
  -------------------------------------------------------------------    -------------------
    SLICE_X58Y156        FDRE (Prop_fdre_C_Q)         0.279    -1.477 r  adc_data_preprocess_inst/adc_data_sync_inst/u_adc1_fifo/gnuram_async_fifo.xpm_fifo_base_inst/gen_cdc_pntr.wr_pntr_cdc_inst/src_gray_ff_reg[1]/Q
                         net (fo=1, routed)           0.206    -1.271    adc_data_preprocess_inst/adc_data_sync_inst/u_adc1_fifo/gnuram_async_fifo.xpm_fifo_base_inst/gen_cdc_pntr.wr_pntr_cdc_inst/async_path[1]
    SLICE_X58Y158        FDRE                                         r  adc_data_preprocess_inst/adc_data_sync_inst/u_adc1_fifo/gnuram_async_fifo.xpm_fifo_base_inst/gen_cdc_pntr.wr_pntr_cdc_inst/dest_graysync_ff_reg[0][1]/D
  -------------------------------------------------------------------    -------------------

                         (clock adc_clk_system_clk_module rise edge)
                                                      0.000     0.000 r  
    R4                                                0.000     0.000 r  sys_clk_p (IN)
                         net (fo=0)                   0.000     0.000    system_clk_module_inst/inst/clk_in1_p
    R4                   IBUFDS (Prop_ibufds_I_O)     0.842     0.842 r  system_clk_module_inst/inst/clkin1_ibufgds/O
                         net (fo=1, routed)           3.576     4.418    system_clk_module_inst/inst/clk_in1_system_clk_module
    MMCME2_ADV_X0Y2      MMCME2_ADV (Prop_mmcme2_adv_CLKIN1_CLKOUT1)
                                                     -6.325    -1.907 r  system_clk_module_inst/inst/mmcm_adv_inst/CLKOUT1
                         net (fo=1, routed)           1.559    -0.348    system_clk_module_inst/inst/adc_clk_system_clk_module
    BUFGCTRL_X0Y2        BUFG (Prop_bufg_I_O)         0.081    -0.267 r  system_clk_module_inst/inst/clkout2_buf/O
                         net (fo=1851, routed)        1.394     1.127    adc_data_preprocess_inst/adc_data_sync_inst/u_adc1_fifo/gnuram_async_fifo.xpm_fifo_base_inst/gen_cdc_pntr.wr_pntr_cdc_inst/dest_clk
    SLICE_X58Y158        FDRE                                         r  adc_data_preprocess_inst/adc_data_sync_inst/u_adc1_fifo/gnuram_async_fifo.xpm_fifo_base_inst/gen_cdc_pntr.wr_pntr_cdc_inst/dest_graysync_ff_reg[0][1]/C
                         clock pessimism              0.000     1.127    
    SLICE_X58Y158        FDRE (Hold_fdre_C_D)         0.028     1.155    adc_data_preprocess_inst/adc_data_sync_inst/u_adc1_fifo/gnuram_async_fifo.xpm_fifo_base_inst/gen_cdc_pntr.wr_pntr_cdc_inst/dest_graysync_ff_reg[0][1]
  -------------------------------------------------------------------
                         data arrival                          -1.271    
                         clock arrival                          1.155    
  -------------------------------------------------------------------
                         relative delay                        -2.426    



Id: 5
set_bus_skew -from [get_cells [list {adc_data_preprocess_inst/adc_data_sync_inst/u_adc1_fifo/gnuram_async_fifo.xpm_fifo_base_inst/gen_cdc_pntr.rd_pntr_cdc_inst/src_gray_ff_reg[0]} {adc_data_preprocess_inst/adc_data_sync_inst/u_adc1_fifo/gnuram_async_fifo.xpm_fifo_base_inst/gen_cdc_pntr.rd_pntr_cdc_inst/src_gray_ff_reg[1]} {adc_data_preprocess_inst/adc_data_sync_inst/u_adc1_fifo/gnuram_async_fifo.xpm_fifo_base_inst/gen_cdc_pntr.rd_pntr_cdc_inst/src_gray_ff_reg[2]} {adc_data_preprocess_inst/adc_data_sync_inst/u_adc1_fifo/gnuram_async_fifo.xpm_fifo_base_inst/gen_cdc_pntr.rd_pntr_cdc_inst/src_gray_ff_reg[3]} {adc_data_preprocess_inst/adc_data_sync_inst/u_adc1_fifo/gnuram_async_fifo.xpm_fifo_base_inst/gen_cdc_pntr.rd_pntr_cdc_inst/src_gray_ff_reg[4]} {adc_data_preprocess_inst/adc_data_sync_inst/u_adc1_fifo/gnuram_async_fifo.xpm_fifo_base_inst/gen_cdc_pntr.rd_pntr_cdc_inst/src_gray_ff_reg[5]}]] -to [get_cells [list {adc_data_preprocess_inst/adc_data_sync_inst/u_adc1_fifo/gnuram_async_fifo.xpm_fifo_base_inst/gen_cdc_pntr.rd_pntr_cdc_inst/dest_graysync_ff_reg[0][0]} {adc_data_preprocess_inst/adc_data_sync_inst/u_adc1_fifo/gnuram_async_fifo.xpm_fifo_base_inst/gen_cdc_pntr.rd_pntr_cdc_inst/dest_graysync_ff_reg[0][1]} {adc_data_preprocess_inst/adc_data_sync_inst/u_adc1_fifo/gnuram_async_fifo.xpm_fifo_base_inst/gen_cdc_pntr.rd_pntr_cdc_inst/dest_graysync_ff_reg[0][2]} {adc_data_preprocess_inst/adc_data_sync_inst/u_adc1_fifo/gnuram_async_fifo.xpm_fifo_base_inst/gen_cdc_pntr.rd_pntr_cdc_inst/dest_graysync_ff_reg[0][3]} {adc_data_preprocess_inst/adc_data_sync_inst/u_adc1_fifo/gnuram_async_fifo.xpm_fifo_base_inst/gen_cdc_pntr.rd_pntr_cdc_inst/dest_graysync_ff_reg[0][4]} {adc_data_preprocess_inst/adc_data_sync_inst/u_adc1_fifo/gnuram_async_fifo.xpm_fifo_base_inst/gen_cdc_pntr.rd_pntr_cdc_inst/dest_graysync_ff_reg[0][5]}]] 24.997
Requirement: 24.997ns
Endpoints: 6

From Clock            To Clock              Endpoint Pin                    Reference Pin                   Corner  Actual(ns)  Slack(ns)
--------------------  --------------------  ------------------------------  ------------------------------  ------  ----------  ---------
adc_clk_system_clk_module
                      adc_divclk_adc_dclk_in
                                            adc_data_preprocess_inst/adc_data_sync_inst/u_adc1_fifo/gnuram_async_fifo.xpm_fifo_base_inst/gen_cdc_pntr.rd_pntr_cdc_inst/dest_graysync_ff_reg[0][5]/D
                                                                            adc_data_preprocess_inst/adc_data_sync_inst/u_adc1_fifo/gnuram_async_fifo.xpm_fifo_base_inst/gen_cdc_pntr.rd_pntr_cdc_inst/dest_graysync_ff_reg[0][0]/D
                                                                                                            Slow         1.010     23.987


Slack (MET) :             23.987ns  (requirement - actual skew)
  Endpoint Source:        adc_data_preprocess_inst/adc_data_sync_inst/u_adc1_fifo/gnuram_async_fifo.xpm_fifo_base_inst/gen_cdc_pntr.rd_pntr_cdc_inst/src_gray_ff_reg[5]/C
                            (rising edge-triggered cell FDRE clocked by adc_clk_system_clk_module)
  Endpoint Destination:   adc_data_preprocess_inst/adc_data_sync_inst/u_adc1_fifo/gnuram_async_fifo.xpm_fifo_base_inst/gen_cdc_pntr.rd_pntr_cdc_inst/dest_graysync_ff_reg[0][5]/D
                            (rising edge-triggered cell FDRE clocked by adc_divclk_adc_dclk_in)
  Reference Source:       adc_data_preprocess_inst/adc_data_sync_inst/u_adc1_fifo/gnuram_async_fifo.xpm_fifo_base_inst/gen_cdc_pntr.rd_pntr_cdc_inst/src_gray_ff_reg[0]/C
                            (rising edge-triggered cell FDRE clocked by adc_clk_system_clk_module)
  Reference Destination:  adc_data_preprocess_inst/adc_data_sync_inst/u_adc1_fifo/gnuram_async_fifo.xpm_fifo_base_inst/gen_cdc_pntr.rd_pntr_cdc_inst/dest_graysync_ff_reg[0][0]/D
                            (rising edge-triggered cell FDRE clocked by adc_divclk_adc_dclk_in)
  Path Type:              Bus Skew (Max at Slow Process Corner)
  Requirement:            24.997ns
  Endpoint Relative Delay:    3.892ns
  Reference Relative Delay:   1.912ns
  Relative CRPR:              1.218ns
  Uncertainty:                0.248ns
  Actual Bus Skew:            1.010ns  (Endpoint Relative Delay - Reference Relative Delay - Relative CRPR + Uncertainty)

Endpoint path:
    Location             Delay type                Incr(ns)  Path(ns)    Netlist Resource(s)
  -------------------------------------------------------------------    -------------------
                         (clock adc_clk_system_clk_module rise edge)
                                                      0.000     0.000 r  
    R4                                                0.000     0.000 r  sys_clk_p (IN)
                         net (fo=0)                   0.000     0.000    system_clk_module_inst/inst/clk_in1_p
    R4                   IBUFDS (Prop_ibufds_I_O)     0.842     0.842 r  system_clk_module_inst/inst/clkin1_ibufgds/O
                         net (fo=1, routed)           3.576     4.418    system_clk_module_inst/inst/clk_in1_system_clk_module
    MMCME2_ADV_X0Y2      MMCME2_ADV (Prop_mmcme2_adv_CLKIN1_CLKOUT1)
                                                     -6.325    -1.907 r  system_clk_module_inst/inst/mmcm_adv_inst/CLKOUT1
                         net (fo=1, routed)           1.559    -0.348    system_clk_module_inst/inst/adc_clk_system_clk_module
    BUFGCTRL_X0Y2        BUFG (Prop_bufg_I_O)         0.081    -0.267 r  system_clk_module_inst/inst/clkout2_buf/O
                         net (fo=1851, routed)        1.395     1.128    adc_data_preprocess_inst/adc_data_sync_inst/u_adc1_fifo/gnuram_async_fifo.xpm_fifo_base_inst/gen_cdc_pntr.rd_pntr_cdc_inst/src_clk
    SLICE_X60Y157        FDRE                                         r  adc_data_preprocess_inst/adc_data_sync_inst/u_adc1_fifo/gnuram_async_fifo.xpm_fifo_base_inst/gen_cdc_pntr.rd_pntr_cdc_inst/src_gray_ff_reg[5]/C
  -------------------------------------------------------------------    -------------------
    SLICE_X60Y157        FDRE (Prop_fdre_C_Q)         0.398     1.526 r  adc_data_preprocess_inst/adc_data_sync_inst/u_adc1_fifo/gnuram_async_fifo.xpm_fifo_base_inst/gen_cdc_pntr.rd_pntr_cdc_inst/src_gray_ff_reg[5]/Q
                         net (fo=1, routed)           0.446     1.972    adc_data_preprocess_inst/adc_data_sync_inst/u_adc1_fifo/gnuram_async_fifo.xpm_fifo_base_inst/gen_cdc_pntr.rd_pntr_cdc_inst/async_path[5]
    SLICE_X62Y156        FDRE                                         r  adc_data_preprocess_inst/adc_data_sync_inst/u_adc1_fifo/gnuram_async_fifo.xpm_fifo_base_inst/gen_cdc_pntr.rd_pntr_cdc_inst/dest_graysync_ff_reg[0][5]/D
  -------------------------------------------------------------------    -------------------

                         (clock adc_divclk_adc_dclk_in rise edge)
                                                      0.000     0.000 r  
    L19                                               0.000     0.000 r  adc1_dclk_p (IN)
                         net (fo=0)                   0.000     0.000    adc_data_preprocess_inst/get_adc_data_inst1/adc_dclk_in_inst/inst/clk_in1_p
    L19                  IBUFDS (Prop_ibufds_I_O)     0.828     0.828 r  adc_data_preprocess_inst/get_adc_data_inst1/adc_dclk_in_inst/inst/clkin1_ibufgds/O
                         net (fo=1, routed)           1.004     1.832    adc_data_preprocess_inst/get_adc_data_inst1/adc_dclk_in_inst/inst/clk_in1_adc_dclk_in
    MMCME2_ADV_X0Y3      MMCME2_ADV (Prop_mmcme2_adv_CLKIN1_CLKOUT1)
                                                     -6.436    -4.604 r  adc_data_preprocess_inst/get_adc_data_inst1/adc_dclk_in_inst/inst/mmcm_adv_inst/CLKOUT1
                         net (fo=1, routed)           1.488    -3.116    adc_data_preprocess_inst/get_adc_data_inst1/adc_dclk_in_inst/inst/adc_divclk_adc_dclk_in
    BUFGCTRL_X0Y16       BUFG (Prop_bufg_I_O)         0.077    -3.039 r  adc_data_preprocess_inst/get_adc_data_inst1/adc_dclk_in_inst/inst/clkout2_buf/O
                         net (fo=24447, routed)       1.280    -1.759    adc_data_preprocess_inst/adc_data_sync_inst/u_adc1_fifo/gnuram_async_fifo.xpm_fifo_base_inst/gen_cdc_pntr.rd_pntr_cdc_inst/dest_clk
    SLICE_X62Y156        FDRE                                         r  adc_data_preprocess_inst/adc_data_sync_inst/u_adc1_fifo/gnuram_async_fifo.xpm_fifo_base_inst/gen_cdc_pntr.rd_pntr_cdc_inst/dest_graysync_ff_reg[0][5]/C
                         clock pessimism              0.000    -1.759    
    SLICE_X62Y156        FDRE (Setup_fdre_C_D)       -0.161    -1.920    adc_data_preprocess_inst/adc_data_sync_inst/u_adc1_fifo/gnuram_async_fifo.xpm_fifo_base_inst/gen_cdc_pntr.rd_pntr_cdc_inst/dest_graysync_ff_reg[0][5]
  -------------------------------------------------------------------
                         data arrival                           1.972    
                         clock arrival                         -1.920    
  -------------------------------------------------------------------
                         relative delay                         3.892    

Reference path:
    Location             Delay type                Incr(ns)  Path(ns)    Netlist Resource(s)
  -------------------------------------------------------------------    -------------------
                         (clock adc_clk_system_clk_module rise edge)
                                                      0.000     0.000 r  
    R4                                                0.000     0.000 r  sys_clk_p (IN)
                         net (fo=0)                   0.000     0.000    system_clk_module_inst/inst/clk_in1_p
    R4                   IBUFDS (Prop_ibufds_I_O)     0.804     0.804 r  system_clk_module_inst/inst/clkin1_ibufgds/O
                         net (fo=1, routed)           3.050     3.854    system_clk_module_inst/inst/clk_in1_system_clk_module
    MMCME2_ADV_X0Y2      MMCME2_ADV (Prop_mmcme2_adv_CLKIN1_CLKOUT1)
                                                     -6.451    -2.597 r  system_clk_module_inst/inst/mmcm_adv_inst/CLKOUT1
                         net (fo=1, routed)           1.488    -1.110    system_clk_module_inst/inst/adc_clk_system_clk_module
    BUFGCTRL_X0Y2        BUFG (Prop_bufg_I_O)         0.077    -1.033 r  system_clk_module_inst/inst/clkout2_buf/O
                         net (fo=1851, routed)        1.285     0.252    adc_data_preprocess_inst/adc_data_sync_inst/u_adc1_fifo/gnuram_async_fifo.xpm_fifo_base_inst/gen_cdc_pntr.rd_pntr_cdc_inst/src_clk
    SLICE_X59Y156        FDRE                                         r  adc_data_preprocess_inst/adc_data_sync_inst/u_adc1_fifo/gnuram_async_fifo.xpm_fifo_base_inst/gen_cdc_pntr.rd_pntr_cdc_inst/src_gray_ff_reg[0]/C
  -------------------------------------------------------------------    -------------------
    SLICE_X59Y156        FDRE (Prop_fdre_C_Q)         0.304     0.556 r  adc_data_preprocess_inst/adc_data_sync_inst/u_adc1_fifo/gnuram_async_fifo.xpm_fifo_base_inst/gen_cdc_pntr.rd_pntr_cdc_inst/src_gray_ff_reg[0]/Q
                         net (fo=1, routed)           0.200     0.756    adc_data_preprocess_inst/adc_data_sync_inst/u_adc1_fifo/gnuram_async_fifo.xpm_fifo_base_inst/gen_cdc_pntr.rd_pntr_cdc_inst/async_path[0]
    SLICE_X60Y156        FDRE                                         r  adc_data_preprocess_inst/adc_data_sync_inst/u_adc1_fifo/gnuram_async_fifo.xpm_fifo_base_inst/gen_cdc_pntr.rd_pntr_cdc_inst/dest_graysync_ff_reg[0][0]/D
  -------------------------------------------------------------------    -------------------

                         (clock adc_divclk_adc_dclk_in rise edge)
                                                      0.000     0.000 r  
    L19                                               0.000     0.000 r  adc1_dclk_p (IN)
                         net (fo=0)                   0.000     0.000    adc_data_preprocess_inst/get_adc_data_inst1/adc_dclk_in_inst/inst/clk_in1_p
    L19                  IBUFDS (Prop_ibufds_I_O)     0.868     0.868 r  adc_data_preprocess_inst/get_adc_data_inst1/adc_dclk_in_inst/inst/clkin1_ibufgds/O
                         net (fo=1, routed)           1.065     1.933    adc_data_preprocess_inst/get_adc_data_inst1/adc_dclk_in_inst/inst/clk_in1_adc_dclk_in
    MMCME2_ADV_X0Y3      MMCME2_ADV (Prop_mmcme2_adv_CLKIN1_CLKOUT1)
                                                     -6.308    -4.375 r  adc_data_preprocess_inst/get_adc_data_inst1/adc_dclk_in_inst/inst/mmcm_adv_inst/CLKOUT1
                         net (fo=1, routed)           1.559    -2.816    adc_data_preprocess_inst/get_adc_data_inst1/adc_dclk_in_inst/inst/adc_divclk_adc_dclk_in
    BUFGCTRL_X0Y16       BUFG (Prop_bufg_I_O)         0.081    -2.735 r  adc_data_preprocess_inst/get_adc_data_inst1/adc_dclk_in_inst/inst/clkout2_buf/O
                         net (fo=24447, routed)       1.392    -1.343    adc_data_preprocess_inst/adc_data_sync_inst/u_adc1_fifo/gnuram_async_fifo.xpm_fifo_base_inst/gen_cdc_pntr.rd_pntr_cdc_inst/dest_clk
    SLICE_X60Y156        FDRE                                         r  adc_data_preprocess_inst/adc_data_sync_inst/u_adc1_fifo/gnuram_async_fifo.xpm_fifo_base_inst/gen_cdc_pntr.rd_pntr_cdc_inst/dest_graysync_ff_reg[0][0]/C
                         clock pessimism              0.000    -1.343    
    SLICE_X60Y156        FDRE (Hold_fdre_C_D)         0.187    -1.156    adc_data_preprocess_inst/adc_data_sync_inst/u_adc1_fifo/gnuram_async_fifo.xpm_fifo_base_inst/gen_cdc_pntr.rd_pntr_cdc_inst/dest_graysync_ff_reg[0][0]
  -------------------------------------------------------------------
                         data arrival                           0.756    
                         clock arrival                         -1.156    
  -------------------------------------------------------------------
                         relative delay                         1.912    



Id: 6
set_bus_skew -from [get_cells [list {udp_event_sensor_tx_inst/u_out_meta_fifo/gnuram_async_fifo.xpm_fifo_base_inst/gen_cdc_pntr.wr_pntr_cdc_inst/src_gray_ff_reg[0]} {udp_event_sensor_tx_inst/u_out_meta_fifo/gnuram_async_fifo.xpm_fifo_base_inst/gen_cdc_pntr.wr_pntr_cdc_inst/src_gray_ff_reg[1]} {udp_event_sensor_tx_inst/u_out_meta_fifo/gnuram_async_fifo.xpm_fifo_base_inst/gen_cdc_pntr.wr_pntr_cdc_inst/src_gray_ff_reg[2]} {udp_event_sensor_tx_inst/u_out_meta_fifo/gnuram_async_fifo.xpm_fifo_base_inst/gen_cdc_pntr.wr_pntr_cdc_inst/src_gray_ff_reg[3]} {udp_event_sensor_tx_inst/u_out_meta_fifo/gnuram_async_fifo.xpm_fifo_base_inst/gen_cdc_pntr.wr_pntr_cdc_inst/src_gray_ff_reg[4]} {udp_event_sensor_tx_inst/u_out_meta_fifo/gnuram_async_fifo.xpm_fifo_base_inst/gen_cdc_pntr.wr_pntr_cdc_inst/src_gray_ff_reg[5]}]] -to [get_cells [list {udp_event_sensor_tx_inst/u_out_meta_fifo/gnuram_async_fifo.xpm_fifo_base_inst/gen_cdc_pntr.wr_pntr_cdc_inst/dest_graysync_ff_reg[0][0]} {udp_event_sensor_tx_inst/u_out_meta_fifo/gnuram_async_fifo.xpm_fifo_base_inst/gen_cdc_pntr.wr_pntr_cdc_inst/dest_graysync_ff_reg[0][1]} {udp_event_sensor_tx_inst/u_out_meta_fifo/gnuram_async_fifo.xpm_fifo_base_inst/gen_cdc_pntr.wr_pntr_cdc_inst/dest_graysync_ff_reg[0][2]} {udp_event_sensor_tx_inst/u_out_meta_fifo/gnuram_async_fifo.xpm_fifo_base_inst/gen_cdc_pntr.wr_pntr_cdc_inst/dest_graysync_ff_reg[0][3]} {udp_event_sensor_tx_inst/u_out_meta_fifo/gnuram_async_fifo.xpm_fifo_base_inst/gen_cdc_pntr.wr_pntr_cdc_inst/dest_graysync_ff_reg[0][4]} {udp_event_sensor_tx_inst/u_out_meta_fifo/gnuram_async_fifo.xpm_fifo_base_inst/gen_cdc_pntr.wr_pntr_cdc_inst/dest_graysync_ff_reg[0][5]}]] 5.000
Requirement: 5.000ns
Endpoints: 6

From Clock            To Clock              Endpoint Pin                    Reference Pin                   Corner  Actual(ns)  Slack(ns)
--------------------  --------------------  ------------------------------  ------------------------------  ------  ----------  ---------
sys_clk_system_clk_module
                      clk_125M_system_clk_module
                                            udp_event_sensor_tx_inst/u_out_meta_fifo/gnuram_async_fifo.xpm_fifo_base_inst/gen_cdc_pntr.wr_pntr_cdc_inst/dest_graysync_ff_reg[0][1]/D
                                                                            udp_event_sensor_tx_inst/u_out_meta_fifo/gnuram_async_fifo.xpm_fifo_base_inst/gen_cdc_pntr.wr_pntr_cdc_inst/dest_graysync_ff_reg[0][4]/D
                                                                                                            Slow         0.864      4.136


Slack (MET) :             4.136ns  (requirement - actual skew)
  Endpoint Source:        udp_event_sensor_tx_inst/u_out_meta_fifo/gnuram_async_fifo.xpm_fifo_base_inst/gen_cdc_pntr.wr_pntr_cdc_inst/src_gray_ff_reg[1]/C
                            (rising edge-triggered cell FDRE clocked by sys_clk_system_clk_module)
  Endpoint Destination:   udp_event_sensor_tx_inst/u_out_meta_fifo/gnuram_async_fifo.xpm_fifo_base_inst/gen_cdc_pntr.wr_pntr_cdc_inst/dest_graysync_ff_reg[0][1]/D
                            (rising edge-triggered cell FDRE clocked by clk_125M_system_clk_module)
  Reference Source:       udp_event_sensor_tx_inst/u_out_meta_fifo/gnuram_async_fifo.xpm_fifo_base_inst/gen_cdc_pntr.wr_pntr_cdc_inst/src_gray_ff_reg[4]/C
                            (rising edge-triggered cell FDRE clocked by sys_clk_system_clk_module)
  Reference Destination:  udp_event_sensor_tx_inst/u_out_meta_fifo/gnuram_async_fifo.xpm_fifo_base_inst/gen_cdc_pntr.wr_pntr_cdc_inst/dest_graysync_ff_reg[0][4]/D
                            (rising edge-triggered cell FDRE clocked by clk_125M_system_clk_module)
  Path Type:              Bus Skew (Max at Slow Process Corner)
  Requirement:            5.000ns
  Endpoint Relative Delay:    1.249ns
  Reference Relative Delay:   0.271ns
  Relative CRPR:              0.299ns
  Uncertainty:                0.184ns
  Actual Bus Skew:            0.864ns  (Endpoint Relative Delay - Reference Relative Delay - Relative CRPR + Uncertainty)

Endpoint path:
    Location             Delay type                Incr(ns)  Path(ns)    Netlist Resource(s)
  -------------------------------------------------------------------    -------------------
                         (clock sys_clk_system_clk_module rise edge)
                                                      0.000     0.000 r  
    R4                                                0.000     0.000 r  sys_clk_p (IN)
                         net (fo=0)                   0.000     0.000    system_clk_module_inst/inst/clk_in1_p
    R4                   IBUFDS (Prop_ibufds_I_O)     0.842     0.842 r  system_clk_module_inst/inst/clkin1_ibufgds/O
                         net (fo=1, routed)           3.576     4.418    system_clk_module_inst/inst/clk_in1_system_clk_module
    MMCME2_ADV_X0Y2      MMCME2_ADV (Prop_mmcme2_adv_CLKIN1_CLKOUT0)
                                                     -6.325    -1.907 r  system_clk_module_inst/inst/mmcm_adv_inst/CLKOUT0
                         net (fo=1, routed)           1.559    -0.348    system_clk_module_inst/inst/sys_clk_system_clk_module
    BUFGCTRL_X0Y1        BUFG (Prop_bufg_I_O)         0.081    -0.267 r  system_clk_module_inst/inst/clkout1_buf/O
                         net (fo=11069, routed)       1.402     1.135    udp_event_sensor_tx_inst/u_out_meta_fifo/gnuram_async_fifo.xpm_fifo_base_inst/gen_cdc_pntr.wr_pntr_cdc_inst/src_clk
    SLICE_X108Y185       FDRE                                         r  udp_event_sensor_tx_inst/u_out_meta_fifo/gnuram_async_fifo.xpm_fifo_base_inst/gen_cdc_pntr.wr_pntr_cdc_inst/src_gray_ff_reg[1]/C
  -------------------------------------------------------------------    -------------------
    SLICE_X108Y185       FDRE (Prop_fdre_C_Q)         0.398     1.533 r  udp_event_sensor_tx_inst/u_out_meta_fifo/gnuram_async_fifo.xpm_fifo_base_inst/gen_cdc_pntr.wr_pntr_cdc_inst/src_gray_ff_reg[1]/Q
                         net (fo=1, routed)           0.465     1.999    udp_event_sensor_tx_inst/u_out_meta_fifo/gnuram_async_fifo.xpm_fifo_base_inst/gen_cdc_pntr.wr_pntr_cdc_inst/async_path[1]
    SLICE_X105Y184       FDRE                                         r  udp_event_sensor_tx_inst/u_out_meta_fifo/gnuram_async_fifo.xpm_fifo_base_inst/gen_cdc_pntr.wr_pntr_cdc_inst/dest_graysync_ff_reg[0][1]/D
  -------------------------------------------------------------------    -------------------

                         (clock clk_125M_system_clk_module rise edge)
                                                      0.000     0.000 r  
    R4                                                0.000     0.000 r  sys_clk_p (IN)
                         net (fo=0)                   0.000     0.000    system_clk_module_inst/inst/clk_in1_p
    R4                   IBUFDS (Prop_ibufds_I_O)     0.804     0.804 r  system_clk_module_inst/inst/clkin1_ibufgds/O
                         net (fo=1, routed)           3.050     3.854    system_clk_module_inst/inst/clk_in1_system_clk_module
    MMCME2_ADV_X0Y2      MMCME2_ADV (Prop_mmcme2_adv_CLKIN1_CLKOUT3)
                                                     -6.451    -2.597 r  system_clk_module_inst/inst/mmcm_adv_inst/CLKOUT3
                         net (fo=1, routed)           1.488    -1.110    system_clk_module_inst/inst/clk_125M_system_clk_module
    BUFGCTRL_X0Y4        BUFG (Prop_bufg_I_O)         0.077    -1.033 r  system_clk_module_inst/inst/clkout4_buf/O
                         net (fo=624, routed)         1.292     0.259    udp_event_sensor_tx_inst/u_out_meta_fifo/gnuram_async_fifo.xpm_fifo_base_inst/gen_cdc_pntr.wr_pntr_cdc_inst/dest_clk
    SLICE_X105Y184       FDRE                                         r  udp_event_sensor_tx_inst/u_out_meta_fifo/gnuram_async_fifo.xpm_fifo_base_inst/gen_cdc_pntr.wr_pntr_cdc_inst/dest_graysync_ff_reg[0][1]/C
                         clock pessimism              0.691     0.950    
    SLICE_X105Y184       FDRE (Setup_fdre_C_D)       -0.200     0.750    udp_event_sensor_tx_inst/u_out_meta_fifo/gnuram_async_fifo.xpm_fifo_base_inst/gen_cdc_pntr.wr_pntr_cdc_inst/dest_graysync_ff_reg[0][1]
  -------------------------------------------------------------------
                         data arrival                           1.999    
                         clock arrival                          0.750    
  -------------------------------------------------------------------
                         relative delay                         1.249    

Reference path:
    Location             Delay type                Incr(ns)  Path(ns)    Netlist Resource(s)
  -------------------------------------------------------------------    -------------------
                         (clock sys_clk_system_clk_module rise edge)
                                                      0.000     0.000 r  
    R4                                                0.000     0.000 r  sys_clk_p (IN)
                         net (fo=0)                   0.000     0.000    system_clk_module_inst/inst/clk_in1_p
    R4                   IBUFDS (Prop_ibufds_I_O)     0.804     0.804 r  system_clk_module_inst/inst/clkin1_ibufgds/O
                         net (fo=1, routed)           3.050     3.854    system_clk_module_inst/inst/clk_in1_system_clk_module
    MMCME2_ADV_X0Y2      MMCME2_ADV (Prop_mmcme2_adv_CLKIN1_CLKOUT0)
                                                     -6.451    -2.597 r  system_clk_module_inst/inst/mmcm_adv_inst/CLKOUT0
                         net (fo=1, routed)           1.488    -1.110    system_clk_module_inst/inst/sys_clk_system_clk_module
    BUFGCTRL_X0Y1        BUFG (Prop_bufg_I_O)         0.077    -1.033 r  system_clk_module_inst/inst/clkout1_buf/O
                         net (fo=11069, routed)       1.293     0.260    udp_event_sensor_tx_inst/u_out_meta_fifo/gnuram_async_fifo.xpm_fifo_base_inst/gen_cdc_pntr.wr_pntr_cdc_inst/src_clk
    SLICE_X106Y185       FDRE                                         r  udp_event_sensor_tx_inst/u_out_meta_fifo/gnuram_async_fifo.xpm_fifo_base_inst/gen_cdc_pntr.wr_pntr_cdc_inst/src_gray_ff_reg[4]/C
  -------------------------------------------------------------------    -------------------
    SLICE_X106Y185       FDRE (Prop_fdre_C_Q)         0.304     0.564 r  udp_event_sensor_tx_inst/u_out_meta_fifo/gnuram_async_fifo.xpm_fifo_base_inst/gen_cdc_pntr.wr_pntr_cdc_inst/src_gray_ff_reg[4]/Q
                         net (fo=1, routed)           0.290     0.854    udp_event_sensor_tx_inst/u_out_meta_fifo/gnuram_async_fifo.xpm_fifo_base_inst/gen_cdc_pntr.wr_pntr_cdc_inst/async_path[4]
    SLICE_X106Y186       FDRE                                         r  udp_event_sensor_tx_inst/u_out_meta_fifo/gnuram_async_fifo.xpm_fifo_base_inst/gen_cdc_pntr.wr_pntr_cdc_inst/dest_graysync_ff_reg[0][4]/D
  -------------------------------------------------------------------    -------------------

                         (clock clk_125M_system_clk_module rise edge)
                                                      0.000     0.000 r  
    R4                                                0.000     0.000 r  sys_clk_p (IN)
                         net (fo=0)                   0.000     0.000    system_clk_module_inst/inst/clk_in1_p
    R4                   IBUFDS (Prop_ibufds_I_O)     0.842     0.842 r  system_clk_module_inst/inst/clkin1_ibufgds/O
                         net (fo=1, routed)           3.576     4.418    system_clk_module_inst/inst/clk_in1_system_clk_module
    MMCME2_ADV_X0Y2      MMCME2_ADV (Prop_mmcme2_adv_CLKIN1_CLKOUT3)
                                                     -6.325    -1.907 r  system_clk_module_inst/inst/mmcm_adv_inst/CLKOUT3
                         net (fo=1, routed)           1.559    -0.348    system_clk_module_inst/inst/clk_125M_system_clk_module
    BUFGCTRL_X0Y4        BUFG (Prop_bufg_I_O)         0.081    -0.267 r  system_clk_module_inst/inst/clkout4_buf/O
                         net (fo=624, routed)         1.403     1.136    udp_event_sensor_tx_inst/u_out_meta_fifo/gnuram_async_fifo.xpm_fifo_base_inst/gen_cdc_pntr.wr_pntr_cdc_inst/dest_clk
    SLICE_X106Y186       FDRE                                         r  udp_event_sensor_tx_inst/u_out_meta_fifo/gnuram_async_fifo.xpm_fifo_base_inst/gen_cdc_pntr.wr_pntr_cdc_inst/dest_graysync_ff_reg[0][4]/C
                         clock pessimism             -0.691     0.446    
    SLICE_X106Y186       FDRE (Hold_fdre_C_D)         0.138     0.584    udp_event_sensor_tx_inst/u_out_meta_fifo/gnuram_async_fifo.xpm_fifo_base_inst/gen_cdc_pntr.wr_pntr_cdc_inst/dest_graysync_ff_reg[0][4]
  -------------------------------------------------------------------
                         data arrival                           0.854    
                         clock arrival                          0.584    
  -------------------------------------------------------------------
                         relative delay                         0.271    



Id: 7
set_bus_skew -from [get_cells [list {udp_event_sensor_tx_inst/u_out_meta_fifo/gnuram_async_fifo.xpm_fifo_base_inst/gen_cdc_pntr.rd_pntr_cdc_inst/src_gray_ff_reg[0]} {udp_event_sensor_tx_inst/u_out_meta_fifo/gnuram_async_fifo.xpm_fifo_base_inst/gen_cdc_pntr.rd_pntr_cdc_inst/src_gray_ff_reg[1]} {udp_event_sensor_tx_inst/u_out_meta_fifo/gnuram_async_fifo.xpm_fifo_base_inst/gen_cdc_pntr.rd_pntr_cdc_inst/src_gray_ff_reg[2]} {udp_event_sensor_tx_inst/u_out_meta_fifo/gnuram_async_fifo.xpm_fifo_base_inst/gen_cdc_pntr.rd_pntr_cdc_inst/src_gray_ff_reg[3]} {udp_event_sensor_tx_inst/u_out_meta_fifo/gnuram_async_fifo.xpm_fifo_base_inst/gen_cdc_pntr.rd_pntr_cdc_inst/src_gray_ff_reg[4]} {udp_event_sensor_tx_inst/u_out_meta_fifo/gnuram_async_fifo.xpm_fifo_base_inst/gen_cdc_pntr.rd_pntr_cdc_inst/src_gray_ff_reg[5]}]] -to [get_cells [list {udp_event_sensor_tx_inst/u_out_meta_fifo/gnuram_async_fifo.xpm_fifo_base_inst/gen_cdc_pntr.rd_pntr_cdc_inst/dest_graysync_ff_reg[0][0]} {udp_event_sensor_tx_inst/u_out_meta_fifo/gnuram_async_fifo.xpm_fifo_base_inst/gen_cdc_pntr.rd_pntr_cdc_inst/dest_graysync_ff_reg[0][1]} {udp_event_sensor_tx_inst/u_out_meta_fifo/gnuram_async_fifo.xpm_fifo_base_inst/gen_cdc_pntr.rd_pntr_cdc_inst/dest_graysync_ff_reg[0][2]} {udp_event_sensor_tx_inst/u_out_meta_fifo/gnuram_async_fifo.xpm_fifo_base_inst/gen_cdc_pntr.rd_pntr_cdc_inst/dest_graysync_ff_reg[0][3]} {udp_event_sensor_tx_inst/u_out_meta_fifo/gnuram_async_fifo.xpm_fifo_base_inst/gen_cdc_pntr.rd_pntr_cdc_inst/dest_graysync_ff_reg[0][4]} {udp_event_sensor_tx_inst/u_out_meta_fifo/gnuram_async_fifo.xpm_fifo_base_inst/gen_cdc_pntr.rd_pntr_cdc_inst/dest_graysync_ff_reg[0][5]}]] 5.000
Requirement: 5.000ns
Endpoints: 6

From Clock            To Clock              Endpoint Pin                    Reference Pin                   Corner  Actual(ns)  Slack(ns)
--------------------  --------------------  ------------------------------  ------------------------------  ------  ----------  ---------
clk_125M_system_clk_module
                      sys_clk_system_clk_module
                                            udp_event_sensor_tx_inst/u_out_meta_fifo/gnuram_async_fifo.xpm_fifo_base_inst/gen_cdc_pntr.rd_pntr_cdc_inst/dest_graysync_ff_reg[0][1]/D
                                                                            udp_event_sensor_tx_inst/u_out_meta_fifo/gnuram_async_fifo.xpm_fifo_base_inst/gen_cdc_pntr.rd_pntr_cdc_inst/dest_graysync_ff_reg[0][4]/D
                                                                                                            Slow         0.858      4.142


Slack (MET) :             4.142ns  (requirement - actual skew)
  Endpoint Source:        udp_event_sensor_tx_inst/u_out_meta_fifo/gnuram_async_fifo.xpm_fifo_base_inst/gen_cdc_pntr.rd_pntr_cdc_inst/src_gray_ff_reg[1]/C
                            (rising edge-triggered cell FDRE clocked by clk_125M_system_clk_module)
  Endpoint Destination:   udp_event_sensor_tx_inst/u_out_meta_fifo/gnuram_async_fifo.xpm_fifo_base_inst/gen_cdc_pntr.rd_pntr_cdc_inst/dest_graysync_ff_reg[0][1]/D
                            (rising edge-triggered cell FDRE clocked by sys_clk_system_clk_module)
  Reference Source:       udp_event_sensor_tx_inst/u_out_meta_fifo/gnuram_async_fifo.xpm_fifo_base_inst/gen_cdc_pntr.rd_pntr_cdc_inst/src_gray_ff_reg[4]/C
                            (rising edge-triggered cell FDRE clocked by clk_125M_system_clk_module)
  Reference Destination:  udp_event_sensor_tx_inst/u_out_meta_fifo/gnuram_async_fifo.xpm_fifo_base_inst/gen_cdc_pntr.rd_pntr_cdc_inst/dest_graysync_ff_reg[0][4]/D
                            (rising edge-triggered cell FDRE clocked by sys_clk_system_clk_module)
  Path Type:              Bus Skew (Max at Slow Process Corner)
  Requirement:            5.000ns
  Endpoint Relative Delay:    1.141ns
  Reference Relative Delay:   0.169ns
  Relative CRPR:              0.299ns
  Uncertainty:                0.184ns
  Actual Bus Skew:            0.858ns  (Endpoint Relative Delay - Reference Relative Delay - Relative CRPR + Uncertainty)

Endpoint path:
    Location             Delay type                Incr(ns)  Path(ns)    Netlist Resource(s)
  -------------------------------------------------------------------    -------------------
                         (clock clk_125M_system_clk_module rise edge)
                                                      0.000     0.000 r  
    R4                                                0.000     0.000 r  sys_clk_p (IN)
                         net (fo=0)                   0.000     0.000    system_clk_module_inst/inst/clk_in1_p
    R4                   IBUFDS (Prop_ibufds_I_O)     0.842     0.842 r  system_clk_module_inst/inst/clkin1_ibufgds/O
                         net (fo=1, routed)           3.576     4.418    system_clk_module_inst/inst/clk_in1_system_clk_module
    MMCME2_ADV_X0Y2      MMCME2_ADV (Prop_mmcme2_adv_CLKIN1_CLKOUT3)
                                                     -6.325    -1.907 r  system_clk_module_inst/inst/mmcm_adv_inst/CLKOUT3
                         net (fo=1, routed)           1.559    -0.348    system_clk_module_inst/inst/clk_125M_system_clk_module
    BUFGCTRL_X0Y4        BUFG (Prop_bufg_I_O)         0.081    -0.267 r  system_clk_module_inst/inst/clkout4_buf/O
                         net (fo=624, routed)         1.400     1.133    udp_event_sensor_tx_inst/u_out_meta_fifo/gnuram_async_fifo.xpm_fifo_base_inst/gen_cdc_pntr.rd_pntr_cdc_inst/src_clk
    SLICE_X105Y184       FDRE                                         r  udp_event_sensor_tx_inst/u_out_meta_fifo/gnuram_async_fifo.xpm_fifo_base_inst/gen_cdc_pntr.rd_pntr_cdc_inst/src_gray_ff_reg[1]/C
  -------------------------------------------------------------------    -------------------
    SLICE_X105Y184       FDRE (Prop_fdre_C_Q)         0.348     1.481 r  udp_event_sensor_tx_inst/u_out_meta_fifo/gnuram_async_fifo.xpm_fifo_base_inst/gen_cdc_pntr.rd_pntr_cdc_inst/src_gray_ff_reg[1]/Q
                         net (fo=1, routed)           0.438     1.919    udp_event_sensor_tx_inst/u_out_meta_fifo/gnuram_async_fifo.xpm_fifo_base_inst/gen_cdc_pntr.rd_pntr_cdc_inst/async_path[1]
    SLICE_X102Y184       FDRE                                         r  udp_event_sensor_tx_inst/u_out_meta_fifo/gnuram_async_fifo.xpm_fifo_base_inst/gen_cdc_pntr.rd_pntr_cdc_inst/dest_graysync_ff_reg[0][1]/D
  -------------------------------------------------------------------    -------------------

                         (clock sys_clk_system_clk_module rise edge)
                                                      0.000     0.000 r  
    R4                                                0.000     0.000 r  sys_clk_p (IN)
                         net (fo=0)                   0.000     0.000    system_clk_module_inst/inst/clk_in1_p
    R4                   IBUFDS (Prop_ibufds_I_O)     0.804     0.804 r  system_clk_module_inst/inst/clkin1_ibufgds/O
                         net (fo=1, routed)           3.050     3.854    system_clk_module_inst/inst/clk_in1_system_clk_module
    MMCME2_ADV_X0Y2      MMCME2_ADV (Prop_mmcme2_adv_CLKIN1_CLKOUT0)
                                                     -6.451    -2.597 r  system_clk_module_inst/inst/mmcm_adv_inst/CLKOUT0
                         net (fo=1, routed)           1.488    -1.110    system_clk_module_inst/inst/sys_clk_system_clk_module
    BUFGCTRL_X0Y1        BUFG (Prop_bufg_I_O)         0.077    -1.033 r  system_clk_module_inst/inst/clkout1_buf/O
                         net (fo=11069, routed)       1.286     0.253    udp_event_sensor_tx_inst/u_out_meta_fifo/gnuram_async_fifo.xpm_fifo_base_inst/gen_cdc_pntr.rd_pntr_cdc_inst/dest_clk
    SLICE_X102Y184       FDRE                                         r  udp_event_sensor_tx_inst/u_out_meta_fifo/gnuram_async_fifo.xpm_fifo_base_inst/gen_cdc_pntr.rd_pntr_cdc_inst/dest_graysync_ff_reg[0][1]/C
                         clock pessimism              0.691     0.944    
    SLICE_X102Y184       FDRE (Setup_fdre_C_D)       -0.166     0.778    udp_event_sensor_tx_inst/u_out_meta_fifo/gnuram_async_fifo.xpm_fifo_base_inst/gen_cdc_pntr.rd_pntr_cdc_inst/dest_graysync_ff_reg[0][1]
  -------------------------------------------------------------------
                         data arrival                           1.919    
                         clock arrival                          0.778    
  -------------------------------------------------------------------
                         relative delay                         1.141    

Reference path:
    Location             Delay type                Incr(ns)  Path(ns)    Netlist Resource(s)
  -------------------------------------------------------------------    -------------------
                         (clock clk_125M_system_clk_module rise edge)
                                                      0.000     0.000 r  
    R4                                                0.000     0.000 r  sys_clk_p (IN)
                         net (fo=0)                   0.000     0.000    system_clk_module_inst/inst/clk_in1_p
    R4                   IBUFDS (Prop_ibufds_I_O)     0.804     0.804 r  system_clk_module_inst/inst/clkin1_ibufgds/O
                         net (fo=1, routed)           3.050     3.854    system_clk_module_inst/inst/clk_in1_system_clk_module
    MMCME2_ADV_X0Y2      MMCME2_ADV (Prop_mmcme2_adv_CLKIN1_CLKOUT3)
                                                     -6.451    -2.597 r  system_clk_module_inst/inst/mmcm_adv_inst/CLKOUT3
                         net (fo=1, routed)           1.488    -1.110    system_clk_module_inst/inst/clk_125M_system_clk_module
    BUFGCTRL_X0Y4        BUFG (Prop_bufg_I_O)         0.077    -1.033 r  system_clk_module_inst/inst/clkout4_buf/O
                         net (fo=624, routed)         1.287     0.254    udp_event_sensor_tx_inst/u_out_meta_fifo/gnuram_async_fifo.xpm_fifo_base_inst/gen_cdc_pntr.rd_pntr_cdc_inst/src_clk
    SLICE_X103Y185       FDRE                                         r  udp_event_sensor_tx_inst/u_out_meta_fifo/gnuram_async_fifo.xpm_fifo_base_inst/gen_cdc_pntr.rd_pntr_cdc_inst/src_gray_ff_reg[4]/C
  -------------------------------------------------------------------    -------------------
    SLICE_X103Y185       FDRE (Prop_fdre_C_Q)         0.304     0.558 r  udp_event_sensor_tx_inst/u_out_meta_fifo/gnuram_async_fifo.xpm_fifo_base_inst/gen_cdc_pntr.rd_pntr_cdc_inst/src_gray_ff_reg[4]/Q
                         net (fo=1, routed)           0.189     0.747    udp_event_sensor_tx_inst/u_out_meta_fifo/gnuram_async_fifo.xpm_fifo_base_inst/gen_cdc_pntr.rd_pntr_cdc_inst/async_path[4]
    SLICE_X103Y186       FDRE                                         r  udp_event_sensor_tx_inst/u_out_meta_fifo/gnuram_async_fifo.xpm_fifo_base_inst/gen_cdc_pntr.rd_pntr_cdc_inst/dest_graysync_ff_reg[0][4]/D
  -------------------------------------------------------------------    -------------------

                         (clock sys_clk_system_clk_module rise edge)
                                                      0.000     0.000 r  
    R4                                                0.000     0.000 r  sys_clk_p (IN)
                         net (fo=0)                   0.000     0.000    system_clk_module_inst/inst/clk_in1_p
    R4                   IBUFDS (Prop_ibufds_I_O)     0.842     0.842 r  system_clk_module_inst/inst/clkin1_ibufgds/O
                         net (fo=1, routed)           3.576     4.418    system_clk_module_inst/inst/clk_in1_system_clk_module
    MMCME2_ADV_X0Y2      MMCME2_ADV (Prop_mmcme2_adv_CLKIN1_CLKOUT0)
                                                     -6.325    -1.907 r  system_clk_module_inst/inst/mmcm_adv_inst/CLKOUT0
                         net (fo=1, routed)           1.559    -0.348    system_clk_module_inst/inst/sys_clk_system_clk_module
    BUFGCTRL_X0Y1        BUFG (Prop_bufg_I_O)         0.081    -0.267 r  system_clk_module_inst/inst/clkout1_buf/O
                         net (fo=11069, routed)       1.397     1.130    udp_event_sensor_tx_inst/u_out_meta_fifo/gnuram_async_fifo.xpm_fifo_base_inst/gen_cdc_pntr.rd_pntr_cdc_inst/dest_clk
    SLICE_X103Y186       FDRE                                         r  udp_event_sensor_tx_inst/u_out_meta_fifo/gnuram_async_fifo.xpm_fifo_base_inst/gen_cdc_pntr.rd_pntr_cdc_inst/dest_graysync_ff_reg[0][4]/C
                         clock pessimism             -0.691     0.440    
    SLICE_X103Y186       FDRE (Hold_fdre_C_D)         0.138     0.578    udp_event_sensor_tx_inst/u_out_meta_fifo/gnuram_async_fifo.xpm_fifo_base_inst/gen_cdc_pntr.rd_pntr_cdc_inst/dest_graysync_ff_reg[0][4]
  -------------------------------------------------------------------
                         data arrival                           0.747    
                         clock arrival                          0.578    
  -------------------------------------------------------------------
                         relative delay                         0.169    



Id: 8
set_bus_skew -from [get_cells [list {udp_event_sensor_tx_inst/u_out_len_fifo/gnuram_async_fifo.xpm_fifo_base_inst/gen_cdc_pntr.wr_pntr_cdc_inst/src_gray_ff_reg[0]} {udp_event_sensor_tx_inst/u_out_len_fifo/gnuram_async_fifo.xpm_fifo_base_inst/gen_cdc_pntr.wr_pntr_cdc_inst/src_gray_ff_reg[1]} {udp_event_sensor_tx_inst/u_out_len_fifo/gnuram_async_fifo.xpm_fifo_base_inst/gen_cdc_pntr.wr_pntr_cdc_inst/src_gray_ff_reg[2]} {udp_event_sensor_tx_inst/u_out_len_fifo/gnuram_async_fifo.xpm_fifo_base_inst/gen_cdc_pntr.wr_pntr_cdc_inst/src_gray_ff_reg[3]} {udp_event_sensor_tx_inst/u_out_len_fifo/gnuram_async_fifo.xpm_fifo_base_inst/gen_cdc_pntr.wr_pntr_cdc_inst/src_gray_ff_reg[4]} {udp_event_sensor_tx_inst/u_out_len_fifo/gnuram_async_fifo.xpm_fifo_base_inst/gen_cdc_pntr.wr_pntr_cdc_inst/src_gray_ff_reg[5]}]] -to [get_cells [list {udp_event_sensor_tx_inst/u_out_len_fifo/gnuram_async_fifo.xpm_fifo_base_inst/gen_cdc_pntr.wr_pntr_cdc_inst/dest_graysync_ff_reg[0][0]} {udp_event_sensor_tx_inst/u_out_len_fifo/gnuram_async_fifo.xpm_fifo_base_inst/gen_cdc_pntr.wr_pntr_cdc_inst/dest_graysync_ff_reg[0][1]} {udp_event_sensor_tx_inst/u_out_len_fifo/gnuram_async_fifo.xpm_fifo_base_inst/gen_cdc_pntr.wr_pntr_cdc_inst/dest_graysync_ff_reg[0][2]} {udp_event_sensor_tx_inst/u_out_len_fifo/gnuram_async_fifo.xpm_fifo_base_inst/gen_cdc_pntr.wr_pntr_cdc_inst/dest_graysync_ff_reg[0][3]} {udp_event_sensor_tx_inst/u_out_len_fifo/gnuram_async_fifo.xpm_fifo_base_inst/gen_cdc_pntr.wr_pntr_cdc_inst/dest_graysync_ff_reg[0][4]} {udp_event_sensor_tx_inst/u_out_len_fifo/gnuram_async_fifo.xpm_fifo_base_inst/gen_cdc_pntr.wr_pntr_cdc_inst/dest_graysync_ff_reg[0][5]}]] 5.000
Requirement: 5.000ns
Endpoints: 6

From Clock            To Clock              Endpoint Pin                    Reference Pin                   Corner  Actual(ns)  Slack(ns)
--------------------  --------------------  ------------------------------  ------------------------------  ------  ----------  ---------
sys_clk_system_clk_module
                      clk_125M_system_clk_module
                                            udp_event_sensor_tx_inst/u_out_len_fifo/gnuram_async_fifo.xpm_fifo_base_inst/gen_cdc_pntr.wr_pntr_cdc_inst/dest_graysync_ff_reg[0][5]/D
                                                                            udp_event_sensor_tx_inst/u_out_len_fifo/gnuram_async_fifo.xpm_fifo_base_inst/gen_cdc_pntr.wr_pntr_cdc_inst/dest_graysync_ff_reg[0][2]/D
                                                                                                            Slow         0.784      4.216


Slack (MET) :             4.216ns  (requirement - actual skew)
  Endpoint Source:        udp_event_sensor_tx_inst/u_out_len_fifo/gnuram_async_fifo.xpm_fifo_base_inst/gen_cdc_pntr.wr_pntr_cdc_inst/src_gray_ff_reg[5]/C
                            (rising edge-triggered cell FDRE clocked by sys_clk_system_clk_module)
  Endpoint Destination:   udp_event_sensor_tx_inst/u_out_len_fifo/gnuram_async_fifo.xpm_fifo_base_inst/gen_cdc_pntr.wr_pntr_cdc_inst/dest_graysync_ff_reg[0][5]/D
                            (rising edge-triggered cell FDRE clocked by clk_125M_system_clk_module)
  Reference Source:       udp_event_sensor_tx_inst/u_out_len_fifo/gnuram_async_fifo.xpm_fifo_base_inst/gen_cdc_pntr.wr_pntr_cdc_inst/src_gray_ff_reg[2]/C
                            (rising edge-triggered cell FDRE clocked by sys_clk_system_clk_module)
  Reference Destination:  udp_event_sensor_tx_inst/u_out_len_fifo/gnuram_async_fifo.xpm_fifo_base_inst/gen_cdc_pntr.wr_pntr_cdc_inst/dest_graysync_ff_reg[0][2]/D
                            (rising edge-triggered cell FDRE clocked by clk_125M_system_clk_module)
  Path Type:              Bus Skew (Max at Slow Process Corner)
  Requirement:            5.000ns
  Endpoint Relative Delay:    1.148ns
  Reference Relative Delay:   0.208ns
  Relative CRPR:              0.340ns
  Uncertainty:                0.184ns
  Actual Bus Skew:            0.784ns  (Endpoint Relative Delay - Reference Relative Delay - Relative CRPR + Uncertainty)

Endpoint path:
    Location             Delay type                Incr(ns)  Path(ns)    Netlist Resource(s)
  -------------------------------------------------------------------    -------------------
                         (clock sys_clk_system_clk_module rise edge)
                                                      0.000     0.000 r  
    R4                                                0.000     0.000 r  sys_clk_p (IN)
                         net (fo=0)                   0.000     0.000    system_clk_module_inst/inst/clk_in1_p
    R4                   IBUFDS (Prop_ibufds_I_O)     0.842     0.842 r  system_clk_module_inst/inst/clkin1_ibufgds/O
                         net (fo=1, routed)           3.576     4.418    system_clk_module_inst/inst/clk_in1_system_clk_module
    MMCME2_ADV_X0Y2      MMCME2_ADV (Prop_mmcme2_adv_CLKIN1_CLKOUT0)
                                                     -6.325    -1.907 r  system_clk_module_inst/inst/mmcm_adv_inst/CLKOUT0
                         net (fo=1, routed)           1.559    -0.348    system_clk_module_inst/inst/sys_clk_system_clk_module
    BUFGCTRL_X0Y1        BUFG (Prop_bufg_I_O)         0.081    -0.267 r  system_clk_module_inst/inst/clkout1_buf/O
                         net (fo=11069, routed)       1.575     1.308    udp_event_sensor_tx_inst/u_out_len_fifo/gnuram_async_fifo.xpm_fifo_base_inst/gen_cdc_pntr.wr_pntr_cdc_inst/src_clk
    SLICE_X120Y221       FDRE                                         r  udp_event_sensor_tx_inst/u_out_len_fifo/gnuram_async_fifo.xpm_fifo_base_inst/gen_cdc_pntr.wr_pntr_cdc_inst/src_gray_ff_reg[5]/C
  -------------------------------------------------------------------    -------------------
    SLICE_X120Y221       FDRE (Prop_fdre_C_Q)         0.398     1.706 r  udp_event_sensor_tx_inst/u_out_len_fifo/gnuram_async_fifo.xpm_fifo_base_inst/gen_cdc_pntr.wr_pntr_cdc_inst/src_gray_ff_reg[5]/Q
                         net (fo=1, routed)           0.393     2.099    udp_event_sensor_tx_inst/u_out_len_fifo/gnuram_async_fifo.xpm_fifo_base_inst/gen_cdc_pntr.wr_pntr_cdc_inst/async_path[5]
    SLICE_X119Y222       FDRE                                         r  udp_event_sensor_tx_inst/u_out_len_fifo/gnuram_async_fifo.xpm_fifo_base_inst/gen_cdc_pntr.wr_pntr_cdc_inst/dest_graysync_ff_reg[0][5]/D
  -------------------------------------------------------------------    -------------------

                         (clock clk_125M_system_clk_module rise edge)
                                                      0.000     0.000 r  
    R4                                                0.000     0.000 r  sys_clk_p (IN)
                         net (fo=0)                   0.000     0.000    system_clk_module_inst/inst/clk_in1_p
    R4                   IBUFDS (Prop_ibufds_I_O)     0.804     0.804 r  system_clk_module_inst/inst/clkin1_ibufgds/O
                         net (fo=1, routed)           3.050     3.854    system_clk_module_inst/inst/clk_in1_system_clk_module
    MMCME2_ADV_X0Y2      MMCME2_ADV (Prop_mmcme2_adv_CLKIN1_CLKOUT3)
                                                     -6.451    -2.597 r  system_clk_module_inst/inst/mmcm_adv_inst/CLKOUT3
                         net (fo=1, routed)           1.488    -1.110    system_clk_module_inst/inst/clk_125M_system_clk_module
    BUFGCTRL_X0Y4        BUFG (Prop_bufg_I_O)         0.077    -1.033 r  system_clk_module_inst/inst/clkout4_buf/O
                         net (fo=624, routed)         1.460     0.427    udp_event_sensor_tx_inst/u_out_len_fifo/gnuram_async_fifo.xpm_fifo_base_inst/gen_cdc_pntr.wr_pntr_cdc_inst/dest_clk
    SLICE_X119Y222       FDRE                                         r  udp_event_sensor_tx_inst/u_out_len_fifo/gnuram_async_fifo.xpm_fifo_base_inst/gen_cdc_pntr.wr_pntr_cdc_inst/dest_graysync_ff_reg[0][5]/C
                         clock pessimism              0.691     1.118    
    SLICE_X119Y222       FDRE (Setup_fdre_C_D)       -0.166     0.952    udp_event_sensor_tx_inst/u_out_len_fifo/gnuram_async_fifo.xpm_fifo_base_inst/gen_cdc_pntr.wr_pntr_cdc_inst/dest_graysync_ff_reg[0][5]
  -------------------------------------------------------------------
                         data arrival                           2.099    
                         clock arrival                          0.952    
  -------------------------------------------------------------------
                         relative delay                         1.148    

Reference path:
    Location             Delay type                Incr(ns)  Path(ns)    Netlist Resource(s)
  -------------------------------------------------------------------    -------------------
                         (clock sys_clk_system_clk_module rise edge)
                                                      0.000     0.000 r  
    R4                                                0.000     0.000 r  sys_clk_p (IN)
                         net (fo=0)                   0.000     0.000    system_clk_module_inst/inst/clk_in1_p
    R4                   IBUFDS (Prop_ibufds_I_O)     0.804     0.804 r  system_clk_module_inst/inst/clkin1_ibufgds/O
                         net (fo=1, routed)           3.050     3.854    system_clk_module_inst/inst/clk_in1_system_clk_module
    MMCME2_ADV_X0Y2      MMCME2_ADV (Prop_mmcme2_adv_CLKIN1_CLKOUT0)
                                                     -6.451    -2.597 r  system_clk_module_inst/inst/mmcm_adv_inst/CLKOUT0
                         net (fo=1, routed)           1.488    -1.110    system_clk_module_inst/inst/sys_clk_system_clk_module
    BUFGCTRL_X0Y1        BUFG (Prop_bufg_I_O)         0.077    -1.033 r  system_clk_module_inst/inst/clkout1_buf/O
                         net (fo=11069, routed)       1.460     0.427    udp_event_sensor_tx_inst/u_out_len_fifo/gnuram_async_fifo.xpm_fifo_base_inst/gen_cdc_pntr.wr_pntr_cdc_inst/src_clk
    SLICE_X120Y221       FDRE                                         r  udp_event_sensor_tx_inst/u_out_len_fifo/gnuram_async_fifo.xpm_fifo_base_inst/gen_cdc_pntr.wr_pntr_cdc_inst/src_gray_ff_reg[2]/C
  -------------------------------------------------------------------    -------------------
    SLICE_X120Y221       FDRE (Prop_fdre_C_Q)         0.347     0.774 r  udp_event_sensor_tx_inst/u_out_len_fifo/gnuram_async_fifo.xpm_fifo_base_inst/gen_cdc_pntr.wr_pntr_cdc_inst/src_gray_ff_reg[2]/Q
                         net (fo=1, routed)           0.189     0.962    udp_event_sensor_tx_inst/u_out_len_fifo/gnuram_async_fifo.xpm_fifo_base_inst/gen_cdc_pntr.wr_pntr_cdc_inst/async_path[2]
    SLICE_X121Y222       FDRE                                         r  udp_event_sensor_tx_inst/u_out_len_fifo/gnuram_async_fifo.xpm_fifo_base_inst/gen_cdc_pntr.wr_pntr_cdc_inst/dest_graysync_ff_reg[0][2]/D
  -------------------------------------------------------------------    -------------------

                         (clock clk_125M_system_clk_module rise edge)
                                                      0.000     0.000 r  
    R4                                                0.000     0.000 r  sys_clk_p (IN)
                         net (fo=0)                   0.000     0.000    system_clk_module_inst/inst/clk_in1_p
    R4                   IBUFDS (Prop_ibufds_I_O)     0.842     0.842 r  system_clk_module_inst/inst/clkin1_ibufgds/O
                         net (fo=1, routed)           3.576     4.418    system_clk_module_inst/inst/clk_in1_system_clk_module
    MMCME2_ADV_X0Y2      MMCME2_ADV (Prop_mmcme2_adv_CLKIN1_CLKOUT3)
                                                     -6.325    -1.907 r  system_clk_module_inst/inst/mmcm_adv_inst/CLKOUT3
                         net (fo=1, routed)           1.559    -0.348    system_clk_module_inst/inst/clk_125M_system_clk_module
    BUFGCTRL_X0Y4        BUFG (Prop_bufg_I_O)         0.081    -0.267 r  system_clk_module_inst/inst/clkout4_buf/O
                         net (fo=624, routed)         1.574     1.307    udp_event_sensor_tx_inst/u_out_len_fifo/gnuram_async_fifo.xpm_fifo_base_inst/gen_cdc_pntr.wr_pntr_cdc_inst/dest_clk
    SLICE_X121Y222       FDRE                                         r  udp_event_sensor_tx_inst/u_out_len_fifo/gnuram_async_fifo.xpm_fifo_base_inst/gen_cdc_pntr.wr_pntr_cdc_inst/dest_graysync_ff_reg[0][2]/C
                         clock pessimism             -0.691     0.616    
    SLICE_X121Y222       FDRE (Hold_fdre_C_D)         0.138     0.754    udp_event_sensor_tx_inst/u_out_len_fifo/gnuram_async_fifo.xpm_fifo_base_inst/gen_cdc_pntr.wr_pntr_cdc_inst/dest_graysync_ff_reg[0][2]
  -------------------------------------------------------------------
                         data arrival                           0.962    
                         clock arrival                          0.754    
  -------------------------------------------------------------------
                         relative delay                         0.208    



Id: 9
set_bus_skew -from [get_cells [list {adc_data_preprocess_inst/adc_data_sync_inst/u_adc2_fifo/gnuram_async_fifo.xpm_fifo_base_inst/gen_cdc_pntr.wr_pntr_cdc_inst/src_gray_ff_reg[0]} {adc_data_preprocess_inst/adc_data_sync_inst/u_adc2_fifo/gnuram_async_fifo.xpm_fifo_base_inst/gen_cdc_pntr.wr_pntr_cdc_inst/src_gray_ff_reg[1]} {adc_data_preprocess_inst/adc_data_sync_inst/u_adc2_fifo/gnuram_async_fifo.xpm_fifo_base_inst/gen_cdc_pntr.wr_pntr_cdc_inst/src_gray_ff_reg[2]} {adc_data_preprocess_inst/adc_data_sync_inst/u_adc2_fifo/gnuram_async_fifo.xpm_fifo_base_inst/gen_cdc_pntr.wr_pntr_cdc_inst/src_gray_ff_reg[3]} {adc_data_preprocess_inst/adc_data_sync_inst/u_adc2_fifo/gnuram_async_fifo.xpm_fifo_base_inst/gen_cdc_pntr.wr_pntr_cdc_inst/src_gray_ff_reg[4]} {adc_data_preprocess_inst/adc_data_sync_inst/u_adc2_fifo/gnuram_async_fifo.xpm_fifo_base_inst/gen_cdc_pntr.wr_pntr_cdc_inst/src_gray_ff_reg[5]}]] -to [get_cells [list {adc_data_preprocess_inst/adc_data_sync_inst/u_adc2_fifo/gnuram_async_fifo.xpm_fifo_base_inst/gen_cdc_pntr.wr_pntr_cdc_inst/dest_graysync_ff_reg[0][0]} {adc_data_preprocess_inst/adc_data_sync_inst/u_adc2_fifo/gnuram_async_fifo.xpm_fifo_base_inst/gen_cdc_pntr.wr_pntr_cdc_inst/dest_graysync_ff_reg[0][1]} {adc_data_preprocess_inst/adc_data_sync_inst/u_adc2_fifo/gnuram_async_fifo.xpm_fifo_base_inst/gen_cdc_pntr.wr_pntr_cdc_inst/dest_graysync_ff_reg[0][2]} {adc_data_preprocess_inst/adc_data_sync_inst/u_adc2_fifo/gnuram_async_fifo.xpm_fifo_base_inst/gen_cdc_pntr.wr_pntr_cdc_inst/dest_graysync_ff_reg[0][3]} {adc_data_preprocess_inst/adc_data_sync_inst/u_adc2_fifo/gnuram_async_fifo.xpm_fifo_base_inst/gen_cdc_pntr.wr_pntr_cdc_inst/dest_graysync_ff_reg[0][4]} {adc_data_preprocess_inst/adc_data_sync_inst/u_adc2_fifo/gnuram_async_fifo.xpm_fifo_base_inst/gen_cdc_pntr.wr_pntr_cdc_inst/dest_graysync_ff_reg[0][5]}]] 24.997
Requirement: 24.997ns
Endpoints: 6

From Clock            To Clock              Endpoint Pin                    Reference Pin                   Corner  Actual(ns)  Slack(ns)
--------------------  --------------------  ------------------------------  ------------------------------  ------  ----------  ---------
adc_divclk_adc_dclk_in_1
                      adc_clk_system_clk_module
                                            adc_data_preprocess_inst/adc_data_sync_inst/u_adc2_fifo/gnuram_async_fifo.xpm_fifo_base_inst/gen_cdc_pntr.wr_pntr_cdc_inst/dest_graysync_ff_reg[0][5]/D
                                                                            adc_data_preprocess_inst/adc_data_sync_inst/u_adc2_fifo/gnuram_async_fifo.xpm_fifo_base_inst/gen_cdc_pntr.wr_pntr_cdc_inst/dest_graysync_ff_reg[0][0]/D
                                                                                                            Slow         0.931     24.066


Slack (MET) :             24.066ns  (requirement - actual skew)
  Endpoint Source:        adc_data_preprocess_inst/adc_data_sync_inst/u_adc2_fifo/gnuram_async_fifo.xpm_fifo_base_inst/gen_cdc_pntr.wr_pntr_cdc_inst/src_gray_ff_reg[5]/C
                            (rising edge-triggered cell FDRE clocked by adc_divclk_adc_dclk_in_1)
  Endpoint Destination:   adc_data_preprocess_inst/adc_data_sync_inst/u_adc2_fifo/gnuram_async_fifo.xpm_fifo_base_inst/gen_cdc_pntr.wr_pntr_cdc_inst/dest_graysync_ff_reg[0][5]/D
                            (rising edge-triggered cell FDRE clocked by adc_clk_system_clk_module)
  Reference Source:       adc_data_preprocess_inst/adc_data_sync_inst/u_adc2_fifo/gnuram_async_fifo.xpm_fifo_base_inst/gen_cdc_pntr.wr_pntr_cdc_inst/src_gray_ff_reg[0]/C
                            (rising edge-triggered cell FDRE clocked by adc_divclk_adc_dclk_in_1)
  Reference Destination:  adc_data_preprocess_inst/adc_data_sync_inst/u_adc2_fifo/gnuram_async_fifo.xpm_fifo_base_inst/gen_cdc_pntr.wr_pntr_cdc_inst/dest_graysync_ff_reg[0][0]/D
                            (rising edge-triggered cell FDRE clocked by adc_clk_system_clk_module)
  Path Type:              Bus Skew (Max at Slow Process Corner)
  Requirement:            24.997ns
  Endpoint Relative Delay:   -0.665ns
  Reference Relative Delay:  -2.601ns
  Relative CRPR:              1.252ns
  Uncertainty:                0.248ns
  Actual Bus Skew:            0.931ns  (Endpoint Relative Delay - Reference Relative Delay - Relative CRPR + Uncertainty)

Endpoint path:
    Location             Delay type                Incr(ns)  Path(ns)    Netlist Resource(s)
  -------------------------------------------------------------------    -------------------
                         (clock adc_divclk_adc_dclk_in_1 rise edge)
                                                      0.000     0.000 r  
    C18                                               0.000     0.000 r  adc2_dclk_p (IN)
                         net (fo=0)                   0.000     0.000    adc_data_preprocess_inst/get_adc_data_inst2/adc_dclk_in_inst/inst/clk_in1_p
    C18                  IBUFDS (Prop_ibufds_I_O)     0.879     0.879 r  adc_data_preprocess_inst/get_adc_data_inst2/adc_dclk_in_inst/inst/clkin1_ibufgds/O
                         net (fo=1, routed)           1.065     1.944    adc_data_preprocess_inst/get_adc_data_inst2/adc_dclk_in_inst/inst/clk_in1_adc_dclk_in
    MMCME2_ADV_X0Y4      MMCME2_ADV (Prop_mmcme2_adv_CLKIN1_CLKOUT1)
                                                     -6.847    -4.903 r  adc_data_preprocess_inst/get_adc_data_inst2/adc_dclk_in_inst/inst/mmcm_adv_inst/CLKOUT1
                         net (fo=1, routed)           2.061    -2.842    adc_data_preprocess_inst/get_adc_data_inst2/adc_dclk_in_inst/inst/adc_divclk_adc_dclk_in
    BUFGCTRL_X0Y17       BUFG (Prop_bufg_I_O)         0.081    -2.761 r  adc_data_preprocess_inst/get_adc_data_inst2/adc_dclk_in_inst/inst/clkout2_buf/O
                         net (fo=24447, routed)       1.566    -1.195    adc_data_preprocess_inst/adc_data_sync_inst/u_adc2_fifo/gnuram_async_fifo.xpm_fifo_base_inst/gen_cdc_pntr.wr_pntr_cdc_inst/src_clk
    SLICE_X46Y241        FDRE                                         r  adc_data_preprocess_inst/adc_data_sync_inst/u_adc2_fifo/gnuram_async_fifo.xpm_fifo_base_inst/gen_cdc_pntr.wr_pntr_cdc_inst/src_gray_ff_reg[5]/C
  -------------------------------------------------------------------    -------------------
    SLICE_X46Y241        FDRE (Prop_fdre_C_Q)         0.433    -0.762 r  adc_data_preprocess_inst/adc_data_sync_inst/u_adc2_fifo/gnuram_async_fifo.xpm_fifo_base_inst/gen_cdc_pntr.wr_pntr_cdc_inst/src_gray_ff_reg[5]/Q
                         net (fo=1, routed)           0.444    -0.318    adc_data_preprocess_inst/adc_data_sync_inst/u_adc2_fifo/gnuram_async_fifo.xpm_fifo_base_inst/gen_cdc_pntr.wr_pntr_cdc_inst/async_path[5]
    SLICE_X49Y242        FDRE                                         r  adc_data_preprocess_inst/adc_data_sync_inst/u_adc2_fifo/gnuram_async_fifo.xpm_fifo_base_inst/gen_cdc_pntr.wr_pntr_cdc_inst/dest_graysync_ff_reg[0][5]/D
  -------------------------------------------------------------------    -------------------

                         (clock adc_clk_system_clk_module rise edge)
                                                      0.000     0.000 r  
    R4                                                0.000     0.000 r  sys_clk_p (IN)
                         net (fo=0)                   0.000     0.000    system_clk_module_inst/inst/clk_in1_p
    R4                   IBUFDS (Prop_ibufds_I_O)     0.804     0.804 r  system_clk_module_inst/inst/clkin1_ibufgds/O
                         net (fo=1, routed)           3.050     3.854    system_clk_module_inst/inst/clk_in1_system_clk_module
    MMCME2_ADV_X0Y2      MMCME2_ADV (Prop_mmcme2_adv_CLKIN1_CLKOUT1)
                                                     -6.451    -2.597 r  system_clk_module_inst/inst/mmcm_adv_inst/CLKOUT1
                         net (fo=1, routed)           1.488    -1.110    system_clk_module_inst/inst/adc_clk_system_clk_module
    BUFGCTRL_X0Y2        BUFG (Prop_bufg_I_O)         0.077    -1.033 r  system_clk_module_inst/inst/clkout2_buf/O
                         net (fo=1851, routed)        1.453     0.420    adc_data_preprocess_inst/adc_data_sync_inst/u_adc2_fifo/gnuram_async_fifo.xpm_fifo_base_inst/gen_cdc_pntr.wr_pntr_cdc_inst/dest_clk
    SLICE_X49Y242        FDRE                                         r  adc_data_preprocess_inst/adc_data_sync_inst/u_adc2_fifo/gnuram_async_fifo.xpm_fifo_base_inst/gen_cdc_pntr.wr_pntr_cdc_inst/dest_graysync_ff_reg[0][5]/C
                         clock pessimism              0.000     0.420    
    SLICE_X49Y242        FDRE (Setup_fdre_C_D)       -0.073     0.347    adc_data_preprocess_inst/adc_data_sync_inst/u_adc2_fifo/gnuram_async_fifo.xpm_fifo_base_inst/gen_cdc_pntr.wr_pntr_cdc_inst/dest_graysync_ff_reg[0][5]
  -------------------------------------------------------------------
                         data arrival                          -0.318    
                         clock arrival                          0.347    
  -------------------------------------------------------------------
                         relative delay                        -0.665    

Reference path:
    Location             Delay type                Incr(ns)  Path(ns)    Netlist Resource(s)
  -------------------------------------------------------------------    -------------------
                         (clock adc_divclk_adc_dclk_in_1 rise edge)
                                                      0.000     0.000 r  
    C18                                               0.000     0.000 r  adc2_dclk_p (IN)
                         net (fo=0)                   0.000     0.000    adc_data_preprocess_inst/get_adc_data_inst2/adc_dclk_in_inst/inst/clk_in1_p
    C18                  IBUFDS (Prop_ibufds_I_O)     0.839     0.839 r  adc_data_preprocess_inst/get_adc_data_inst2/adc_dclk_in_inst/inst/clkin1_ibufgds/O
                         net (fo=1, routed)           1.004     1.843    adc_data_preprocess_inst/get_adc_data_inst2/adc_dclk_in_inst/inst/clk_in1_adc_dclk_in
    MMCME2_ADV_X0Y4      MMCME2_ADV (Prop_mmcme2_adv_CLKIN1_CLKOUT1)
                                                     -6.949    -5.106 r  adc_data_preprocess_inst/get_adc_data_inst2/adc_dclk_in_inst/inst/mmcm_adv_inst/CLKOUT1
                         net (fo=1, routed)           1.964    -3.142    adc_data_preprocess_inst/get_adc_data_inst2/adc_dclk_in_inst/inst/adc_divclk_adc_dclk_in
    BUFGCTRL_X0Y17       BUFG (Prop_bufg_I_O)         0.077    -3.065 r  adc_data_preprocess_inst/get_adc_data_inst2/adc_dclk_in_inst/inst/clkout2_buf/O
                         net (fo=24447, routed)       1.450    -1.615    adc_data_preprocess_inst/adc_data_sync_inst/u_adc2_fifo/gnuram_async_fifo.xpm_fifo_base_inst/gen_cdc_pntr.wr_pntr_cdc_inst/src_clk
    SLICE_X47Y241        FDRE                                         r  adc_data_preprocess_inst/adc_data_sync_inst/u_adc2_fifo/gnuram_async_fifo.xpm_fifo_base_inst/gen_cdc_pntr.wr_pntr_cdc_inst/src_gray_ff_reg[0]/C
  -------------------------------------------------------------------    -------------------
    SLICE_X47Y241        FDRE (Prop_fdre_C_Q)         0.304    -1.311 r  adc_data_preprocess_inst/adc_data_sync_inst/u_adc2_fifo/gnuram_async_fifo.xpm_fifo_base_inst/gen_cdc_pntr.wr_pntr_cdc_inst/src_gray_ff_reg[0]/Q
                         net (fo=1, routed)           0.200    -1.112    adc_data_preprocess_inst/adc_data_sync_inst/u_adc2_fifo/gnuram_async_fifo.xpm_fifo_base_inst/gen_cdc_pntr.wr_pntr_cdc_inst/async_path[0]
    SLICE_X48Y241        FDRE                                         r  adc_data_preprocess_inst/adc_data_sync_inst/u_adc2_fifo/gnuram_async_fifo.xpm_fifo_base_inst/gen_cdc_pntr.wr_pntr_cdc_inst/dest_graysync_ff_reg[0][0]/D
  -------------------------------------------------------------------    -------------------

                         (clock adc_clk_system_clk_module rise edge)
                                                      0.000     0.000 r  
    R4                                                0.000     0.000 r  sys_clk_p (IN)
                         net (fo=0)                   0.000     0.000    system_clk_module_inst/inst/clk_in1_p
    R4                   IBUFDS (Prop_ibufds_I_O)     0.842     0.842 r  system_clk_module_inst/inst/clkin1_ibufgds/O
                         net (fo=1, routed)           3.576     4.418    system_clk_module_inst/inst/clk_in1_system_clk_module
    MMCME2_ADV_X0Y2      MMCME2_ADV (Prop_mmcme2_adv_CLKIN1_CLKOUT1)
                                                     -6.325    -1.907 r  system_clk_module_inst/inst/mmcm_adv_inst/CLKOUT1
                         net (fo=1, routed)           1.559    -0.348    system_clk_module_inst/inst/adc_clk_system_clk_module
    BUFGCTRL_X0Y2        BUFG (Prop_bufg_I_O)         0.081    -0.267 r  system_clk_module_inst/inst/clkout2_buf/O
                         net (fo=1851, routed)        1.569     1.302    adc_data_preprocess_inst/adc_data_sync_inst/u_adc2_fifo/gnuram_async_fifo.xpm_fifo_base_inst/gen_cdc_pntr.wr_pntr_cdc_inst/dest_clk
    SLICE_X48Y241        FDRE                                         r  adc_data_preprocess_inst/adc_data_sync_inst/u_adc2_fifo/gnuram_async_fifo.xpm_fifo_base_inst/gen_cdc_pntr.wr_pntr_cdc_inst/dest_graysync_ff_reg[0][0]/C
                         clock pessimism              0.000     1.302    
    SLICE_X48Y241        FDRE (Hold_fdre_C_D)         0.187     1.489    adc_data_preprocess_inst/adc_data_sync_inst/u_adc2_fifo/gnuram_async_fifo.xpm_fifo_base_inst/gen_cdc_pntr.wr_pntr_cdc_inst/dest_graysync_ff_reg[0][0]
  -------------------------------------------------------------------
                         data arrival                          -1.112    
                         clock arrival                          1.489    
  -------------------------------------------------------------------
                         relative delay                        -2.601    



Id: 10
set_bus_skew -from [get_cells [list {adc_data_preprocess_inst/adc_data_sync_inst/u_adc2_fifo/gnuram_async_fifo.xpm_fifo_base_inst/gen_cdc_pntr.rd_pntr_cdc_inst/src_gray_ff_reg[0]} {adc_data_preprocess_inst/adc_data_sync_inst/u_adc2_fifo/gnuram_async_fifo.xpm_fifo_base_inst/gen_cdc_pntr.rd_pntr_cdc_inst/src_gray_ff_reg[1]} {adc_data_preprocess_inst/adc_data_sync_inst/u_adc2_fifo/gnuram_async_fifo.xpm_fifo_base_inst/gen_cdc_pntr.rd_pntr_cdc_inst/src_gray_ff_reg[2]} {adc_data_preprocess_inst/adc_data_sync_inst/u_adc2_fifo/gnuram_async_fifo.xpm_fifo_base_inst/gen_cdc_pntr.rd_pntr_cdc_inst/src_gray_ff_reg[3]} {adc_data_preprocess_inst/adc_data_sync_inst/u_adc2_fifo/gnuram_async_fifo.xpm_fifo_base_inst/gen_cdc_pntr.rd_pntr_cdc_inst/src_gray_ff_reg[4]} {adc_data_preprocess_inst/adc_data_sync_inst/u_adc2_fifo/gnuram_async_fifo.xpm_fifo_base_inst/gen_cdc_pntr.rd_pntr_cdc_inst/src_gray_ff_reg[5]}]] -to [get_cells [list {adc_data_preprocess_inst/adc_data_sync_inst/u_adc2_fifo/gnuram_async_fifo.xpm_fifo_base_inst/gen_cdc_pntr.rd_pntr_cdc_inst/dest_graysync_ff_reg[0][0]} {adc_data_preprocess_inst/adc_data_sync_inst/u_adc2_fifo/gnuram_async_fifo.xpm_fifo_base_inst/gen_cdc_pntr.rd_pntr_cdc_inst/dest_graysync_ff_reg[0][1]} {adc_data_preprocess_inst/adc_data_sync_inst/u_adc2_fifo/gnuram_async_fifo.xpm_fifo_base_inst/gen_cdc_pntr.rd_pntr_cdc_inst/dest_graysync_ff_reg[0][2]} {adc_data_preprocess_inst/adc_data_sync_inst/u_adc2_fifo/gnuram_async_fifo.xpm_fifo_base_inst/gen_cdc_pntr.rd_pntr_cdc_inst/dest_graysync_ff_reg[0][3]} {adc_data_preprocess_inst/adc_data_sync_inst/u_adc2_fifo/gnuram_async_fifo.xpm_fifo_base_inst/gen_cdc_pntr.rd_pntr_cdc_inst/dest_graysync_ff_reg[0][4]} {adc_data_preprocess_inst/adc_data_sync_inst/u_adc2_fifo/gnuram_async_fifo.xpm_fifo_base_inst/gen_cdc_pntr.rd_pntr_cdc_inst/dest_graysync_ff_reg[0][5]}]] 24.997
Requirement: 24.997ns
Endpoints: 6

From Clock            To Clock              Endpoint Pin                    Reference Pin                   Corner  Actual(ns)  Slack(ns)
--------------------  --------------------  ------------------------------  ------------------------------  ------  ----------  ---------
adc_clk_system_clk_module
                      adc_divclk_adc_dclk_in_1
                                            adc_data_preprocess_inst/adc_data_sync_inst/u_adc2_fifo/gnuram_async_fifo.xpm_fifo_base_inst/gen_cdc_pntr.rd_pntr_cdc_inst/dest_graysync_ff_reg[0][0]/D
                                                                            adc_data_preprocess_inst/adc_data_sync_inst/u_adc2_fifo/gnuram_async_fifo.xpm_fifo_base_inst/gen_cdc_pntr.rd_pntr_cdc_inst/dest_graysync_ff_reg[0][4]/D
                                                                                                            Slow         0.931     24.066


Slack (MET) :             24.066ns  (requirement - actual skew)
  Endpoint Source:        adc_data_preprocess_inst/adc_data_sync_inst/u_adc2_fifo/gnuram_async_fifo.xpm_fifo_base_inst/gen_cdc_pntr.rd_pntr_cdc_inst/src_gray_ff_reg[0]/C
                            (rising edge-triggered cell FDRE clocked by adc_clk_system_clk_module)
  Endpoint Destination:   adc_data_preprocess_inst/adc_data_sync_inst/u_adc2_fifo/gnuram_async_fifo.xpm_fifo_base_inst/gen_cdc_pntr.rd_pntr_cdc_inst/dest_graysync_ff_reg[0][0]/D
                            (rising edge-triggered cell FDRE clocked by adc_divclk_adc_dclk_in_1)
  Reference Source:       adc_data_preprocess_inst/adc_data_sync_inst/u_adc2_fifo/gnuram_async_fifo.xpm_fifo_base_inst/gen_cdc_pntr.rd_pntr_cdc_inst/src_gray_ff_reg[4]/C
                            (rising edge-triggered cell FDRE clocked by adc_clk_system_clk_module)
  Reference Destination:  adc_data_preprocess_inst/adc_data_sync_inst/u_adc2_fifo/gnuram_async_fifo.xpm_fifo_base_inst/gen_cdc_pntr.rd_pntr_cdc_inst/dest_graysync_ff_reg[0][4]/D
                            (rising edge-triggered cell FDRE clocked by adc_divclk_adc_dclk_in_1)
  Path Type:              Bus Skew (Max at Slow Process Corner)
  Requirement:            24.997ns
  Endpoint Relative Delay:    3.932ns
  Reference Relative Delay:   1.972ns
  Relative CRPR:              1.276ns
  Uncertainty:                0.248ns
  Actual Bus Skew:            0.931ns  (Endpoint Relative Delay - Reference Relative Delay - Relative CRPR + Uncertainty)

Endpoint path:
    Location             Delay type                Incr(ns)  Path(ns)    Netlist Resource(s)
  -------------------------------------------------------------------    -------------------
                         (clock adc_clk_system_clk_module rise edge)
                                                      0.000     0.000 r  
    R4                                                0.000     0.000 r  sys_clk_p (IN)
                         net (fo=0)                   0.000     0.000    system_clk_module_inst/inst/clk_in1_p
    R4                   IBUFDS (Prop_ibufds_I_O)     0.842     0.842 r  system_clk_module_inst/inst/clkin1_ibufgds/O
                         net (fo=1, routed)           3.576     4.418    system_clk_module_inst/inst/clk_in1_system_clk_module
    MMCME2_ADV_X0Y2      MMCME2_ADV (Prop_mmcme2_adv_CLKIN1_CLKOUT1)
                                                     -6.325    -1.907 r  system_clk_module_inst/inst/mmcm_adv_inst/CLKOUT1
                         net (fo=1, routed)           1.559    -0.348    system_clk_module_inst/inst/adc_clk_system_clk_module
    BUFGCTRL_X0Y2        BUFG (Prop_bufg_I_O)         0.081    -0.267 r  system_clk_module_inst/inst/clkout2_buf/O
                         net (fo=1851, routed)        1.570     1.303    adc_data_preprocess_inst/adc_data_sync_inst/u_adc2_fifo/gnuram_async_fifo.xpm_fifo_base_inst/gen_cdc_pntr.rd_pntr_cdc_inst/src_clk
    SLICE_X48Y242        FDRE                                         r  adc_data_preprocess_inst/adc_data_sync_inst/u_adc2_fifo/gnuram_async_fifo.xpm_fifo_base_inst/gen_cdc_pntr.rd_pntr_cdc_inst/src_gray_ff_reg[0]/C
  -------------------------------------------------------------------    -------------------
    SLICE_X48Y242        FDRE (Prop_fdre_C_Q)         0.433     1.736 r  adc_data_preprocess_inst/adc_data_sync_inst/u_adc2_fifo/gnuram_async_fifo.xpm_fifo_base_inst/gen_cdc_pntr.rd_pntr_cdc_inst/src_gray_ff_reg[0]/Q
                         net (fo=1, routed)           0.548     2.285    adc_data_preprocess_inst/adc_data_sync_inst/u_adc2_fifo/gnuram_async_fifo.xpm_fifo_base_inst/gen_cdc_pntr.rd_pntr_cdc_inst/async_path[0]
    SLICE_X46Y246        FDRE                                         r  adc_data_preprocess_inst/adc_data_sync_inst/u_adc2_fifo/gnuram_async_fifo.xpm_fifo_base_inst/gen_cdc_pntr.rd_pntr_cdc_inst/dest_graysync_ff_reg[0][0]/D
  -------------------------------------------------------------------    -------------------

                         (clock adc_divclk_adc_dclk_in_1 rise edge)
                                                      0.000     0.000 r  
    C18                                               0.000     0.000 r  adc2_dclk_p (IN)
                         net (fo=0)                   0.000     0.000    adc_data_preprocess_inst/get_adc_data_inst2/adc_dclk_in_inst/inst/clk_in1_p
    C18                  IBUFDS (Prop_ibufds_I_O)     0.839     0.839 r  adc_data_preprocess_inst/get_adc_data_inst2/adc_dclk_in_inst/inst/clkin1_ibufgds/O
                         net (fo=1, routed)           1.004     1.843    adc_data_preprocess_inst/get_adc_data_inst2/adc_dclk_in_inst/inst/clk_in1_adc_dclk_in
    MMCME2_ADV_X0Y4      MMCME2_ADV (Prop_mmcme2_adv_CLKIN1_CLKOUT1)
                                                     -6.949    -5.106 r  adc_data_preprocess_inst/get_adc_data_inst2/adc_dclk_in_inst/inst/mmcm_adv_inst/CLKOUT1
                         net (fo=1, routed)           1.964    -3.142    adc_data_preprocess_inst/get_adc_data_inst2/adc_dclk_in_inst/inst/adc_divclk_adc_dclk_in
    BUFGCTRL_X0Y17       BUFG (Prop_bufg_I_O)         0.077    -3.065 r  adc_data_preprocess_inst/get_adc_data_inst2/adc_dclk_in_inst/inst/clkout2_buf/O
                         net (fo=24447, routed)       1.451    -1.614    adc_data_preprocess_inst/adc_data_sync_inst/u_adc2_fifo/gnuram_async_fifo.xpm_fifo_base_inst/gen_cdc_pntr.rd_pntr_cdc_inst/dest_clk
    SLICE_X46Y246        FDRE                                         r  adc_data_preprocess_inst/adc_data_sync_inst/u_adc2_fifo/gnuram_async_fifo.xpm_fifo_base_inst/gen_cdc_pntr.rd_pntr_cdc_inst/dest_graysync_ff_reg[0][0]/C
                         clock pessimism              0.000    -1.614    
    SLICE_X46Y246        FDRE (Setup_fdre_C_D)       -0.033    -1.647    adc_data_preprocess_inst/adc_data_sync_inst/u_adc2_fifo/gnuram_async_fifo.xpm_fifo_base_inst/gen_cdc_pntr.rd_pntr_cdc_inst/dest_graysync_ff_reg[0][0]
  -------------------------------------------------------------------
                         data arrival                           2.285    
                         clock arrival                         -1.647    
  -------------------------------------------------------------------
                         relative delay                         3.932    

Reference path:
    Location             Delay type                Incr(ns)  Path(ns)    Netlist Resource(s)
  -------------------------------------------------------------------    -------------------
                         (clock adc_clk_system_clk_module rise edge)
                                                      0.000     0.000 r  
    R4                                                0.000     0.000 r  sys_clk_p (IN)
                         net (fo=0)                   0.000     0.000    system_clk_module_inst/inst/clk_in1_p
    R4                   IBUFDS (Prop_ibufds_I_O)     0.804     0.804 r  system_clk_module_inst/inst/clkin1_ibufgds/O
                         net (fo=1, routed)           3.050     3.854    system_clk_module_inst/inst/clk_in1_system_clk_module
    MMCME2_ADV_X0Y2      MMCME2_ADV (Prop_mmcme2_adv_CLKIN1_CLKOUT1)
                                                     -6.451    -2.597 r  system_clk_module_inst/inst/mmcm_adv_inst/CLKOUT1
                         net (fo=1, routed)           1.488    -1.110    system_clk_module_inst/inst/adc_clk_system_clk_module
    BUFGCTRL_X0Y2        BUFG (Prop_bufg_I_O)         0.077    -1.033 r  system_clk_module_inst/inst/clkout2_buf/O
                         net (fo=1851, routed)        1.453     0.420    adc_data_preprocess_inst/adc_data_sync_inst/u_adc2_fifo/gnuram_async_fifo.xpm_fifo_base_inst/gen_cdc_pntr.rd_pntr_cdc_inst/src_clk
    SLICE_X48Y242        FDRE                                         r  adc_data_preprocess_inst/adc_data_sync_inst/u_adc2_fifo/gnuram_async_fifo.xpm_fifo_base_inst/gen_cdc_pntr.rd_pntr_cdc_inst/src_gray_ff_reg[4]/C
  -------------------------------------------------------------------    -------------------
    SLICE_X48Y242        FDRE (Prop_fdre_C_Q)         0.347     0.767 r  adc_data_preprocess_inst/adc_data_sync_inst/u_adc2_fifo/gnuram_async_fifo.xpm_fifo_base_inst/gen_cdc_pntr.rd_pntr_cdc_inst/src_gray_ff_reg[4]/Q
                         net (fo=1, routed)           0.199     0.965    adc_data_preprocess_inst/adc_data_sync_inst/u_adc2_fifo/gnuram_async_fifo.xpm_fifo_base_inst/gen_cdc_pntr.rd_pntr_cdc_inst/async_path[4]
    SLICE_X48Y243        FDRE                                         r  adc_data_preprocess_inst/adc_data_sync_inst/u_adc2_fifo/gnuram_async_fifo.xpm_fifo_base_inst/gen_cdc_pntr.rd_pntr_cdc_inst/dest_graysync_ff_reg[0][4]/D
  -------------------------------------------------------------------    -------------------

                         (clock adc_divclk_adc_dclk_in_1 rise edge)
                                                      0.000     0.000 r  
    C18                                               0.000     0.000 r  adc2_dclk_p (IN)
                         net (fo=0)                   0.000     0.000    adc_data_preprocess_inst/get_adc_data_inst2/adc_dclk_in_inst/inst/clk_in1_p
    C18                  IBUFDS (Prop_ibufds_I_O)     0.879     0.879 r  adc_data_preprocess_inst/get_adc_data_inst2/adc_dclk_in_inst/inst/clkin1_ibufgds/O
                         net (fo=1, routed)           1.065     1.944    adc_data_preprocess_inst/get_adc_data_inst2/adc_dclk_in_inst/inst/clk_in1_adc_dclk_in
    MMCME2_ADV_X0Y4      MMCME2_ADV (Prop_mmcme2_adv_CLKIN1_CLKOUT1)
                                                     -6.847    -4.903 r  adc_data_preprocess_inst/get_adc_data_inst2/adc_dclk_in_inst/inst/mmcm_adv_inst/CLKOUT1
                         net (fo=1, routed)           2.061    -2.842    adc_data_preprocess_inst/get_adc_data_inst2/adc_dclk_in_inst/inst/adc_divclk_adc_dclk_in
    BUFGCTRL_X0Y17       BUFG (Prop_bufg_I_O)         0.081    -2.761 r  adc_data_preprocess_inst/get_adc_data_inst2/adc_dclk_in_inst/inst/clkout2_buf/O
                         net (fo=24447, routed)       1.567    -1.194    adc_data_preprocess_inst/adc_data_sync_inst/u_adc2_fifo/gnuram_async_fifo.xpm_fifo_base_inst/gen_cdc_pntr.rd_pntr_cdc_inst/dest_clk
    SLICE_X48Y243        FDRE                                         r  adc_data_preprocess_inst/adc_data_sync_inst/u_adc2_fifo/gnuram_async_fifo.xpm_fifo_base_inst/gen_cdc_pntr.rd_pntr_cdc_inst/dest_graysync_ff_reg[0][4]/C
                         clock pessimism              0.000    -1.194    
    SLICE_X48Y243        FDRE (Hold_fdre_C_D)         0.187    -1.007    adc_data_preprocess_inst/adc_data_sync_inst/u_adc2_fifo/gnuram_async_fifo.xpm_fifo_base_inst/gen_cdc_pntr.rd_pntr_cdc_inst/dest_graysync_ff_reg[0][4]
  -------------------------------------------------------------------
                         data arrival                           0.965    
                         clock arrival                         -1.007    
  -------------------------------------------------------------------
                         relative delay                         1.972    



Id: 11
set_bus_skew -from [get_cells [list {udp_event_sensor_tx_inst/u_out_byte_fifo/gnuram_async_fifo.xpm_fifo_base_inst/gen_cdc_pntr.rd_pntr_cdc_inst/src_gray_ff_reg[0]} \
          {udp_event_sensor_tx_inst/u_out_byte_fifo/gnuram_async_fifo.xpm_fifo_base_inst/gen_cdc_pntr.rd_pntr_cdc_inst/src_gray_ff_reg[10]} \
          {udp_event_sensor_tx_inst/u_out_byte_fifo/gnuram_async_fifo.xpm_fifo_base_inst/gen_cdc_pntr.rd_pntr_cdc_inst/src_gray_ff_reg[11]} \
          {udp_event_sensor_tx_inst/u_out_byte_fifo/gnuram_async_fifo.xpm_fifo_base_inst/gen_cdc_pntr.rd_pntr_cdc_inst/src_gray_ff_reg[12]} \
          {udp_event_sensor_tx_inst/u_out_byte_fifo/gnuram_async_fifo.xpm_fifo_base_inst/gen_cdc_pntr.rd_pntr_cdc_inst/src_gray_ff_reg[1]} \
          {udp_event_sensor_tx_inst/u_out_byte_fifo/gnuram_async_fifo.xpm_fifo_base_inst/gen_cdc_pntr.rd_pntr_cdc_inst/src_gray_ff_reg[2]} \
          {udp_event_sensor_tx_inst/u_out_byte_fifo/gnuram_async_fifo.xpm_fifo_base_inst/gen_cdc_pntr.rd_pntr_cdc_inst/src_gray_ff_reg[3]} \
          {udp_event_sensor_tx_inst/u_out_byte_fifo/gnuram_async_fifo.xpm_fifo_base_inst/gen_cdc_pntr.rd_pntr_cdc_inst/src_gray_ff_reg[4]} \
          {udp_event_sensor_tx_inst/u_out_byte_fifo/gnuram_async_fifo.xpm_fifo_base_inst/gen_cdc_pntr.rd_pntr_cdc_inst/src_gray_ff_reg[5]} \
          {udp_event_sensor_tx_inst/u_out_byte_fifo/gnuram_async_fifo.xpm_fifo_base_inst/gen_cdc_pntr.rd_pntr_cdc_inst/src_gray_ff_reg[6]} \
          {udp_event_sensor_tx_inst/u_out_byte_fifo/gnuram_async_fifo.xpm_fifo_base_inst/gen_cdc_pntr.rd_pntr_cdc_inst/src_gray_ff_reg[7]} \
          {udp_event_sensor_tx_inst/u_out_byte_fifo/gnuram_async_fifo.xpm_fifo_base_inst/gen_cdc_pntr.rd_pntr_cdc_inst/src_gray_ff_reg[8]} \
          {udp_event_sensor_tx_inst/u_out_byte_fifo/gnuram_async_fifo.xpm_fifo_base_inst/gen_cdc_pntr.rd_pntr_cdc_inst/src_gray_ff_reg[9]}]] -to [get_cells [list {udp_event_sensor_tx_inst/u_out_byte_fifo/gnuram_async_fifo.xpm_fifo_base_inst/gen_cdc_pntr.rd_pntr_cdc_inst/dest_graysync_ff_reg[0][0]} \
          {udp_event_sensor_tx_inst/u_out_byte_fifo/gnuram_async_fifo.xpm_fifo_base_inst/gen_cdc_pntr.rd_pntr_cdc_inst/dest_graysync_ff_reg[0][10]} \
          {udp_event_sensor_tx_inst/u_out_byte_fifo/gnuram_async_fifo.xpm_fifo_base_inst/gen_cdc_pntr.rd_pntr_cdc_inst/dest_graysync_ff_reg[0][11]} \
          {udp_event_sensor_tx_inst/u_out_byte_fifo/gnuram_async_fifo.xpm_fifo_base_inst/gen_cdc_pntr.rd_pntr_cdc_inst/dest_graysync_ff_reg[0][12]} \
          {udp_event_sensor_tx_inst/u_out_byte_fifo/gnuram_async_fifo.xpm_fifo_base_inst/gen_cdc_pntr.rd_pntr_cdc_inst/dest_graysync_ff_reg[0][1]} \
          {udp_event_sensor_tx_inst/u_out_byte_fifo/gnuram_async_fifo.xpm_fifo_base_inst/gen_cdc_pntr.rd_pntr_cdc_inst/dest_graysync_ff_reg[0][2]} \
          {udp_event_sensor_tx_inst/u_out_byte_fifo/gnuram_async_fifo.xpm_fifo_base_inst/gen_cdc_pntr.rd_pntr_cdc_inst/dest_graysync_ff_reg[0][3]} \
          {udp_event_sensor_tx_inst/u_out_byte_fifo/gnuram_async_fifo.xpm_fifo_base_inst/gen_cdc_pntr.rd_pntr_cdc_inst/dest_graysync_ff_reg[0][4]} \
          {udp_event_sensor_tx_inst/u_out_byte_fifo/gnuram_async_fifo.xpm_fifo_base_inst/gen_cdc_pntr.rd_pntr_cdc_inst/dest_graysync_ff_reg[0][5]} \
          {udp_event_sensor_tx_inst/u_out_byte_fifo/gnuram_async_fifo.xpm_fifo_base_inst/gen_cdc_pntr.rd_pntr_cdc_inst/dest_graysync_ff_reg[0][6]} \
          {udp_event_sensor_tx_inst/u_out_byte_fifo/gnuram_async_fifo.xpm_fifo_base_inst/gen_cdc_pntr.rd_pntr_cdc_inst/dest_graysync_ff_reg[0][7]} \
          {udp_event_sensor_tx_inst/u_out_byte_fifo/gnuram_async_fifo.xpm_fifo_base_inst/gen_cdc_pntr.rd_pntr_cdc_inst/dest_graysync_ff_reg[0][8]} \
          {udp_event_sensor_tx_inst/u_out_byte_fifo/gnuram_async_fifo.xpm_fifo_base_inst/gen_cdc_pntr.rd_pntr_cdc_inst/dest_graysync_ff_reg[0][9]}]] 5.000
Requirement: 5.000ns
Endpoints: 13

From Clock            To Clock              Endpoint Pin                    Reference Pin                   Corner  Actual(ns)  Slack(ns)
--------------------  --------------------  ------------------------------  ------------------------------  ------  ----------  ---------
clk_125M_system_clk_module
                      sys_clk_system_clk_module
                                            udp_event_sensor_tx_inst/u_out_byte_fifo/gnuram_async_fifo.xpm_fifo_base_inst/gen_cdc_pntr.rd_pntr_cdc_inst/dest_graysync_ff_reg[0][12]/D
                                                                            udp_event_sensor_tx_inst/u_out_byte_fifo/gnuram_async_fifo.xpm_fifo_base_inst/gen_cdc_pntr.rd_pntr_cdc_inst/dest_graysync_ff_reg[0][8]/D
                                                                                                            Slow         0.884      4.116


Slack (MET) :             4.116ns  (requirement - actual skew)
  Endpoint Source:        udp_event_sensor_tx_inst/u_out_byte_fifo/gnuram_async_fifo.xpm_fifo_base_inst/gen_cdc_pntr.rd_pntr_cdc_inst/src_gray_ff_reg[12]/C
                            (rising edge-triggered cell FDRE clocked by clk_125M_system_clk_module)
  Endpoint Destination:   udp_event_sensor_tx_inst/u_out_byte_fifo/gnuram_async_fifo.xpm_fifo_base_inst/gen_cdc_pntr.rd_pntr_cdc_inst/dest_graysync_ff_reg[0][12]/D
                            (rising edge-triggered cell FDRE clocked by sys_clk_system_clk_module)
  Reference Source:       udp_event_sensor_tx_inst/u_out_byte_fifo/gnuram_async_fifo.xpm_fifo_base_inst/gen_cdc_pntr.rd_pntr_cdc_inst/src_gray_ff_reg[8]/C
                            (rising edge-triggered cell FDRE clocked by clk_125M_system_clk_module)
  Reference Destination:  udp_event_sensor_tx_inst/u_out_byte_fifo/gnuram_async_fifo.xpm_fifo_base_inst/gen_cdc_pntr.rd_pntr_cdc_inst/dest_graysync_ff_reg[0][8]/D
                            (rising edge-triggered cell FDRE clocked by sys_clk_system_clk_module)
  Path Type:              Bus Skew (Max at Slow Process Corner)
  Requirement:            5.000ns
  Endpoint Relative Delay:    1.201ns
  Reference Relative Delay:   0.187ns
  Relative CRPR:              0.314ns
  Uncertainty:                0.184ns
  Actual Bus Skew:            0.884ns  (Endpoint Relative Delay - Reference Relative Delay - Relative CRPR + Uncertainty)

Endpoint path:
    Location             Delay type                Incr(ns)  Path(ns)    Netlist Resource(s)
  -------------------------------------------------------------------    -------------------
                         (clock clk_125M_system_clk_module rise edge)
                                                      0.000     0.000 r  
    R4                                                0.000     0.000 r  sys_clk_p (IN)
                         net (fo=0)                   0.000     0.000    system_clk_module_inst/inst/clk_in1_p
    R4                   IBUFDS (Prop_ibufds_I_O)     0.842     0.842 r  system_clk_module_inst/inst/clkin1_ibufgds/O
                         net (fo=1, routed)           3.576     4.418    system_clk_module_inst/inst/clk_in1_system_clk_module
    MMCME2_ADV_X0Y2      MMCME2_ADV (Prop_mmcme2_adv_CLKIN1_CLKOUT3)
                                                     -6.325    -1.907 r  system_clk_module_inst/inst/mmcm_adv_inst/CLKOUT3
                         net (fo=1, routed)           1.559    -0.348    system_clk_module_inst/inst/clk_125M_system_clk_module
    BUFGCTRL_X0Y4        BUFG (Prop_bufg_I_O)         0.081    -0.267 r  system_clk_module_inst/inst/clkout4_buf/O
                         net (fo=624, routed)         1.575     1.308    udp_event_sensor_tx_inst/u_out_byte_fifo/gnuram_async_fifo.xpm_fifo_base_inst/gen_cdc_pntr.rd_pntr_cdc_inst/src_clk
    SLICE_X128Y226       FDRE                                         r  udp_event_sensor_tx_inst/u_out_byte_fifo/gnuram_async_fifo.xpm_fifo_base_inst/gen_cdc_pntr.rd_pntr_cdc_inst/src_gray_ff_reg[12]/C
  -------------------------------------------------------------------    -------------------
    SLICE_X128Y226       FDRE (Prop_fdre_C_Q)         0.433     1.741 r  udp_event_sensor_tx_inst/u_out_byte_fifo/gnuram_async_fifo.xpm_fifo_base_inst/gen_cdc_pntr.rd_pntr_cdc_inst/src_gray_ff_reg[12]/Q
                         net (fo=1, routed)           0.501     2.242    udp_event_sensor_tx_inst/u_out_byte_fifo/gnuram_async_fifo.xpm_fifo_base_inst/gen_cdc_pntr.rd_pntr_cdc_inst/async_path[12]
    SLICE_X127Y224       FDRE                                         r  udp_event_sensor_tx_inst/u_out_byte_fifo/gnuram_async_fifo.xpm_fifo_base_inst/gen_cdc_pntr.rd_pntr_cdc_inst/dest_graysync_ff_reg[0][12]/D
  -------------------------------------------------------------------    -------------------

                         (clock sys_clk_system_clk_module rise edge)
                                                      0.000     0.000 r  
    R4                                                0.000     0.000 r  sys_clk_p (IN)
                         net (fo=0)                   0.000     0.000    system_clk_module_inst/inst/clk_in1_p
    R4                   IBUFDS (Prop_ibufds_I_O)     0.804     0.804 r  system_clk_module_inst/inst/clkin1_ibufgds/O
                         net (fo=1, routed)           3.050     3.854    system_clk_module_inst/inst/clk_in1_system_clk_module
    MMCME2_ADV_X0Y2      MMCME2_ADV (Prop_mmcme2_adv_CLKIN1_CLKOUT0)
                                                     -6.451    -2.597 r  system_clk_module_inst/inst/mmcm_adv_inst/CLKOUT0
                         net (fo=1, routed)           1.488    -1.110    system_clk_module_inst/inst/sys_clk_system_clk_module
    BUFGCTRL_X0Y1        BUFG (Prop_bufg_I_O)         0.077    -1.033 r  system_clk_module_inst/inst/clkout1_buf/O
                         net (fo=11069, routed)       1.458     0.425    udp_event_sensor_tx_inst/u_out_byte_fifo/gnuram_async_fifo.xpm_fifo_base_inst/gen_cdc_pntr.rd_pntr_cdc_inst/dest_clk
    SLICE_X127Y224       FDRE                                         r  udp_event_sensor_tx_inst/u_out_byte_fifo/gnuram_async_fifo.xpm_fifo_base_inst/gen_cdc_pntr.rd_pntr_cdc_inst/dest_graysync_ff_reg[0][12]/C
                         clock pessimism              0.691     1.116    
    SLICE_X127Y224       FDRE (Setup_fdre_C_D)       -0.075     1.041    udp_event_sensor_tx_inst/u_out_byte_fifo/gnuram_async_fifo.xpm_fifo_base_inst/gen_cdc_pntr.rd_pntr_cdc_inst/dest_graysync_ff_reg[0][12]
  -------------------------------------------------------------------
                         data arrival                           2.242    
                         clock arrival                          1.041    
  -------------------------------------------------------------------
                         relative delay                         1.201    

Reference path:
    Location             Delay type                Incr(ns)  Path(ns)    Netlist Resource(s)
  -------------------------------------------------------------------    -------------------
                         (clock clk_125M_system_clk_module rise edge)
                                                      0.000     0.000 r  
    R4                                                0.000     0.000 r  sys_clk_p (IN)
                         net (fo=0)                   0.000     0.000    system_clk_module_inst/inst/clk_in1_p
    R4                   IBUFDS (Prop_ibufds_I_O)     0.804     0.804 r  system_clk_module_inst/inst/clkin1_ibufgds/O
                         net (fo=1, routed)           3.050     3.854    system_clk_module_inst/inst/clk_in1_system_clk_module
    MMCME2_ADV_X0Y2      MMCME2_ADV (Prop_mmcme2_adv_CLKIN1_CLKOUT3)
                                                     -6.451    -2.597 r  system_clk_module_inst/inst/mmcm_adv_inst/CLKOUT3
                         net (fo=1, routed)           1.488    -1.110    system_clk_module_inst/inst/clk_125M_system_clk_module
    BUFGCTRL_X0Y4        BUFG (Prop_bufg_I_O)         0.077    -1.033 r  system_clk_module_inst/inst/clkout4_buf/O
                         net (fo=624, routed)         1.461     0.428    udp_event_sensor_tx_inst/u_out_byte_fifo/gnuram_async_fifo.xpm_fifo_base_inst/gen_cdc_pntr.rd_pntr_cdc_inst/src_clk
    SLICE_X129Y225       FDRE                                         r  udp_event_sensor_tx_inst/u_out_byte_fifo/gnuram_async_fifo.xpm_fifo_base_inst/gen_cdc_pntr.rd_pntr_cdc_inst/src_gray_ff_reg[8]/C
  -------------------------------------------------------------------    -------------------
    SLICE_X129Y225       FDRE (Prop_fdre_C_Q)         0.304     0.732 r  udp_event_sensor_tx_inst/u_out_byte_fifo/gnuram_async_fifo.xpm_fifo_base_inst/gen_cdc_pntr.rd_pntr_cdc_inst/src_gray_ff_reg[8]/Q
                         net (fo=1, routed)           0.208     0.940    udp_event_sensor_tx_inst/u_out_byte_fifo/gnuram_async_fifo.xpm_fifo_base_inst/gen_cdc_pntr.rd_pntr_cdc_inst/async_path[8]
    SLICE_X127Y225       FDRE                                         r  udp_event_sensor_tx_inst/u_out_byte_fifo/gnuram_async_fifo.xpm_fifo_base_inst/gen_cdc_pntr.rd_pntr_cdc_inst/dest_graysync_ff_reg[0][8]/D
  -------------------------------------------------------------------    -------------------

                         (clock sys_clk_system_clk_module rise edge)
                                                      0.000     0.000 r  
    R4                                                0.000     0.000 r  sys_clk_p (IN)
                         net (fo=0)                   0.000     0.000    system_clk_module_inst/inst/clk_in1_p
    R4                   IBUFDS (Prop_ibufds_I_O)     0.842     0.842 r  system_clk_module_inst/inst/clkin1_ibufgds/O
                         net (fo=1, routed)           3.576     4.418    system_clk_module_inst/inst/clk_in1_system_clk_module
    MMCME2_ADV_X0Y2      MMCME2_ADV (Prop_mmcme2_adv_CLKIN1_CLKOUT0)
                                                     -6.325    -1.907 r  system_clk_module_inst/inst/mmcm_adv_inst/CLKOUT0
                         net (fo=1, routed)           1.559    -0.348    system_clk_module_inst/inst/sys_clk_system_clk_module
    BUFGCTRL_X0Y1        BUFG (Prop_bufg_I_O)         0.081    -0.267 r  system_clk_module_inst/inst/clkout1_buf/O
                         net (fo=11069, routed)       1.572     1.305    udp_event_sensor_tx_inst/u_out_byte_fifo/gnuram_async_fifo.xpm_fifo_base_inst/gen_cdc_pntr.rd_pntr_cdc_inst/dest_clk
    SLICE_X127Y225       FDRE                                         r  udp_event_sensor_tx_inst/u_out_byte_fifo/gnuram_async_fifo.xpm_fifo_base_inst/gen_cdc_pntr.rd_pntr_cdc_inst/dest_graysync_ff_reg[0][8]/C
                         clock pessimism             -0.691     0.614    
    SLICE_X127Y225       FDRE (Hold_fdre_C_D)         0.139     0.753    udp_event_sensor_tx_inst/u_out_byte_fifo/gnuram_async_fifo.xpm_fifo_base_inst/gen_cdc_pntr.rd_pntr_cdc_inst/dest_graysync_ff_reg[0][8]
  -------------------------------------------------------------------
                         data arrival                           0.940    
                         clock arrival                          0.753    
  -------------------------------------------------------------------
                         relative delay                         0.187    



Id: 12
set_bus_skew -from [get_cells [list {udp_event_sensor_tx_inst/u_out_byte_fifo/gnuram_async_fifo.xpm_fifo_base_inst/gen_cdc_pntr.wr_pntr_cdc_inst/src_gray_ff_reg[0]} \
          {udp_event_sensor_tx_inst/u_out_byte_fifo/gnuram_async_fifo.xpm_fifo_base_inst/gen_cdc_pntr.wr_pntr_cdc_inst/src_gray_ff_reg[10]} \
          {udp_event_sensor_tx_inst/u_out_byte_fifo/gnuram_async_fifo.xpm_fifo_base_inst/gen_cdc_pntr.wr_pntr_cdc_inst/src_gray_ff_reg[11]} \
          {udp_event_sensor_tx_inst/u_out_byte_fifo/gnuram_async_fifo.xpm_fifo_base_inst/gen_cdc_pntr.wr_pntr_cdc_inst/src_gray_ff_reg[12]} \
          {udp_event_sensor_tx_inst/u_out_byte_fifo/gnuram_async_fifo.xpm_fifo_base_inst/gen_cdc_pntr.wr_pntr_cdc_inst/src_gray_ff_reg[1]} \
          {udp_event_sensor_tx_inst/u_out_byte_fifo/gnuram_async_fifo.xpm_fifo_base_inst/gen_cdc_pntr.wr_pntr_cdc_inst/src_gray_ff_reg[2]} \
          {udp_event_sensor_tx_inst/u_out_byte_fifo/gnuram_async_fifo.xpm_fifo_base_inst/gen_cdc_pntr.wr_pntr_cdc_inst/src_gray_ff_reg[3]} \
          {udp_event_sensor_tx_inst/u_out_byte_fifo/gnuram_async_fifo.xpm_fifo_base_inst/gen_cdc_pntr.wr_pntr_cdc_inst/src_gray_ff_reg[4]} \
          {udp_event_sensor_tx_inst/u_out_byte_fifo/gnuram_async_fifo.xpm_fifo_base_inst/gen_cdc_pntr.wr_pntr_cdc_inst/src_gray_ff_reg[5]} \
          {udp_event_sensor_tx_inst/u_out_byte_fifo/gnuram_async_fifo.xpm_fifo_base_inst/gen_cdc_pntr.wr_pntr_cdc_inst/src_gray_ff_reg[6]} \
          {udp_event_sensor_tx_inst/u_out_byte_fifo/gnuram_async_fifo.xpm_fifo_base_inst/gen_cdc_pntr.wr_pntr_cdc_inst/src_gray_ff_reg[7]} \
          {udp_event_sensor_tx_inst/u_out_byte_fifo/gnuram_async_fifo.xpm_fifo_base_inst/gen_cdc_pntr.wr_pntr_cdc_inst/src_gray_ff_reg[8]} \
          {udp_event_sensor_tx_inst/u_out_byte_fifo/gnuram_async_fifo.xpm_fifo_base_inst/gen_cdc_pntr.wr_pntr_cdc_inst/src_gray_ff_reg[9]}]] -to [get_cells [list {udp_event_sensor_tx_inst/u_out_byte_fifo/gnuram_async_fifo.xpm_fifo_base_inst/gen_cdc_pntr.wr_pntr_cdc_inst/dest_graysync_ff_reg[0][0]} \
          {udp_event_sensor_tx_inst/u_out_byte_fifo/gnuram_async_fifo.xpm_fifo_base_inst/gen_cdc_pntr.wr_pntr_cdc_inst/dest_graysync_ff_reg[0][10]} \
          {udp_event_sensor_tx_inst/u_out_byte_fifo/gnuram_async_fifo.xpm_fifo_base_inst/gen_cdc_pntr.wr_pntr_cdc_inst/dest_graysync_ff_reg[0][11]} \
          {udp_event_sensor_tx_inst/u_out_byte_fifo/gnuram_async_fifo.xpm_fifo_base_inst/gen_cdc_pntr.wr_pntr_cdc_inst/dest_graysync_ff_reg[0][12]} \
          {udp_event_sensor_tx_inst/u_out_byte_fifo/gnuram_async_fifo.xpm_fifo_base_inst/gen_cdc_pntr.wr_pntr_cdc_inst/dest_graysync_ff_reg[0][1]} \
          {udp_event_sensor_tx_inst/u_out_byte_fifo/gnuram_async_fifo.xpm_fifo_base_inst/gen_cdc_pntr.wr_pntr_cdc_inst/dest_graysync_ff_reg[0][2]} \
          {udp_event_sensor_tx_inst/u_out_byte_fifo/gnuram_async_fifo.xpm_fifo_base_inst/gen_cdc_pntr.wr_pntr_cdc_inst/dest_graysync_ff_reg[0][3]} \
          {udp_event_sensor_tx_inst/u_out_byte_fifo/gnuram_async_fifo.xpm_fifo_base_inst/gen_cdc_pntr.wr_pntr_cdc_inst/dest_graysync_ff_reg[0][4]} \
          {udp_event_sensor_tx_inst/u_out_byte_fifo/gnuram_async_fifo.xpm_fifo_base_inst/gen_cdc_pntr.wr_pntr_cdc_inst/dest_graysync_ff_reg[0][5]} \
          {udp_event_sensor_tx_inst/u_out_byte_fifo/gnuram_async_fifo.xpm_fifo_base_inst/gen_cdc_pntr.wr_pntr_cdc_inst/dest_graysync_ff_reg[0][6]} \
          {udp_event_sensor_tx_inst/u_out_byte_fifo/gnuram_async_fifo.xpm_fifo_base_inst/gen_cdc_pntr.wr_pntr_cdc_inst/dest_graysync_ff_reg[0][7]} \
          {udp_event_sensor_tx_inst/u_out_byte_fifo/gnuram_async_fifo.xpm_fifo_base_inst/gen_cdc_pntr.wr_pntr_cdc_inst/dest_graysync_ff_reg[0][8]} \
          {udp_event_sensor_tx_inst/u_out_byte_fifo/gnuram_async_fifo.xpm_fifo_base_inst/gen_cdc_pntr.wr_pntr_cdc_inst/dest_graysync_ff_reg[0][9]}]] 5.000
Requirement: 5.000ns
Endpoints: 13

From Clock            To Clock              Endpoint Pin                    Reference Pin                   Corner  Actual(ns)  Slack(ns)
--------------------  --------------------  ------------------------------  ------------------------------  ------  ----------  ---------
sys_clk_system_clk_module
                      clk_125M_system_clk_module
                                            udp_event_sensor_tx_inst/u_out_byte_fifo/gnuram_async_fifo.xpm_fifo_base_inst/gen_cdc_pntr.wr_pntr_cdc_inst/dest_graysync_ff_reg[0][9]/D
                                                                            udp_event_sensor_tx_inst/u_out_byte_fifo/gnuram_async_fifo.xpm_fifo_base_inst/gen_cdc_pntr.wr_pntr_cdc_inst/dest_graysync_ff_reg[0][12]/D
                                                                                                            Slow         0.901      4.099


Slack (MET) :             4.099ns  (requirement - actual skew)
  Endpoint Source:        udp_event_sensor_tx_inst/u_out_byte_fifo/gnuram_async_fifo.xpm_fifo_base_inst/gen_cdc_pntr.wr_pntr_cdc_inst/src_gray_ff_reg[9]/C
                            (rising edge-triggered cell FDRE clocked by sys_clk_system_clk_module)
  Endpoint Destination:   udp_event_sensor_tx_inst/u_out_byte_fifo/gnuram_async_fifo.xpm_fifo_base_inst/gen_cdc_pntr.wr_pntr_cdc_inst/dest_graysync_ff_reg[0][9]/D
                            (rising edge-triggered cell FDRE clocked by clk_125M_system_clk_module)
  Reference Source:       udp_event_sensor_tx_inst/u_out_byte_fifo/gnuram_async_fifo.xpm_fifo_base_inst/gen_cdc_pntr.wr_pntr_cdc_inst/src_gray_ff_reg[12]/C
                            (rising edge-triggered cell FDRE clocked by sys_clk_system_clk_module)
  Reference Destination:  udp_event_sensor_tx_inst/u_out_byte_fifo/gnuram_async_fifo.xpm_fifo_base_inst/gen_cdc_pntr.wr_pntr_cdc_inst/dest_graysync_ff_reg[0][12]/D
                            (rising edge-triggered cell FDRE clocked by clk_125M_system_clk_module)
  Path Type:              Bus Skew (Max at Slow Process Corner)
  Requirement:            5.000ns
  Endpoint Relative Delay:    1.218ns
  Reference Relative Delay:   0.173ns
  Relative CRPR:              0.329ns
  Uncertainty:                0.184ns
  Actual Bus Skew:            0.901ns  (Endpoint Relative Delay - Reference Relative Delay - Relative CRPR + Uncertainty)

Endpoint path:
    Location             Delay type                Incr(ns)  Path(ns)    Netlist Resource(s)
  -------------------------------------------------------------------    -------------------
                         (clock sys_clk_system_clk_module rise edge)
                                                      0.000     0.000 r  
    R4                                                0.000     0.000 r  sys_clk_p (IN)
                         net (fo=0)                   0.000     0.000    system_clk_module_inst/inst/clk_in1_p
    R4                   IBUFDS (Prop_ibufds_I_O)     0.842     0.842 r  system_clk_module_inst/inst/clkin1_ibufgds/O
                         net (fo=1, routed)           3.576     4.418    system_clk_module_inst/inst/clk_in1_system_clk_module
    MMCME2_ADV_X0Y2      MMCME2_ADV (Prop_mmcme2_adv_CLKIN1_CLKOUT0)
                                                     -6.325    -1.907 r  system_clk_module_inst/inst/mmcm_adv_inst/CLKOUT0
                         net (fo=1, routed)           1.559    -0.348    system_clk_module_inst/inst/sys_clk_system_clk_module
    BUFGCTRL_X0Y1        BUFG (Prop_bufg_I_O)         0.081    -0.267 r  system_clk_module_inst/inst/clkout1_buf/O
                         net (fo=11069, routed)       1.581     1.314    udp_event_sensor_tx_inst/u_out_byte_fifo/gnuram_async_fifo.xpm_fifo_base_inst/gen_cdc_pntr.wr_pntr_cdc_inst/src_clk
    SLICE_X135Y230       FDRE                                         r  udp_event_sensor_tx_inst/u_out_byte_fifo/gnuram_async_fifo.xpm_fifo_base_inst/gen_cdc_pntr.wr_pntr_cdc_inst/src_gray_ff_reg[9]/C
  -------------------------------------------------------------------    -------------------
    SLICE_X135Y230       FDRE (Prop_fdre_C_Q)         0.348     1.662 r  udp_event_sensor_tx_inst/u_out_byte_fifo/gnuram_async_fifo.xpm_fifo_base_inst/gen_cdc_pntr.wr_pntr_cdc_inst/src_gray_ff_reg[9]/Q
                         net (fo=1, routed)           0.472     2.134    udp_event_sensor_tx_inst/u_out_byte_fifo/gnuram_async_fifo.xpm_fifo_base_inst/gen_cdc_pntr.wr_pntr_cdc_inst/async_path[9]
    SLICE_X134Y230       FDRE                                         r  udp_event_sensor_tx_inst/u_out_byte_fifo/gnuram_async_fifo.xpm_fifo_base_inst/gen_cdc_pntr.wr_pntr_cdc_inst/dest_graysync_ff_reg[0][9]/D
  -------------------------------------------------------------------    -------------------

                         (clock clk_125M_system_clk_module rise edge)
                                                      0.000     0.000 r  
    R4                                                0.000     0.000 r  sys_clk_p (IN)
                         net (fo=0)                   0.000     0.000    system_clk_module_inst/inst/clk_in1_p
    R4                   IBUFDS (Prop_ibufds_I_O)     0.804     0.804 r  system_clk_module_inst/inst/clkin1_ibufgds/O
                         net (fo=1, routed)           3.050     3.854    system_clk_module_inst/inst/clk_in1_system_clk_module
    MMCME2_ADV_X0Y2      MMCME2_ADV (Prop_mmcme2_adv_CLKIN1_CLKOUT3)
                                                     -6.451    -2.597 r  system_clk_module_inst/inst/mmcm_adv_inst/CLKOUT3
                         net (fo=1, routed)           1.488    -1.110    system_clk_module_inst/inst/clk_125M_system_clk_module
    BUFGCTRL_X0Y4        BUFG (Prop_bufg_I_O)         0.077    -1.033 r  system_clk_module_inst/inst/clkout4_buf/O
                         net (fo=624, routed)         1.467     0.434    udp_event_sensor_tx_inst/u_out_byte_fifo/gnuram_async_fifo.xpm_fifo_base_inst/gen_cdc_pntr.wr_pntr_cdc_inst/dest_clk
    SLICE_X134Y230       FDRE                                         r  udp_event_sensor_tx_inst/u_out_byte_fifo/gnuram_async_fifo.xpm_fifo_base_inst/gen_cdc_pntr.wr_pntr_cdc_inst/dest_graysync_ff_reg[0][9]/C
                         clock pessimism              0.691     1.125    
    SLICE_X134Y230       FDRE (Setup_fdre_C_D)       -0.209     0.916    udp_event_sensor_tx_inst/u_out_byte_fifo/gnuram_async_fifo.xpm_fifo_base_inst/gen_cdc_pntr.wr_pntr_cdc_inst/dest_graysync_ff_reg[0][9]
  -------------------------------------------------------------------
                         data arrival                           2.134    
                         clock arrival                          0.916    
  -------------------------------------------------------------------
                         relative delay                         1.218    

Reference path:
    Location             Delay type                Incr(ns)  Path(ns)    Netlist Resource(s)
  -------------------------------------------------------------------    -------------------
                         (clock sys_clk_system_clk_module rise edge)
                                                      0.000     0.000 r  
    R4                                                0.000     0.000 r  sys_clk_p (IN)
                         net (fo=0)                   0.000     0.000    system_clk_module_inst/inst/clk_in1_p
    R4                   IBUFDS (Prop_ibufds_I_O)     0.804     0.804 r  system_clk_module_inst/inst/clkin1_ibufgds/O
                         net (fo=1, routed)           3.050     3.854    system_clk_module_inst/inst/clk_in1_system_clk_module
    MMCME2_ADV_X0Y2      MMCME2_ADV (Prop_mmcme2_adv_CLKIN1_CLKOUT0)
                                                     -6.451    -2.597 r  system_clk_module_inst/inst/mmcm_adv_inst/CLKOUT0
                         net (fo=1, routed)           1.488    -1.110    system_clk_module_inst/inst/sys_clk_system_clk_module
    BUFGCTRL_X0Y1        BUFG (Prop_bufg_I_O)         0.077    -1.033 r  system_clk_module_inst/inst/clkout1_buf/O
                         net (fo=11069, routed)       1.469     0.436    udp_event_sensor_tx_inst/u_out_byte_fifo/gnuram_async_fifo.xpm_fifo_base_inst/gen_cdc_pntr.wr_pntr_cdc_inst/src_clk
    SLICE_X134Y232       FDRE                                         r  udp_event_sensor_tx_inst/u_out_byte_fifo/gnuram_async_fifo.xpm_fifo_base_inst/gen_cdc_pntr.wr_pntr_cdc_inst/src_gray_ff_reg[12]/C
  -------------------------------------------------------------------    -------------------
    SLICE_X134Y232       FDRE (Prop_fdre_C_Q)         0.304     0.740 r  udp_event_sensor_tx_inst/u_out_byte_fifo/gnuram_async_fifo.xpm_fifo_base_inst/gen_cdc_pntr.wr_pntr_cdc_inst/src_gray_ff_reg[12]/Q
                         net (fo=1, routed)           0.195     0.935    udp_event_sensor_tx_inst/u_out_byte_fifo/gnuram_async_fifo.xpm_fifo_base_inst/gen_cdc_pntr.wr_pntr_cdc_inst/async_path[12]
    SLICE_X134Y231       FDRE                                         r  udp_event_sensor_tx_inst/u_out_byte_fifo/gnuram_async_fifo.xpm_fifo_base_inst/gen_cdc_pntr.wr_pntr_cdc_inst/dest_graysync_ff_reg[0][12]/D
  -------------------------------------------------------------------    -------------------

                         (clock clk_125M_system_clk_module rise edge)
                                                      0.000     0.000 r  
    R4                                                0.000     0.000 r  sys_clk_p (IN)
                         net (fo=0)                   0.000     0.000    system_clk_module_inst/inst/clk_in1_p
    R4                   IBUFDS (Prop_ibufds_I_O)     0.842     0.842 r  system_clk_module_inst/inst/clkin1_ibufgds/O
                         net (fo=1, routed)           3.576     4.418    system_clk_module_inst/inst/clk_in1_system_clk_module
    MMCME2_ADV_X0Y2      MMCME2_ADV (Prop_mmcme2_adv_CLKIN1_CLKOUT3)
                                                     -6.325    -1.907 r  system_clk_module_inst/inst/mmcm_adv_inst/CLKOUT3
                         net (fo=1, routed)           1.559    -0.348    system_clk_module_inst/inst/clk_125M_system_clk_module
    BUFGCTRL_X0Y4        BUFG (Prop_bufg_I_O)         0.081    -0.267 r  system_clk_module_inst/inst/clkout4_buf/O
                         net (fo=624, routed)         1.582     1.315    udp_event_sensor_tx_inst/u_out_byte_fifo/gnuram_async_fifo.xpm_fifo_base_inst/gen_cdc_pntr.wr_pntr_cdc_inst/dest_clk
    SLICE_X134Y231       FDRE                                         r  udp_event_sensor_tx_inst/u_out_byte_fifo/gnuram_async_fifo.xpm_fifo_base_inst/gen_cdc_pntr.wr_pntr_cdc_inst/dest_graysync_ff_reg[0][12]/C
                         clock pessimism             -0.691     0.624    
    SLICE_X134Y231       FDRE (Hold_fdre_C_D)         0.138     0.762    udp_event_sensor_tx_inst/u_out_byte_fifo/gnuram_async_fifo.xpm_fifo_base_inst/gen_cdc_pntr.wr_pntr_cdc_inst/dest_graysync_ff_reg[0][12]
  -------------------------------------------------------------------
                         data arrival                           0.935    
                         clock arrival                          0.762    
  -------------------------------------------------------------------
                         relative delay                         0.173    



Id: 13
set_bus_skew -from [get_cells [list {udp_event_sensor_tx_inst/u_out_byte_fifo/gnuram_async_fifo.xpm_fifo_base_inst/gen_cdc_pntr.wr_pntr_cdc_dc_inst/src_gray_ff_reg[0]} \
          {udp_event_sensor_tx_inst/u_out_byte_fifo/gnuram_async_fifo.xpm_fifo_base_inst/gen_cdc_pntr.wr_pntr_cdc_dc_inst/src_gray_ff_reg[10]} \
          {udp_event_sensor_tx_inst/u_out_byte_fifo/gnuram_async_fifo.xpm_fifo_base_inst/gen_cdc_pntr.wr_pntr_cdc_dc_inst/src_gray_ff_reg[11]} \
          {udp_event_sensor_tx_inst/u_out_byte_fifo/gnuram_async_fifo.xpm_fifo_base_inst/gen_cdc_pntr.wr_pntr_cdc_dc_inst/src_gray_ff_reg[12]} \
          {udp_event_sensor_tx_inst/u_out_byte_fifo/gnuram_async_fifo.xpm_fifo_base_inst/gen_cdc_pntr.wr_pntr_cdc_dc_inst/src_gray_ff_reg[13]} \
          {udp_event_sensor_tx_inst/u_out_byte_fifo/gnuram_async_fifo.xpm_fifo_base_inst/gen_cdc_pntr.wr_pntr_cdc_dc_inst/src_gray_ff_reg[1]} \
          {udp_event_sensor_tx_inst/u_out_byte_fifo/gnuram_async_fifo.xpm_fifo_base_inst/gen_cdc_pntr.wr_pntr_cdc_dc_inst/src_gray_ff_reg[2]} \
          {udp_event_sensor_tx_inst/u_out_byte_fifo/gnuram_async_fifo.xpm_fifo_base_inst/gen_cdc_pntr.wr_pntr_cdc_dc_inst/src_gray_ff_reg[3]} \
          {udp_event_sensor_tx_inst/u_out_byte_fifo/gnuram_async_fifo.xpm_fifo_base_inst/gen_cdc_pntr.wr_pntr_cdc_dc_inst/src_gray_ff_reg[4]} \
          {udp_event_sensor_tx_inst/u_out_byte_fifo/gnuram_async_fifo.xpm_fifo_base_inst/gen_cdc_pntr.wr_pntr_cdc_dc_inst/src_gray_ff_reg[5]} \
          {udp_event_sensor_tx_inst/u_out_byte_fifo/gnuram_async_fifo.xpm_fifo_base_inst/gen_cdc_pntr.wr_pntr_cdc_dc_inst/src_gray_ff_reg[6]} \
          {udp_event_sensor_tx_inst/u_out_byte_fifo/gnuram_async_fifo.xpm_fifo_base_inst/gen_cdc_pntr.wr_pntr_cdc_dc_inst/src_gray_ff_reg[7]} \
          {udp_event_sensor_tx_inst/u_out_byte_fifo/gnuram_async_fifo.xpm_fifo_base_inst/gen_cdc_pntr.wr_pntr_cdc_dc_inst/src_gray_ff_reg[8]} \
          {udp_event_sensor_tx_inst/u_out_byte_fifo/gnuram_async_fifo.xpm_fifo_base_inst/gen_cdc_pntr.wr_pntr_cdc_dc_inst/src_gray_ff_reg[9]}]] -to [get_cells [list {udp_event_sensor_tx_inst/u_out_byte_fifo/gnuram_async_fifo.xpm_fifo_base_inst/gen_cdc_pntr.wr_pntr_cdc_dc_inst/dest_graysync_ff_reg[0][0]} \
          {udp_event_sensor_tx_inst/u_out_byte_fifo/gnuram_async_fifo.xpm_fifo_base_inst/gen_cdc_pntr.wr_pntr_cdc_dc_inst/dest_graysync_ff_reg[0][10]} \
          {udp_event_sensor_tx_inst/u_out_byte_fifo/gnuram_async_fifo.xpm_fifo_base_inst/gen_cdc_pntr.wr_pntr_cdc_dc_inst/dest_graysync_ff_reg[0][11]} \
          {udp_event_sensor_tx_inst/u_out_byte_fifo/gnuram_async_fifo.xpm_fifo_base_inst/gen_cdc_pntr.wr_pntr_cdc_dc_inst/dest_graysync_ff_reg[0][12]} \
          {udp_event_sensor_tx_inst/u_out_byte_fifo/gnuram_async_fifo.xpm_fifo_base_inst/gen_cdc_pntr.wr_pntr_cdc_dc_inst/dest_graysync_ff_reg[0][13]} \
          {udp_event_sensor_tx_inst/u_out_byte_fifo/gnuram_async_fifo.xpm_fifo_base_inst/gen_cdc_pntr.wr_pntr_cdc_dc_inst/dest_graysync_ff_reg[0][1]} \
          {udp_event_sensor_tx_inst/u_out_byte_fifo/gnuram_async_fifo.xpm_fifo_base_inst/gen_cdc_pntr.wr_pntr_cdc_dc_inst/dest_graysync_ff_reg[0][2]} \
          {udp_event_sensor_tx_inst/u_out_byte_fifo/gnuram_async_fifo.xpm_fifo_base_inst/gen_cdc_pntr.wr_pntr_cdc_dc_inst/dest_graysync_ff_reg[0][3]} \
          {udp_event_sensor_tx_inst/u_out_byte_fifo/gnuram_async_fifo.xpm_fifo_base_inst/gen_cdc_pntr.wr_pntr_cdc_dc_inst/dest_graysync_ff_reg[0][4]} \
          {udp_event_sensor_tx_inst/u_out_byte_fifo/gnuram_async_fifo.xpm_fifo_base_inst/gen_cdc_pntr.wr_pntr_cdc_dc_inst/dest_graysync_ff_reg[0][5]} \
          {udp_event_sensor_tx_inst/u_out_byte_fifo/gnuram_async_fifo.xpm_fifo_base_inst/gen_cdc_pntr.wr_pntr_cdc_dc_inst/dest_graysync_ff_reg[0][6]} \
          {udp_event_sensor_tx_inst/u_out_byte_fifo/gnuram_async_fifo.xpm_fifo_base_inst/gen_cdc_pntr.wr_pntr_cdc_dc_inst/dest_graysync_ff_reg[0][7]} \
          {udp_event_sensor_tx_inst/u_out_byte_fifo/gnuram_async_fifo.xpm_fifo_base_inst/gen_cdc_pntr.wr_pntr_cdc_dc_inst/dest_graysync_ff_reg[0][8]} \
          {udp_event_sensor_tx_inst/u_out_byte_fifo/gnuram_async_fifo.xpm_fifo_base_inst/gen_cdc_pntr.wr_pntr_cdc_dc_inst/dest_graysync_ff_reg[0][9]}]] 5.000
Requirement: 5.000ns
Endpoints: 14

From Clock            To Clock              Endpoint Pin                    Reference Pin                   Corner  Actual(ns)  Slack(ns)
--------------------  --------------------  ------------------------------  ------------------------------  ------  ----------  ---------
sys_clk_system_clk_module
                      clk_125M_system_clk_module
                                            udp_event_sensor_tx_inst/u_out_byte_fifo/gnuram_async_fifo.xpm_fifo_base_inst/gen_cdc_pntr.wr_pntr_cdc_dc_inst/dest_graysync_ff_reg[0][8]/D
                                                                            udp_event_sensor_tx_inst/u_out_byte_fifo/gnuram_async_fifo.xpm_fifo_base_inst/gen_cdc_pntr.wr_pntr_cdc_dc_inst/dest_graysync_ff_reg[0][13]/D
                                                                                                            Slow         0.981      4.019


Slack (MET) :             4.019ns  (requirement - actual skew)
  Endpoint Source:        udp_event_sensor_tx_inst/u_out_byte_fifo/gnuram_async_fifo.xpm_fifo_base_inst/gen_cdc_pntr.wr_pntr_cdc_dc_inst/src_gray_ff_reg[8]/C
                            (rising edge-triggered cell FDRE clocked by sys_clk_system_clk_module)
  Endpoint Destination:   udp_event_sensor_tx_inst/u_out_byte_fifo/gnuram_async_fifo.xpm_fifo_base_inst/gen_cdc_pntr.wr_pntr_cdc_dc_inst/dest_graysync_ff_reg[0][8]/D
                            (rising edge-triggered cell FDRE clocked by clk_125M_system_clk_module)
  Reference Source:       udp_event_sensor_tx_inst/u_out_byte_fifo/gnuram_async_fifo.xpm_fifo_base_inst/gen_cdc_pntr.wr_pntr_cdc_dc_inst/src_gray_ff_reg[13]/C
                            (rising edge-triggered cell FDRE clocked by sys_clk_system_clk_module)
  Reference Destination:  udp_event_sensor_tx_inst/u_out_byte_fifo/gnuram_async_fifo.xpm_fifo_base_inst/gen_cdc_pntr.wr_pntr_cdc_dc_inst/dest_graysync_ff_reg[0][13]/D
                            (rising edge-triggered cell FDRE clocked by clk_125M_system_clk_module)
  Path Type:              Bus Skew (Max at Slow Process Corner)
  Requirement:            5.000ns
  Endpoint Relative Delay:    1.276ns
  Reference Relative Delay:   0.181ns
  Relative CRPR:              0.299ns
  Uncertainty:                0.184ns
  Actual Bus Skew:            0.981ns  (Endpoint Relative Delay - Reference Relative Delay - Relative CRPR + Uncertainty)

Endpoint path:
    Location             Delay type                Incr(ns)  Path(ns)    Netlist Resource(s)
  -------------------------------------------------------------------    -------------------
                         (clock sys_clk_system_clk_module rise edge)
                                                      0.000     0.000 r  
    R4                                                0.000     0.000 r  sys_clk_p (IN)
                         net (fo=0)                   0.000     0.000    system_clk_module_inst/inst/clk_in1_p
    R4                   IBUFDS (Prop_ibufds_I_O)     0.842     0.842 r  system_clk_module_inst/inst/clkin1_ibufgds/O
                         net (fo=1, routed)           3.576     4.418    system_clk_module_inst/inst/clk_in1_system_clk_module
    MMCME2_ADV_X0Y2      MMCME2_ADV (Prop_mmcme2_adv_CLKIN1_CLKOUT0)
                                                     -6.325    -1.907 r  system_clk_module_inst/inst/mmcm_adv_inst/CLKOUT0
                         net (fo=1, routed)           1.559    -0.348    system_clk_module_inst/inst/sys_clk_system_clk_module
    BUFGCTRL_X0Y1        BUFG (Prop_bufg_I_O)         0.081    -0.267 r  system_clk_module_inst/inst/clkout1_buf/O
                         net (fo=11069, routed)       1.580     1.313    udp_event_sensor_tx_inst/u_out_byte_fifo/gnuram_async_fifo.xpm_fifo_base_inst/gen_cdc_pntr.wr_pntr_cdc_dc_inst/src_clk
    SLICE_X138Y228       FDRE                                         r  udp_event_sensor_tx_inst/u_out_byte_fifo/gnuram_async_fifo.xpm_fifo_base_inst/gen_cdc_pntr.wr_pntr_cdc_dc_inst/src_gray_ff_reg[8]/C
  -------------------------------------------------------------------    -------------------
    SLICE_X138Y228       FDRE (Prop_fdre_C_Q)         0.379     1.692 r  udp_event_sensor_tx_inst/u_out_byte_fifo/gnuram_async_fifo.xpm_fifo_base_inst/gen_cdc_pntr.wr_pntr_cdc_dc_inst/src_gray_ff_reg[8]/Q
                         net (fo=1, routed)           0.635     2.327    udp_event_sensor_tx_inst/u_out_byte_fifo/gnuram_async_fifo.xpm_fifo_base_inst/gen_cdc_pntr.wr_pntr_cdc_dc_inst/async_path[8]
    SLICE_X138Y229       FDRE                                         r  udp_event_sensor_tx_inst/u_out_byte_fifo/gnuram_async_fifo.xpm_fifo_base_inst/gen_cdc_pntr.wr_pntr_cdc_dc_inst/dest_graysync_ff_reg[0][8]/D
  -------------------------------------------------------------------    -------------------

                         (clock clk_125M_system_clk_module rise edge)
                                                      0.000     0.000 r  
    R4                                                0.000     0.000 r  sys_clk_p (IN)
                         net (fo=0)                   0.000     0.000    system_clk_module_inst/inst/clk_in1_p
    R4                   IBUFDS (Prop_ibufds_I_O)     0.804     0.804 r  system_clk_module_inst/inst/clkin1_ibufgds/O
                         net (fo=1, routed)           3.050     3.854    system_clk_module_inst/inst/clk_in1_system_clk_module
    MMCME2_ADV_X0Y2      MMCME2_ADV (Prop_mmcme2_adv_CLKIN1_CLKOUT3)
                                                     -6.451    -2.597 r  system_clk_module_inst/inst/mmcm_adv_inst/CLKOUT3
                         net (fo=1, routed)           1.488    -1.110    system_clk_module_inst/inst/clk_125M_system_clk_module
    BUFGCTRL_X0Y4        BUFG (Prop_bufg_I_O)         0.077    -1.033 r  system_clk_module_inst/inst/clkout4_buf/O
                         net (fo=624, routed)         1.467     0.434    udp_event_sensor_tx_inst/u_out_byte_fifo/gnuram_async_fifo.xpm_fifo_base_inst/gen_cdc_pntr.wr_pntr_cdc_dc_inst/dest_clk
    SLICE_X138Y229       FDRE                                         r  udp_event_sensor_tx_inst/u_out_byte_fifo/gnuram_async_fifo.xpm_fifo_base_inst/gen_cdc_pntr.wr_pntr_cdc_dc_inst/dest_graysync_ff_reg[0][8]/C
                         clock pessimism              0.691     1.125    
    SLICE_X138Y229       FDRE (Setup_fdre_C_D)       -0.073     1.052    udp_event_sensor_tx_inst/u_out_byte_fifo/gnuram_async_fifo.xpm_fifo_base_inst/gen_cdc_pntr.wr_pntr_cdc_dc_inst/dest_graysync_ff_reg[0][8]
  -------------------------------------------------------------------
                         data arrival                           2.327    
                         clock arrival                          1.052    
  -------------------------------------------------------------------
                         relative delay                         1.276    

Reference path:
    Location             Delay type                Incr(ns)  Path(ns)    Netlist Resource(s)
  -------------------------------------------------------------------    -------------------
                         (clock sys_clk_system_clk_module rise edge)
                                                      0.000     0.000 r  
    R4                                                0.000     0.000 r  sys_clk_p (IN)
                         net (fo=0)                   0.000     0.000    system_clk_module_inst/inst/clk_in1_p
    R4                   IBUFDS (Prop_ibufds_I_O)     0.804     0.804 r  system_clk_module_inst/inst/clkin1_ibufgds/O
                         net (fo=1, routed)           3.050     3.854    system_clk_module_inst/inst/clk_in1_system_clk_module
    MMCME2_ADV_X0Y2      MMCME2_ADV (Prop_mmcme2_adv_CLKIN1_CLKOUT0)
                                                     -6.451    -2.597 r  system_clk_module_inst/inst/mmcm_adv_inst/CLKOUT0
                         net (fo=1, routed)           1.488    -1.110    system_clk_module_inst/inst/sys_clk_system_clk_module
    BUFGCTRL_X0Y1        BUFG (Prop_bufg_I_O)         0.077    -1.033 r  system_clk_module_inst/inst/clkout1_buf/O
                         net (fo=11069, routed)       1.469     0.436    udp_event_sensor_tx_inst/u_out_byte_fifo/gnuram_async_fifo.xpm_fifo_base_inst/gen_cdc_pntr.wr_pntr_cdc_dc_inst/src_clk
    SLICE_X134Y232       FDRE                                         r  udp_event_sensor_tx_inst/u_out_byte_fifo/gnuram_async_fifo.xpm_fifo_base_inst/gen_cdc_pntr.wr_pntr_cdc_dc_inst/src_gray_ff_reg[13]/C
  -------------------------------------------------------------------    -------------------
    SLICE_X134Y232       FDRE (Prop_fdre_C_Q)         0.304     0.740 r  udp_event_sensor_tx_inst/u_out_byte_fifo/gnuram_async_fifo.xpm_fifo_base_inst/gen_cdc_pntr.wr_pntr_cdc_dc_inst/src_gray_ff_reg[13]/Q
                         net (fo=1, routed)           0.201     0.941    udp_event_sensor_tx_inst/u_out_byte_fifo/gnuram_async_fifo.xpm_fifo_base_inst/gen_cdc_pntr.wr_pntr_cdc_dc_inst/async_path[13]
    SLICE_X134Y231       FDRE                                         r  udp_event_sensor_tx_inst/u_out_byte_fifo/gnuram_async_fifo.xpm_fifo_base_inst/gen_cdc_pntr.wr_pntr_cdc_dc_inst/dest_graysync_ff_reg[0][13]/D
  -------------------------------------------------------------------    -------------------

                         (clock clk_125M_system_clk_module rise edge)
                                                      0.000     0.000 r  
    R4                                                0.000     0.000 r  sys_clk_p (IN)
                         net (fo=0)                   0.000     0.000    system_clk_module_inst/inst/clk_in1_p
    R4                   IBUFDS (Prop_ibufds_I_O)     0.842     0.842 r  system_clk_module_inst/inst/clkin1_ibufgds/O
                         net (fo=1, routed)           3.576     4.418    system_clk_module_inst/inst/clk_in1_system_clk_module
    MMCME2_ADV_X0Y2      MMCME2_ADV (Prop_mmcme2_adv_CLKIN1_CLKOUT3)
                                                     -6.325    -1.907 r  system_clk_module_inst/inst/mmcm_adv_inst/CLKOUT3
                         net (fo=1, routed)           1.559    -0.348    system_clk_module_inst/inst/clk_125M_system_clk_module
    BUFGCTRL_X0Y4        BUFG (Prop_bufg_I_O)         0.081    -0.267 r  system_clk_module_inst/inst/clkout4_buf/O
                         net (fo=624, routed)         1.582     1.315    udp_event_sensor_tx_inst/u_out_byte_fifo/gnuram_async_fifo.xpm_fifo_base_inst/gen_cdc_pntr.wr_pntr_cdc_dc_inst/dest_clk
    SLICE_X134Y231       FDRE                                         r  udp_event_sensor_tx_inst/u_out_byte_fifo/gnuram_async_fifo.xpm_fifo_base_inst/gen_cdc_pntr.wr_pntr_cdc_dc_inst/dest_graysync_ff_reg[0][13]/C
                         clock pessimism             -0.691     0.624    
    SLICE_X134Y231       FDRE (Hold_fdre_C_D)         0.136     0.760    udp_event_sensor_tx_inst/u_out_byte_fifo/gnuram_async_fifo.xpm_fifo_base_inst/gen_cdc_pntr.wr_pntr_cdc_dc_inst/dest_graysync_ff_reg[0][13]
  -------------------------------------------------------------------
                         data arrival                           0.941    
                         clock arrival                          0.760    
  -------------------------------------------------------------------
                         relative delay                         0.181    



Id: 14
set_bus_skew -from [get_cells [list {ae_ddr_axis_event_buffer_inst/u_ae_ddr_event_buffer/u_data_fifo/gnuram_async_fifo.xpm_fifo_base_inst/gen_cdc_pntr.rd_pntr_cdc_inst/src_gray_ff_reg[0]} {ae_ddr_axis_event_buffer_inst/u_ae_ddr_event_buffer/u_data_fifo/gnuram_async_fifo.xpm_fifo_base_inst/gen_cdc_pntr.rd_pntr_cdc_inst/src_gray_ff_reg[1]} {ae_ddr_axis_event_buffer_inst/u_ae_ddr_event_buffer/u_data_fifo/gnuram_async_fifo.xpm_fifo_base_inst/gen_cdc_pntr.rd_pntr_cdc_inst/src_gray_ff_reg[2]} {ae_ddr_axis_event_buffer_inst/u_ae_ddr_event_buffer/u_data_fifo/gnuram_async_fifo.xpm_fifo_base_inst/gen_cdc_pntr.rd_pntr_cdc_inst/src_gray_ff_reg[3]} {ae_ddr_axis_event_buffer_inst/u_ae_ddr_event_buffer/u_data_fifo/gnuram_async_fifo.xpm_fifo_base_inst/gen_cdc_pntr.rd_pntr_cdc_inst/src_gray_ff_reg[4]} {ae_ddr_axis_event_buffer_inst/u_ae_ddr_event_buffer/u_data_fifo/gnuram_async_fifo.xpm_fifo_base_inst/gen_cdc_pntr.rd_pntr_cdc_inst/src_gray_ff_reg[5]} {ae_ddr_axis_event_buffer_inst/u_ae_ddr_event_buffer/u_data_fifo/gnuram_async_fifo.xpm_fifo_base_inst/gen_cdc_pntr.rd_pntr_cdc_inst/src_gray_ff_reg[6]} {ae_ddr_axis_event_buffer_inst/u_ae_ddr_event_buffer/u_data_fifo/gnuram_async_fifo.xpm_fifo_base_inst/gen_cdc_pntr.rd_pntr_cdc_inst/src_gray_ff_reg[7]} {ae_ddr_axis_event_buffer_inst/u_ae_ddr_event_buffer/u_data_fifo/gnuram_async_fifo.xpm_fifo_base_inst/gen_cdc_pntr.rd_pntr_cdc_inst/src_gray_ff_reg[8]}]] -to [get_cells [list {ae_ddr_axis_event_buffer_inst/u_ae_ddr_event_buffer/u_data_fifo/gnuram_async_fifo.xpm_fifo_base_inst/gen_cdc_pntr.rd_pntr_cdc_inst/dest_graysync_ff_reg[0][0]} {ae_ddr_axis_event_buffer_inst/u_ae_ddr_event_buffer/u_data_fifo/gnuram_async_fifo.xpm_fifo_base_inst/gen_cdc_pntr.rd_pntr_cdc_inst/dest_graysync_ff_reg[0][1]} {ae_ddr_axis_event_buffer_inst/u_ae_ddr_event_buffer/u_data_fifo/gnuram_async_fifo.xpm_fifo_base_inst/gen_cdc_pntr.rd_pntr_cdc_inst/dest_graysync_ff_reg[0][2]} {ae_ddr_axis_event_buffer_inst/u_ae_ddr_event_buffer/u_data_fifo/gnuram_async_fifo.xpm_fifo_base_inst/gen_cdc_pntr.rd_pntr_cdc_inst/dest_graysync_ff_reg[0][3]} {ae_ddr_axis_event_buffer_inst/u_ae_ddr_event_buffer/u_data_fifo/gnuram_async_fifo.xpm_fifo_base_inst/gen_cdc_pntr.rd_pntr_cdc_inst/dest_graysync_ff_reg[0][4]} {ae_ddr_axis_event_buffer_inst/u_ae_ddr_event_buffer/u_data_fifo/gnuram_async_fifo.xpm_fifo_base_inst/gen_cdc_pntr.rd_pntr_cdc_inst/dest_graysync_ff_reg[0][5]} {ae_ddr_axis_event_buffer_inst/u_ae_ddr_event_buffer/u_data_fifo/gnuram_async_fifo.xpm_fifo_base_inst/gen_cdc_pntr.rd_pntr_cdc_inst/dest_graysync_ff_reg[0][6]} {ae_ddr_axis_event_buffer_inst/u_ae_ddr_event_buffer/u_data_fifo/gnuram_async_fifo.xpm_fifo_base_inst/gen_cdc_pntr.rd_pntr_cdc_inst/dest_graysync_ff_reg[0][7]} {ae_ddr_axis_event_buffer_inst/u_ae_ddr_event_buffer/u_data_fifo/gnuram_async_fifo.xpm_fifo_base_inst/gen_cdc_pntr.rd_pntr_cdc_inst/dest_graysync_ff_reg[0][8]}]] 5.000
Requirement: 5.000ns
Endpoints: 9

From Clock            To Clock              Endpoint Pin                    Reference Pin                   Corner  Actual(ns)  Slack(ns)
--------------------  --------------------  ------------------------------  ------------------------------  ------  ----------  ---------
clk_pll_i             sys_clk_system_clk_module
                                            ae_ddr_axis_event_buffer_inst/u_ae_ddr_event_buffer/u_data_fifo/gnuram_async_fifo.xpm_fifo_base_inst/gen_cdc_pntr.rd_pntr_cdc_inst/dest_graysync_ff_reg[0][1]/D
                                                                            ae_ddr_axis_event_buffer_inst/u_ae_ddr_event_buffer/u_data_fifo/gnuram_async_fifo.xpm_fifo_base_inst/gen_cdc_pntr.rd_pntr_cdc_inst/dest_graysync_ff_reg[0][6]/D
                                                                                                            Slow         0.898      4.102


Slack (MET) :             4.102ns  (requirement - actual skew)
  Endpoint Source:        ae_ddr_axis_event_buffer_inst/u_ae_ddr_event_buffer/u_data_fifo/gnuram_async_fifo.xpm_fifo_base_inst/gen_cdc_pntr.rd_pntr_cdc_inst/src_gray_ff_reg[1]/C
                            (rising edge-triggered cell FDRE clocked by clk_pll_i)
  Endpoint Destination:   ae_ddr_axis_event_buffer_inst/u_ae_ddr_event_buffer/u_data_fifo/gnuram_async_fifo.xpm_fifo_base_inst/gen_cdc_pntr.rd_pntr_cdc_inst/dest_graysync_ff_reg[0][1]/D
                            (rising edge-triggered cell FDRE clocked by sys_clk_system_clk_module)
  Reference Source:       ae_ddr_axis_event_buffer_inst/u_ae_ddr_event_buffer/u_data_fifo/gnuram_async_fifo.xpm_fifo_base_inst/gen_cdc_pntr.rd_pntr_cdc_inst/src_gray_ff_reg[6]/C
                            (rising edge-triggered cell FDRE clocked by clk_pll_i)
  Reference Destination:  ae_ddr_axis_event_buffer_inst/u_ae_ddr_event_buffer/u_data_fifo/gnuram_async_fifo.xpm_fifo_base_inst/gen_cdc_pntr.rd_pntr_cdc_inst/dest_graysync_ff_reg[0][6]/D
                            (rising edge-triggered cell FDRE clocked by sys_clk_system_clk_module)
  Path Type:              Bus Skew (Max at Slow Process Corner)
  Requirement:            5.000ns
  Endpoint Relative Delay:    3.276ns
  Reference Relative Delay:   2.223ns
  Relative CRPR:              0.361ns
  Uncertainty:                0.206ns
  Actual Bus Skew:            0.898ns  (Endpoint Relative Delay - Reference Relative Delay - Relative CRPR + Uncertainty)

Endpoint path:
    Location             Delay type                Incr(ns)  Path(ns)    Netlist Resource(s)
  -------------------------------------------------------------------    -------------------
                         (clock clk_pll_i rise edge)
                                                      0.000     0.000 r  
    R4                                                0.000     0.000 r  sys_clk_p (IN)
                         net (fo=0)                   0.000     0.000    system_clk_module_inst/inst/clk_in1_p
    R4                   IBUFDS (Prop_ibufds_I_O)     0.842     0.842 r  system_clk_module_inst/inst/clkin1_ibufgds/O
                         net (fo=1, routed)           3.576     4.418    system_clk_module_inst/inst/clk_in1_system_clk_module
    MMCME2_ADV_X0Y2      MMCME2_ADV (Prop_mmcme2_adv_CLKIN1_CLKOUT0)
                                                     -6.325    -1.907 r  system_clk_module_inst/inst/mmcm_adv_inst/CLKOUT0
                         net (fo=1, routed)           1.559    -0.348    system_clk_module_inst/inst/sys_clk_system_clk_module
    BUFGCTRL_X0Y1        BUFG (Prop_bufg_I_O)         0.081    -0.267 r  system_clk_module_inst/inst/clkout1_buf/O
                         net (fo=11069, routed)       1.661     1.394    ae_ddr_clk_400M_inst/inst/sys_clk_200M
    MMCME2_ADV_X0Y1      MMCME2_ADV (Prop_mmcme2_adv_CLKIN1_CLKOUT0)
                                                     -3.574    -2.180 r  ae_ddr_clk_400M_inst/inst/mmcm_adv_inst/CLKOUT0
                         net (fo=1, routed)           1.832    -0.348    ae_ddr_clk_400M_inst/inst/ae_ddr_clk_ddr_clk_gen_400M
    BUFGCTRL_X0Y6        BUFG (Prop_bufg_I_O)         0.081    -0.267 r  ae_ddr_clk_400M_inst/inst/clkout1_buf/O
                         net (fo=1, routed)           1.519     1.252    ae_ddr_axis_event_buffer_inst/u_ae_ddr_event_buffer/gen_mig_ddr3.u_ddr3/u_ddr3_mig/u_ddr3_infrastructure/mmcm_clk
    PLLE2_ADV_X1Y2       PLLE2_ADV (Prop_plle2_adv_CLKIN1_CLKOUT3)
                                                      0.077     1.329 r  ae_ddr_axis_event_buffer_inst/u_ae_ddr_event_buffer/gen_mig_ddr3.u_ddr3/u_ddr3_mig/u_ddr3_infrastructure/plle2_i/CLKOUT3
                         net (fo=1, routed)           1.165     2.494    ae_ddr_axis_event_buffer_inst/u_ae_ddr_event_buffer/gen_mig_ddr3.u_ddr3/u_ddr3_mig/u_ddr3_infrastructure/pll_clk3_out
    BUFHCE_X1Y24         BUFH (Prop_bufh_I_O)         0.106     2.600 r  ae_ddr_axis_event_buffer_inst/u_ae_ddr_event_buffer/gen_mig_ddr3.u_ddr3/u_ddr3_mig/u_ddr3_infrastructure/u_bufh_pll_clk3/O
                         net (fo=1, routed)           0.813     3.413    ae_ddr_axis_event_buffer_inst/u_ae_ddr_event_buffer/gen_mig_ddr3.u_ddr3/u_ddr3_mig/u_ddr3_infrastructure/pll_clk3
    MMCME2_ADV_X1Y2      MMCME2_ADV (Prop_mmcme2_adv_CLKIN1_CLKFBOUT)
                                                     -3.104     0.308 r  ae_ddr_axis_event_buffer_inst/u_ae_ddr_event_buffer/gen_mig_ddr3.u_ddr3/u_ddr3_mig/u_ddr3_infrastructure/gen_mmcm.mmcm_i/CLKFBOUT
                         net (fo=1, routed)           1.524     1.832    ae_ddr_axis_event_buffer_inst/u_ae_ddr_event_buffer/gen_mig_ddr3.u_ddr3/u_ddr3_mig/u_ddr3_infrastructure/clk_pll_i
    BUFGCTRL_X0Y0        BUFG (Prop_bufg_I_O)         0.081     1.913 r  ae_ddr_axis_event_buffer_inst/u_ae_ddr_event_buffer/gen_mig_ddr3.u_ddr3/u_ddr3_mig/u_ddr3_infrastructure/u_bufg_clkdiv0/O
                         net (fo=11684, routed)       1.418     3.331    ae_ddr_axis_event_buffer_inst/u_ae_ddr_event_buffer/u_data_fifo/gnuram_async_fifo.xpm_fifo_base_inst/gen_cdc_pntr.rd_pntr_cdc_inst/src_clk
    SLICE_X132Y130       FDRE                                         r  ae_ddr_axis_event_buffer_inst/u_ae_ddr_event_buffer/u_data_fifo/gnuram_async_fifo.xpm_fifo_base_inst/gen_cdc_pntr.rd_pntr_cdc_inst/src_gray_ff_reg[1]/C
  -------------------------------------------------------------------    -------------------
    SLICE_X132Y130       FDRE (Prop_fdre_C_Q)         0.398     3.729 r  ae_ddr_axis_event_buffer_inst/u_ae_ddr_event_buffer/u_data_fifo/gnuram_async_fifo.xpm_fifo_base_inst/gen_cdc_pntr.rd_pntr_cdc_inst/src_gray_ff_reg[1]/Q
                         net (fo=1, routed)           0.388     4.117    ae_ddr_axis_event_buffer_inst/u_ae_ddr_event_buffer/u_data_fifo/gnuram_async_fifo.xpm_fifo_base_inst/gen_cdc_pntr.rd_pntr_cdc_inst/async_path[1]
    SLICE_X131Y129       FDRE                                         r  ae_ddr_axis_event_buffer_inst/u_ae_ddr_event_buffer/u_data_fifo/gnuram_async_fifo.xpm_fifo_base_inst/gen_cdc_pntr.rd_pntr_cdc_inst/dest_graysync_ff_reg[0][1]/D
  -------------------------------------------------------------------    -------------------

                         (clock sys_clk_system_clk_module rise edge)
                                                      0.000     0.000 r  
    R4                                                0.000     0.000 r  sys_clk_p (IN)
                         net (fo=0)                   0.000     0.000    system_clk_module_inst/inst/clk_in1_p
    R4                   IBUFDS (Prop_ibufds_I_O)     0.804     0.804 r  system_clk_module_inst/inst/clkin1_ibufgds/O
                         net (fo=1, routed)           3.050     3.854    system_clk_module_inst/inst/clk_in1_system_clk_module
    MMCME2_ADV_X0Y2      MMCME2_ADV (Prop_mmcme2_adv_CLKIN1_CLKOUT0)
                                                     -6.451    -2.597 r  system_clk_module_inst/inst/mmcm_adv_inst/CLKOUT0
                         net (fo=1, routed)           1.488    -1.110    system_clk_module_inst/inst/sys_clk_system_clk_module
    BUFGCTRL_X0Y1        BUFG (Prop_bufg_I_O)         0.077    -1.033 r  system_clk_module_inst/inst/clkout1_buf/O
                         net (fo=11069, routed)       1.310     0.277    ae_ddr_axis_event_buffer_inst/u_ae_ddr_event_buffer/u_data_fifo/gnuram_async_fifo.xpm_fifo_base_inst/gen_cdc_pntr.rd_pntr_cdc_inst/dest_clk
    SLICE_X131Y129       FDRE                                         r  ae_ddr_axis_event_buffer_inst/u_ae_ddr_event_buffer/u_data_fifo/gnuram_async_fifo.xpm_fifo_base_inst/gen_cdc_pntr.rd_pntr_cdc_inst/dest_graysync_ff_reg[0][1]/C
                         clock pessimism              0.766     1.043    
    SLICE_X131Y129       FDRE (Setup_fdre_C_D)       -0.202     0.841    ae_ddr_axis_event_buffer_inst/u_ae_ddr_event_buffer/u_data_fifo/gnuram_async_fifo.xpm_fifo_base_inst/gen_cdc_pntr.rd_pntr_cdc_inst/dest_graysync_ff_reg[0][1]
  -------------------------------------------------------------------
                         data arrival                           4.117    
                         clock arrival                          0.841    
  -------------------------------------------------------------------
                         relative delay                         3.276    

Reference path:
    Location             Delay type                Incr(ns)  Path(ns)    Netlist Resource(s)
  -------------------------------------------------------------------    -------------------
                         (clock clk_pll_i rise edge)
                                                      0.000     0.000 r  
    R4                                                0.000     0.000 r  sys_clk_p (IN)
                         net (fo=0)                   0.000     0.000    system_clk_module_inst/inst/clk_in1_p
    R4                   IBUFDS (Prop_ibufds_I_O)     0.804     0.804 r  system_clk_module_inst/inst/clkin1_ibufgds/O
                         net (fo=1, routed)           3.050     3.854    system_clk_module_inst/inst/clk_in1_system_clk_module
    MMCME2_ADV_X0Y2      MMCME2_ADV (Prop_mmcme2_adv_CLKIN1_CLKOUT0)
                                                     -6.451    -2.597 r  system_clk_module_inst/inst/mmcm_adv_inst/CLKOUT0
                         net (fo=1, routed)           1.488    -1.110    system_clk_module_inst/inst/sys_clk_system_clk_module
    BUFGCTRL_X0Y1        BUFG (Prop_bufg_I_O)         0.077    -1.033 r  system_clk_module_inst/inst/clkout1_buf/O
                         net (fo=11069, routed)       1.553     0.520    ae_ddr_clk_400M_inst/inst/sys_clk_200M
    MMCME2_ADV_X0Y1      MMCME2_ADV (Prop_mmcme2_adv_CLKIN1_CLKOUT0)
                                                     -3.377    -2.857 r  ae_ddr_clk_400M_inst/inst/mmcm_adv_inst/CLKOUT0
                         net (fo=1, routed)           1.747    -1.110    ae_ddr_clk_400M_inst/inst/ae_ddr_clk_ddr_clk_gen_400M
    BUFGCTRL_X0Y6        BUFG (Prop_bufg_I_O)         0.077    -1.033 r  ae_ddr_clk_400M_inst/inst/clkout1_buf/O
                         net (fo=1, routed)           1.417     0.384    ae_ddr_axis_event_buffer_inst/u_ae_ddr_event_buffer/gen_mig_ddr3.u_ddr3/u_ddr3_mig/u_ddr3_infrastructure/mmcm_clk
    PLLE2_ADV_X1Y2       PLLE2_ADV (Prop_plle2_adv_CLKIN1_CLKOUT3)
                                                      0.073     0.457 r  ae_ddr_axis_event_buffer_inst/u_ae_ddr_event_buffer/gen_mig_ddr3.u_ddr3/u_ddr3_mig/u_ddr3_infrastructure/plle2_i/CLKOUT3
                         net (fo=1, routed)           1.029     1.486    ae_ddr_axis_event_buffer_inst/u_ae_ddr_event_buffer/gen_mig_ddr3.u_ddr3/u_ddr3_mig/u_ddr3_infrastructure/pll_clk3_out
    BUFHCE_X1Y24         BUFH (Prop_bufh_I_O)         0.069     1.555 r  ae_ddr_axis_event_buffer_inst/u_ae_ddr_event_buffer/gen_mig_ddr3.u_ddr3/u_ddr3_mig/u_ddr3_infrastructure/u_bufh_pll_clk3/O
                         net (fo=1, routed)           0.777     2.332    ae_ddr_axis_event_buffer_inst/u_ae_ddr_event_buffer/gen_mig_ddr3.u_ddr3/u_ddr3_mig/u_ddr3_infrastructure/pll_clk3
    MMCME2_ADV_X1Y2      MMCME2_ADV (Prop_mmcme2_adv_CLKIN1_CLKFBOUT)
                                                     -2.927    -0.595 r  ae_ddr_axis_event_buffer_inst/u_ae_ddr_event_buffer/gen_mig_ddr3.u_ddr3/u_ddr3_mig/u_ddr3_infrastructure/gen_mmcm.mmcm_i/CLKFBOUT
                         net (fo=1, routed)           1.452     0.857    ae_ddr_axis_event_buffer_inst/u_ae_ddr_event_buffer/gen_mig_ddr3.u_ddr3/u_ddr3_mig/u_ddr3_infrastructure/clk_pll_i
    BUFGCTRL_X0Y0        BUFG (Prop_bufg_I_O)         0.077     0.934 r  ae_ddr_axis_event_buffer_inst/u_ae_ddr_event_buffer/gen_mig_ddr3.u_ddr3/u_ddr3_mig/u_ddr3_infrastructure/u_bufg_clkdiv0/O
                         net (fo=11684, routed)       1.311     2.245    ae_ddr_axis_event_buffer_inst/u_ae_ddr_event_buffer/u_data_fifo/gnuram_async_fifo.xpm_fifo_base_inst/gen_cdc_pntr.rd_pntr_cdc_inst/src_clk
    SLICE_X130Y130       FDRE                                         r  ae_ddr_axis_event_buffer_inst/u_ae_ddr_event_buffer/u_data_fifo/gnuram_async_fifo.xpm_fifo_base_inst/gen_cdc_pntr.rd_pntr_cdc_inst/src_gray_ff_reg[6]/C
  -------------------------------------------------------------------    -------------------
    SLICE_X130Y130       FDRE (Prop_fdre_C_Q)         0.304     2.549 r  ae_ddr_axis_event_buffer_inst/u_ae_ddr_event_buffer/u_data_fifo/gnuram_async_fifo.xpm_fifo_base_inst/gen_cdc_pntr.rd_pntr_cdc_inst/src_gray_ff_reg[6]/Q
                         net (fo=1, routed)           0.195     2.744    ae_ddr_axis_event_buffer_inst/u_ae_ddr_event_buffer/u_data_fifo/gnuram_async_fifo.xpm_fifo_base_inst/gen_cdc_pntr.rd_pntr_cdc_inst/async_path[6]
    SLICE_X130Y129       FDRE                                         r  ae_ddr_axis_event_buffer_inst/u_ae_ddr_event_buffer/u_data_fifo/gnuram_async_fifo.xpm_fifo_base_inst/gen_cdc_pntr.rd_pntr_cdc_inst/dest_graysync_ff_reg[0][6]/D
  -------------------------------------------------------------------    -------------------

                         (clock sys_clk_system_clk_module rise edge)
                                                      0.000     0.000 r  
    R4                                                0.000     0.000 r  sys_clk_p (IN)
                         net (fo=0)                   0.000     0.000    system_clk_module_inst/inst/clk_in1_p
    R4                   IBUFDS (Prop_ibufds_I_O)     0.842     0.842 r  system_clk_module_inst/inst/clkin1_ibufgds/O
                         net (fo=1, routed)           3.576     4.418    system_clk_module_inst/inst/clk_in1_system_clk_module
    MMCME2_ADV_X0Y2      MMCME2_ADV (Prop_mmcme2_adv_CLKIN1_CLKOUT0)
                                                     -6.325    -1.907 r  system_clk_module_inst/inst/mmcm_adv_inst/CLKOUT0
                         net (fo=1, routed)           1.559    -0.348    system_clk_module_inst/inst/sys_clk_system_clk_module
    BUFGCTRL_X0Y1        BUFG (Prop_bufg_I_O)         0.081    -0.267 r  system_clk_module_inst/inst/clkout1_buf/O
                         net (fo=11069, routed)       1.416     1.149    ae_ddr_axis_event_buffer_inst/u_ae_ddr_event_buffer/u_data_fifo/gnuram_async_fifo.xpm_fifo_base_inst/gen_cdc_pntr.rd_pntr_cdc_inst/dest_clk
    SLICE_X130Y129       FDRE                                         r  ae_ddr_axis_event_buffer_inst/u_ae_ddr_event_buffer/u_data_fifo/gnuram_async_fifo.xpm_fifo_base_inst/gen_cdc_pntr.rd_pntr_cdc_inst/dest_graysync_ff_reg[0][6]/C
                         clock pessimism             -0.766     0.383    
    SLICE_X130Y129       FDRE (Hold_fdre_C_D)         0.138     0.521    ae_ddr_axis_event_buffer_inst/u_ae_ddr_event_buffer/u_data_fifo/gnuram_async_fifo.xpm_fifo_base_inst/gen_cdc_pntr.rd_pntr_cdc_inst/dest_graysync_ff_reg[0][6]
  -------------------------------------------------------------------
                         data arrival                           2.744    
                         clock arrival                          0.521    
  -------------------------------------------------------------------
                         relative delay                         2.223    



Id: 15
set_bus_skew -from [get_cells [list {ae_ddr_axis_event_buffer_inst/u_ae_ddr_event_buffer/u_data_fifo/gnuram_async_fifo.xpm_fifo_base_inst/gen_cdc_pntr.wr_pntr_cdc_inst/src_gray_ff_reg[0]} {ae_ddr_axis_event_buffer_inst/u_ae_ddr_event_buffer/u_data_fifo/gnuram_async_fifo.xpm_fifo_base_inst/gen_cdc_pntr.wr_pntr_cdc_inst/src_gray_ff_reg[1]} {ae_ddr_axis_event_buffer_inst/u_ae_ddr_event_buffer/u_data_fifo/gnuram_async_fifo.xpm_fifo_base_inst/gen_cdc_pntr.wr_pntr_cdc_inst/src_gray_ff_reg[2]} {ae_ddr_axis_event_buffer_inst/u_ae_ddr_event_buffer/u_data_fifo/gnuram_async_fifo.xpm_fifo_base_inst/gen_cdc_pntr.wr_pntr_cdc_inst/src_gray_ff_reg[3]} {ae_ddr_axis_event_buffer_inst/u_ae_ddr_event_buffer/u_data_fifo/gnuram_async_fifo.xpm_fifo_base_inst/gen_cdc_pntr.wr_pntr_cdc_inst/src_gray_ff_reg[4]} {ae_ddr_axis_event_buffer_inst/u_ae_ddr_event_buffer/u_data_fifo/gnuram_async_fifo.xpm_fifo_base_inst/gen_cdc_pntr.wr_pntr_cdc_inst/src_gray_ff_reg[5]} {ae_ddr_axis_event_buffer_inst/u_ae_ddr_event_buffer/u_data_fifo/gnuram_async_fifo.xpm_fifo_base_inst/gen_cdc_pntr.wr_pntr_cdc_inst/src_gray_ff_reg[6]} {ae_ddr_axis_event_buffer_inst/u_ae_ddr_event_buffer/u_data_fifo/gnuram_async_fifo.xpm_fifo_base_inst/gen_cdc_pntr.wr_pntr_cdc_inst/src_gray_ff_reg[7]} {ae_ddr_axis_event_buffer_inst/u_ae_ddr_event_buffer/u_data_fifo/gnuram_async_fifo.xpm_fifo_base_inst/gen_cdc_pntr.wr_pntr_cdc_inst/src_gray_ff_reg[8]}]] -to [get_cells [list {ae_ddr_axis_event_buffer_inst/u_ae_ddr_event_buffer/u_data_fifo/gnuram_async_fifo.xpm_fifo_base_inst/gen_cdc_pntr.wr_pntr_cdc_inst/dest_graysync_ff_reg[0][0]} {ae_ddr_axis_event_buffer_inst/u_ae_ddr_event_buffer/u_data_fifo/gnuram_async_fifo.xpm_fifo_base_inst/gen_cdc_pntr.wr_pntr_cdc_inst/dest_graysync_ff_reg[0][1]} {ae_ddr_axis_event_buffer_inst/u_ae_ddr_event_buffer/u_data_fifo/gnuram_async_fifo.xpm_fifo_base_inst/gen_cdc_pntr.wr_pntr_cdc_inst/dest_graysync_ff_reg[0][2]} {ae_ddr_axis_event_buffer_inst/u_ae_ddr_event_buffer/u_data_fifo/gnuram_async_fifo.xpm_fifo_base_inst/gen_cdc_pntr.wr_pntr_cdc_inst/dest_graysync_ff_reg[0][3]} {ae_ddr_axis_event_buffer_inst/u_ae_ddr_event_buffer/u_data_fifo/gnuram_async_fifo.xpm_fifo_base_inst/gen_cdc_pntr.wr_pntr_cdc_inst/dest_graysync_ff_reg[0][4]} {ae_ddr_axis_event_buffer_inst/u_ae_ddr_event_buffer/u_data_fifo/gnuram_async_fifo.xpm_fifo_base_inst/gen_cdc_pntr.wr_pntr_cdc_inst/dest_graysync_ff_reg[0][5]} {ae_ddr_axis_event_buffer_inst/u_ae_ddr_event_buffer/u_data_fifo/gnuram_async_fifo.xpm_fifo_base_inst/gen_cdc_pntr.wr_pntr_cdc_inst/dest_graysync_ff_reg[0][6]} {ae_ddr_axis_event_buffer_inst/u_ae_ddr_event_buffer/u_data_fifo/gnuram_async_fifo.xpm_fifo_base_inst/gen_cdc_pntr.wr_pntr_cdc_inst/dest_graysync_ff_reg[0][7]} {ae_ddr_axis_event_buffer_inst/u_ae_ddr_event_buffer/u_data_fifo/gnuram_async_fifo.xpm_fifo_base_inst/gen_cdc_pntr.wr_pntr_cdc_inst/dest_graysync_ff_reg[0][8]}]] 5.000
Requirement: 5.000ns
Endpoints: 9

From Clock            To Clock              Endpoint Pin                    Reference Pin                   Corner  Actual(ns)  Slack(ns)
--------------------  --------------------  ------------------------------  ------------------------------  ------  ----------  ---------
sys_clk_system_clk_module
                      clk_pll_i             ae_ddr_axis_event_buffer_inst/u_ae_ddr_event_buffer/u_data_fifo/gnuram_async_fifo.xpm_fifo_base_inst/gen_cdc_pntr.wr_pntr_cdc_inst/dest_graysync_ff_reg[0][1]/D
                                                                            ae_ddr_axis_event_buffer_inst/u_ae_ddr_event_buffer/u_data_fifo/gnuram_async_fifo.xpm_fifo_base_inst/gen_cdc_pntr.wr_pntr_cdc_inst/dest_graysync_ff_reg[0][4]/D
                                                                                                            Slow         0.910      4.090


Slack (MET) :             4.090ns  (requirement - actual skew)
  Endpoint Source:        ae_ddr_axis_event_buffer_inst/u_ae_ddr_event_buffer/u_data_fifo/gnuram_async_fifo.xpm_fifo_base_inst/gen_cdc_pntr.wr_pntr_cdc_inst/src_gray_ff_reg[1]/C
                            (rising edge-triggered cell FDRE clocked by sys_clk_system_clk_module)
  Endpoint Destination:   ae_ddr_axis_event_buffer_inst/u_ae_ddr_event_buffer/u_data_fifo/gnuram_async_fifo.xpm_fifo_base_inst/gen_cdc_pntr.wr_pntr_cdc_inst/dest_graysync_ff_reg[0][1]/D
                            (rising edge-triggered cell FDRE clocked by clk_pll_i)
  Reference Source:       ae_ddr_axis_event_buffer_inst/u_ae_ddr_event_buffer/u_data_fifo/gnuram_async_fifo.xpm_fifo_base_inst/gen_cdc_pntr.wr_pntr_cdc_inst/src_gray_ff_reg[4]/C
                            (rising edge-triggered cell FDRE clocked by sys_clk_system_clk_module)
  Reference Destination:  ae_ddr_axis_event_buffer_inst/u_ae_ddr_event_buffer/u_data_fifo/gnuram_async_fifo.xpm_fifo_base_inst/gen_cdc_pntr.wr_pntr_cdc_inst/dest_graysync_ff_reg[0][4]/D
                            (rising edge-triggered cell FDRE clocked by clk_pll_i)
  Path Type:              Bus Skew (Max at Slow Process Corner)
  Requirement:            5.000ns
  Endpoint Relative Delay:   -0.818ns
  Reference Relative Delay:  -1.925ns
  Relative CRPR:              0.402ns
  Uncertainty:                0.206ns
  Actual Bus Skew:            0.910ns  (Endpoint Relative Delay - Reference Relative Delay - Relative CRPR + Uncertainty)

Endpoint path:
    Location             Delay type                Incr(ns)  Path(ns)    Netlist Resource(s)
  -------------------------------------------------------------------    -------------------
                         (clock sys_clk_system_clk_module rise edge)
                                                      0.000     0.000 r  
    R4                                                0.000     0.000 r  sys_clk_p (IN)
                         net (fo=0)                   0.000     0.000    system_clk_module_inst/inst/clk_in1_p
    R4                   IBUFDS (Prop_ibufds_I_O)     0.842     0.842 r  system_clk_module_inst/inst/clkin1_ibufgds/O
                         net (fo=1, routed)           3.576     4.418    system_clk_module_inst/inst/clk_in1_system_clk_module
    MMCME2_ADV_X0Y2      MMCME2_ADV (Prop_mmcme2_adv_CLKIN1_CLKOUT0)
                                                     -6.325    -1.907 r  system_clk_module_inst/inst/mmcm_adv_inst/CLKOUT0
                         net (fo=1, routed)           1.559    -0.348    system_clk_module_inst/inst/sys_clk_system_clk_module
    BUFGCTRL_X0Y1        BUFG (Prop_bufg_I_O)         0.081    -0.267 r  system_clk_module_inst/inst/clkout1_buf/O
                         net (fo=11069, routed)       1.419     1.152    ae_ddr_axis_event_buffer_inst/u_ae_ddr_event_buffer/u_data_fifo/gnuram_async_fifo.xpm_fifo_base_inst/gen_cdc_pntr.wr_pntr_cdc_inst/src_clk
    SLICE_X127Y132       FDRE                                         r  ae_ddr_axis_event_buffer_inst/u_ae_ddr_event_buffer/u_data_fifo/gnuram_async_fifo.xpm_fifo_base_inst/gen_cdc_pntr.wr_pntr_cdc_inst/src_gray_ff_reg[1]/C
  -------------------------------------------------------------------    -------------------
    SLICE_X127Y132       FDRE (Prop_fdre_C_Q)         0.348     1.500 r  ae_ddr_axis_event_buffer_inst/u_ae_ddr_event_buffer/u_data_fifo/gnuram_async_fifo.xpm_fifo_base_inst/gen_cdc_pntr.wr_pntr_cdc_inst/src_gray_ff_reg[1]/Q
                         net (fo=1, routed)           0.484     1.983    ae_ddr_axis_event_buffer_inst/u_ae_ddr_event_buffer/u_data_fifo/gnuram_async_fifo.xpm_fifo_base_inst/gen_cdc_pntr.wr_pntr_cdc_inst/async_path[1]
    SLICE_X126Y132       FDRE                                         r  ae_ddr_axis_event_buffer_inst/u_ae_ddr_event_buffer/u_data_fifo/gnuram_async_fifo.xpm_fifo_base_inst/gen_cdc_pntr.wr_pntr_cdc_inst/dest_graysync_ff_reg[0][1]/D
  -------------------------------------------------------------------    -------------------

                         (clock clk_pll_i rise edge)
                                                      0.000     0.000 r  
    R4                                                0.000     0.000 r  sys_clk_p (IN)
                         net (fo=0)                   0.000     0.000    system_clk_module_inst/inst/clk_in1_p
    R4                   IBUFDS (Prop_ibufds_I_O)     0.804     0.804 r  system_clk_module_inst/inst/clkin1_ibufgds/O
                         net (fo=1, routed)           3.050     3.854    system_clk_module_inst/inst/clk_in1_system_clk_module
    MMCME2_ADV_X0Y2      MMCME2_ADV (Prop_mmcme2_adv_CLKIN1_CLKOUT0)
                                                     -6.451    -2.597 r  system_clk_module_inst/inst/mmcm_adv_inst/CLKOUT0
                         net (fo=1, routed)           1.488    -1.110    system_clk_module_inst/inst/sys_clk_system_clk_module
    BUFGCTRL_X0Y1        BUFG (Prop_bufg_I_O)         0.077    -1.033 r  system_clk_module_inst/inst/clkout1_buf/O
                         net (fo=11069, routed)       1.553     0.520    ae_ddr_clk_400M_inst/inst/sys_clk_200M
    MMCME2_ADV_X0Y1      MMCME2_ADV (Prop_mmcme2_adv_CLKIN1_CLKOUT0)
                                                     -3.377    -2.857 r  ae_ddr_clk_400M_inst/inst/mmcm_adv_inst/CLKOUT0
                         net (fo=1, routed)           1.747    -1.110    ae_ddr_clk_400M_inst/inst/ae_ddr_clk_ddr_clk_gen_400M
    BUFGCTRL_X0Y6        BUFG (Prop_bufg_I_O)         0.077    -1.033 r  ae_ddr_clk_400M_inst/inst/clkout1_buf/O
                         net (fo=1, routed)           1.417     0.384    ae_ddr_axis_event_buffer_inst/u_ae_ddr_event_buffer/gen_mig_ddr3.u_ddr3/u_ddr3_mig/u_ddr3_infrastructure/mmcm_clk
    PLLE2_ADV_X1Y2       PLLE2_ADV (Prop_plle2_adv_CLKIN1_CLKOUT3)
                                                      0.073     0.457 r  ae_ddr_axis_event_buffer_inst/u_ae_ddr_event_buffer/gen_mig_ddr3.u_ddr3/u_ddr3_mig/u_ddr3_infrastructure/plle2_i/CLKOUT3
                         net (fo=1, routed)           1.029     1.486    ae_ddr_axis_event_buffer_inst/u_ae_ddr_event_buffer/gen_mig_ddr3.u_ddr3/u_ddr3_mig/u_ddr3_infrastructure/pll_clk3_out
    BUFHCE_X1Y24         BUFH (Prop_bufh_I_O)         0.069     1.555 r  ae_ddr_axis_event_buffer_inst/u_ae_ddr_event_buffer/gen_mig_ddr3.u_ddr3/u_ddr3_mig/u_ddr3_infrastructure/u_bufh_pll_clk3/O
                         net (fo=1, routed)           0.777     2.332    ae_ddr_axis_event_buffer_inst/u_ae_ddr_event_buffer/gen_mig_ddr3.u_ddr3/u_ddr3_mig/u_ddr3_infrastructure/pll_clk3
    MMCME2_ADV_X1Y2      MMCME2_ADV (Prop_mmcme2_adv_CLKIN1_CLKFBOUT)
                                                     -2.927    -0.595 r  ae_ddr_axis_event_buffer_inst/u_ae_ddr_event_buffer/gen_mig_ddr3.u_ddr3/u_ddr3_mig/u_ddr3_infrastructure/gen_mmcm.mmcm_i/CLKFBOUT
                         net (fo=1, routed)           1.452     0.857    ae_ddr_axis_event_buffer_inst/u_ae_ddr_event_buffer/gen_mig_ddr3.u_ddr3/u_ddr3_mig/u_ddr3_infrastructure/clk_pll_i
    BUFGCTRL_X0Y0        BUFG (Prop_bufg_I_O)         0.077     0.934 r  ae_ddr_axis_event_buffer_inst/u_ae_ddr_event_buffer/gen_mig_ddr3.u_ddr3/u_ddr3_mig/u_ddr3_infrastructure/u_bufg_clkdiv0/O
                         net (fo=11684, routed)       1.312     2.246    ae_ddr_axis_event_buffer_inst/u_ae_ddr_event_buffer/u_data_fifo/gnuram_async_fifo.xpm_fifo_base_inst/gen_cdc_pntr.wr_pntr_cdc_inst/dest_clk
    SLICE_X126Y132       FDRE                                         r  ae_ddr_axis_event_buffer_inst/u_ae_ddr_event_buffer/u_data_fifo/gnuram_async_fifo.xpm_fifo_base_inst/gen_cdc_pntr.wr_pntr_cdc_inst/dest_graysync_ff_reg[0][1]/C
                         clock pessimism              0.766     3.012    
    SLICE_X126Y132       FDRE (Setup_fdre_C_D)       -0.210     2.802    ae_ddr_axis_event_buffer_inst/u_ae_ddr_event_buffer/u_data_fifo/gnuram_async_fifo.xpm_fifo_base_inst/gen_cdc_pntr.wr_pntr_cdc_inst/dest_graysync_ff_reg[0][1]
  -------------------------------------------------------------------
                         data arrival                           1.983    
                         clock arrival                          2.802    
  -------------------------------------------------------------------
                         relative delay                        -0.818    

Reference path:
    Location             Delay type                Incr(ns)  Path(ns)    Netlist Resource(s)
  -------------------------------------------------------------------    -------------------
                         (clock sys_clk_system_clk_module rise edge)
                                                      0.000     0.000 r  
    R4                                                0.000     0.000 r  sys_clk_p (IN)
                         net (fo=0)                   0.000     0.000    system_clk_module_inst/inst/clk_in1_p
    R4                   IBUFDS (Prop_ibufds_I_O)     0.804     0.804 r  system_clk_module_inst/inst/clkin1_ibufgds/O
                         net (fo=1, routed)           3.050     3.854    system_clk_module_inst/inst/clk_in1_system_clk_module
    MMCME2_ADV_X0Y2      MMCME2_ADV (Prop_mmcme2_adv_CLKIN1_CLKOUT0)
                                                     -6.451    -2.597 r  system_clk_module_inst/inst/mmcm_adv_inst/CLKOUT0
                         net (fo=1, routed)           1.488    -1.110    system_clk_module_inst/inst/sys_clk_system_clk_module
    BUFGCTRL_X0Y1        BUFG (Prop_bufg_I_O)         0.077    -1.033 r  system_clk_module_inst/inst/clkout1_buf/O
                         net (fo=11069, routed)       1.313     0.280    ae_ddr_axis_event_buffer_inst/u_ae_ddr_event_buffer/u_data_fifo/gnuram_async_fifo.xpm_fifo_base_inst/gen_cdc_pntr.wr_pntr_cdc_inst/src_clk
    SLICE_X126Y133       FDRE                                         r  ae_ddr_axis_event_buffer_inst/u_ae_ddr_event_buffer/u_data_fifo/gnuram_async_fifo.xpm_fifo_base_inst/gen_cdc_pntr.wr_pntr_cdc_inst/src_gray_ff_reg[4]/C
  -------------------------------------------------------------------    -------------------
    SLICE_X126Y133       FDRE (Prop_fdre_C_Q)         0.304     0.584 r  ae_ddr_axis_event_buffer_inst/u_ae_ddr_event_buffer/u_data_fifo/gnuram_async_fifo.xpm_fifo_base_inst/gen_cdc_pntr.wr_pntr_cdc_inst/src_gray_ff_reg[4]/Q
                         net (fo=1, routed)           0.195     0.779    ae_ddr_axis_event_buffer_inst/u_ae_ddr_event_buffer/u_data_fifo/gnuram_async_fifo.xpm_fifo_base_inst/gen_cdc_pntr.wr_pntr_cdc_inst/async_path[4]
    SLICE_X126Y132       FDRE                                         r  ae_ddr_axis_event_buffer_inst/u_ae_ddr_event_buffer/u_data_fifo/gnuram_async_fifo.xpm_fifo_base_inst/gen_cdc_pntr.wr_pntr_cdc_inst/dest_graysync_ff_reg[0][4]/D
  -------------------------------------------------------------------    -------------------

                         (clock clk_pll_i rise edge)
                                                      0.000     0.000 r  
    R4                                                0.000     0.000 r  sys_clk_p (IN)
                         net (fo=0)                   0.000     0.000    system_clk_module_inst/inst/clk_in1_p
    R4                   IBUFDS (Prop_ibufds_I_O)     0.842     0.842 r  system_clk_module_inst/inst/clkin1_ibufgds/O
                         net (fo=1, routed)           3.576     4.418    system_clk_module_inst/inst/clk_in1_system_clk_module
    MMCME2_ADV_X0Y2      MMCME2_ADV (Prop_mmcme2_adv_CLKIN1_CLKOUT0)
                                                     -6.325    -1.907 r  system_clk_module_inst/inst/mmcm_adv_inst/CLKOUT0
                         net (fo=1, routed)           1.559    -0.348    system_clk_module_inst/inst/sys_clk_system_clk_module
    BUFGCTRL_X0Y1        BUFG (Prop_bufg_I_O)         0.081    -0.267 r  system_clk_module_inst/inst/clkout1_buf/O
                         net (fo=11069, routed)       1.661     1.394    ae_ddr_clk_400M_inst/inst/sys_clk_200M
    MMCME2_ADV_X0Y1      MMCME2_ADV (Prop_mmcme2_adv_CLKIN1_CLKOUT0)
                                                     -3.574    -2.180 r  ae_ddr_clk_400M_inst/inst/mmcm_adv_inst/CLKOUT0
                         net (fo=1, routed)           1.832    -0.348    ae_ddr_clk_400M_inst/inst/ae_ddr_clk_ddr_clk_gen_400M
    BUFGCTRL_X0Y6        BUFG (Prop_bufg_I_O)         0.081    -0.267 r  ae_ddr_clk_400M_inst/inst/clkout1_buf/O
                         net (fo=1, routed)           1.519     1.252    ae_ddr_axis_event_buffer_inst/u_ae_ddr_event_buffer/gen_mig_ddr3.u_ddr3/u_ddr3_mig/u_ddr3_infrastructure/mmcm_clk
    PLLE2_ADV_X1Y2       PLLE2_ADV (Prop_plle2_adv_CLKIN1_CLKOUT3)
                                                      0.077     1.329 r  ae_ddr_axis_event_buffer_inst/u_ae_ddr_event_buffer/gen_mig_ddr3.u_ddr3/u_ddr3_mig/u_ddr3_infrastructure/plle2_i/CLKOUT3
                         net (fo=1, routed)           1.165     2.494    ae_ddr_axis_event_buffer_inst/u_ae_ddr_event_buffer/gen_mig_ddr3.u_ddr3/u_ddr3_mig/u_ddr3_infrastructure/pll_clk3_out
    BUFHCE_X1Y24         BUFH (Prop_bufh_I_O)         0.106     2.600 r  ae_ddr_axis_event_buffer_inst/u_ae_ddr_event_buffer/gen_mig_ddr3.u_ddr3/u_ddr3_mig/u_ddr3_infrastructure/u_bufh_pll_clk3/O
                         net (fo=1, routed)           0.813     3.413    ae_ddr_axis_event_buffer_inst/u_ae_ddr_event_buffer/gen_mig_ddr3.u_ddr3/u_ddr3_mig/u_ddr3_infrastructure/pll_clk3
    MMCME2_ADV_X1Y2      MMCME2_ADV (Prop_mmcme2_adv_CLKIN1_CLKFBOUT)
                                                     -3.104     0.308 r  ae_ddr_axis_event_buffer_inst/u_ae_ddr_event_buffer/gen_mig_ddr3.u_ddr3/u_ddr3_mig/u_ddr3_infrastructure/gen_mmcm.mmcm_i/CLKFBOUT
                         net (fo=1, routed)           1.524     1.832    ae_ddr_axis_event_buffer_inst/u_ae_ddr_event_buffer/gen_mig_ddr3.u_ddr3/u_ddr3_mig/u_ddr3_infrastructure/clk_pll_i
    BUFGCTRL_X0Y0        BUFG (Prop_bufg_I_O)         0.081     1.913 r  ae_ddr_axis_event_buffer_inst/u_ae_ddr_event_buffer/gen_mig_ddr3.u_ddr3/u_ddr3_mig/u_ddr3_infrastructure/u_bufg_clkdiv0/O
                         net (fo=11684, routed)       1.419     3.332    ae_ddr_axis_event_buffer_inst/u_ae_ddr_event_buffer/u_data_fifo/gnuram_async_fifo.xpm_fifo_base_inst/gen_cdc_pntr.wr_pntr_cdc_inst/dest_clk
    SLICE_X126Y132       FDRE                                         r  ae_ddr_axis_event_buffer_inst/u_ae_ddr_event_buffer/u_data_fifo/gnuram_async_fifo.xpm_fifo_base_inst/gen_cdc_pntr.wr_pntr_cdc_inst/dest_graysync_ff_reg[0][4]/C
                         clock pessimism             -0.766     2.566    
    SLICE_X126Y132       FDRE (Hold_fdre_C_D)         0.138     2.704    ae_ddr_axis_event_buffer_inst/u_ae_ddr_event_buffer/u_data_fifo/gnuram_async_fifo.xpm_fifo_base_inst/gen_cdc_pntr.wr_pntr_cdc_inst/dest_graysync_ff_reg[0][4]
  -------------------------------------------------------------------
                         data arrival                           0.779    
                         clock arrival                          2.704    
  -------------------------------------------------------------------
                         relative delay                        -1.925    



Id: 16
set_bus_skew -from [get_cells [list {ae_ddr_axis_event_buffer_inst/u_ae_ddr_event_buffer/u_meta_fifo/gnuram_async_fifo.xpm_fifo_base_inst/gen_cdc_pntr.rd_pntr_cdc_inst/src_gray_ff_reg[0]} {ae_ddr_axis_event_buffer_inst/u_ae_ddr_event_buffer/u_meta_fifo/gnuram_async_fifo.xpm_fifo_base_inst/gen_cdc_pntr.rd_pntr_cdc_inst/src_gray_ff_reg[1]} {ae_ddr_axis_event_buffer_inst/u_ae_ddr_event_buffer/u_meta_fifo/gnuram_async_fifo.xpm_fifo_base_inst/gen_cdc_pntr.rd_pntr_cdc_inst/src_gray_ff_reg[2]} {ae_ddr_axis_event_buffer_inst/u_ae_ddr_event_buffer/u_meta_fifo/gnuram_async_fifo.xpm_fifo_base_inst/gen_cdc_pntr.rd_pntr_cdc_inst/src_gray_ff_reg[3]}]] -to [get_cells [list {ae_ddr_axis_event_buffer_inst/u_ae_ddr_event_buffer/u_meta_fifo/gnuram_async_fifo.xpm_fifo_base_inst/gen_cdc_pntr.rd_pntr_cdc_inst/dest_graysync_ff_reg[0][0]} {ae_ddr_axis_event_buffer_inst/u_ae_ddr_event_buffer/u_meta_fifo/gnuram_async_fifo.xpm_fifo_base_inst/gen_cdc_pntr.rd_pntr_cdc_inst/dest_graysync_ff_reg[0][1]} {ae_ddr_axis_event_buffer_inst/u_ae_ddr_event_buffer/u_meta_fifo/gnuram_async_fifo.xpm_fifo_base_inst/gen_cdc_pntr.rd_pntr_cdc_inst/dest_graysync_ff_reg[0][2]} {ae_ddr_axis_event_buffer_inst/u_ae_ddr_event_buffer/u_meta_fifo/gnuram_async_fifo.xpm_fifo_base_inst/gen_cdc_pntr.rd_pntr_cdc_inst/dest_graysync_ff_reg[0][3]}]] 5.000
Requirement: 5.000ns
Endpoints: 4

From Clock            To Clock              Endpoint Pin                    Reference Pin                   Corner  Actual(ns)  Slack(ns)
--------------------  --------------------  ------------------------------  ------------------------------  ------  ----------  ---------
clk_pll_i             sys_clk_system_clk_module
                                            ae_ddr_axis_event_buffer_inst/u_ae_ddr_event_buffer/u_meta_fifo/gnuram_async_fifo.xpm_fifo_base_inst/gen_cdc_pntr.rd_pntr_cdc_inst/dest_graysync_ff_reg[0][3]/D
                                                                            ae_ddr_axis_event_buffer_inst/u_ae_ddr_event_buffer/u_meta_fifo/gnuram_async_fifo.xpm_fifo_base_inst/gen_cdc_pntr.rd_pntr_cdc_inst/dest_graysync_ff_reg[0][1]/D
                                                                                                            Slow         0.700      4.300


Slack (MET) :             4.300ns  (requirement - actual skew)
  Endpoint Source:        ae_ddr_axis_event_buffer_inst/u_ae_ddr_event_buffer/u_meta_fifo/gnuram_async_fifo.xpm_fifo_base_inst/gen_cdc_pntr.rd_pntr_cdc_inst/src_gray_ff_reg[3]/C
                            (rising edge-triggered cell FDRE clocked by clk_pll_i)
  Endpoint Destination:   ae_ddr_axis_event_buffer_inst/u_ae_ddr_event_buffer/u_meta_fifo/gnuram_async_fifo.xpm_fifo_base_inst/gen_cdc_pntr.rd_pntr_cdc_inst/dest_graysync_ff_reg[0][3]/D
                            (rising edge-triggered cell FDRE clocked by sys_clk_system_clk_module)
  Reference Source:       ae_ddr_axis_event_buffer_inst/u_ae_ddr_event_buffer/u_meta_fifo/gnuram_async_fifo.xpm_fifo_base_inst/gen_cdc_pntr.rd_pntr_cdc_inst/src_gray_ff_reg[1]/C
                            (rising edge-triggered cell FDRE clocked by clk_pll_i)
  Reference Destination:  ae_ddr_axis_event_buffer_inst/u_ae_ddr_event_buffer/u_meta_fifo/gnuram_async_fifo.xpm_fifo_base_inst/gen_cdc_pntr.rd_pntr_cdc_inst/dest_graysync_ff_reg[0][1]/D
                            (rising edge-triggered cell FDRE clocked by sys_clk_system_clk_module)
  Path Type:              Bus Skew (Max at Slow Process Corner)
  Requirement:            5.000ns
  Endpoint Relative Delay:    3.223ns
  Reference Relative Delay:   2.300ns
  Relative CRPR:              0.429ns
  Uncertainty:                0.206ns
  Actual Bus Skew:            0.700ns  (Endpoint Relative Delay - Reference Relative Delay - Relative CRPR + Uncertainty)

Endpoint path:
    Location             Delay type                Incr(ns)  Path(ns)    Netlist Resource(s)
  -------------------------------------------------------------------    -------------------
                         (clock clk_pll_i rise edge)
                                                      0.000     0.000 r  
    R4                                                0.000     0.000 r  sys_clk_p (IN)
                         net (fo=0)                   0.000     0.000    system_clk_module_inst/inst/clk_in1_p
    R4                   IBUFDS (Prop_ibufds_I_O)     0.842     0.842 r  system_clk_module_inst/inst/clkin1_ibufgds/O
                         net (fo=1, routed)           3.576     4.418    system_clk_module_inst/inst/clk_in1_system_clk_module
    MMCME2_ADV_X0Y2      MMCME2_ADV (Prop_mmcme2_adv_CLKIN1_CLKOUT0)
                                                     -6.325    -1.907 r  system_clk_module_inst/inst/mmcm_adv_inst/CLKOUT0
                         net (fo=1, routed)           1.559    -0.348    system_clk_module_inst/inst/sys_clk_system_clk_module
    BUFGCTRL_X0Y1        BUFG (Prop_bufg_I_O)         0.081    -0.267 r  system_clk_module_inst/inst/clkout1_buf/O
                         net (fo=11069, routed)       1.661     1.394    ae_ddr_clk_400M_inst/inst/sys_clk_200M
    MMCME2_ADV_X0Y1      MMCME2_ADV (Prop_mmcme2_adv_CLKIN1_CLKOUT0)
                                                     -3.574    -2.180 r  ae_ddr_clk_400M_inst/inst/mmcm_adv_inst/CLKOUT0
                         net (fo=1, routed)           1.832    -0.348    ae_ddr_clk_400M_inst/inst/ae_ddr_clk_ddr_clk_gen_400M
    BUFGCTRL_X0Y6        BUFG (Prop_bufg_I_O)         0.081    -0.267 r  ae_ddr_clk_400M_inst/inst/clkout1_buf/O
                         net (fo=1, routed)           1.519     1.252    ae_ddr_axis_event_buffer_inst/u_ae_ddr_event_buffer/gen_mig_ddr3.u_ddr3/u_ddr3_mig/u_ddr3_infrastructure/mmcm_clk
    PLLE2_ADV_X1Y2       PLLE2_ADV (Prop_plle2_adv_CLKIN1_CLKOUT3)
                                                      0.077     1.329 r  ae_ddr_axis_event_buffer_inst/u_ae_ddr_event_buffer/gen_mig_ddr3.u_ddr3/u_ddr3_mig/u_ddr3_infrastructure/plle2_i/CLKOUT3
                         net (fo=1, routed)           1.165     2.494    ae_ddr_axis_event_buffer_inst/u_ae_ddr_event_buffer/gen_mig_ddr3.u_ddr3/u_ddr3_mig/u_ddr3_infrastructure/pll_clk3_out
    BUFHCE_X1Y24         BUFH (Prop_bufh_I_O)         0.106     2.600 r  ae_ddr_axis_event_buffer_inst/u_ae_ddr_event_buffer/gen_mig_ddr3.u_ddr3/u_ddr3_mig/u_ddr3_infrastructure/u_bufh_pll_clk3/O
                         net (fo=1, routed)           0.813     3.413    ae_ddr_axis_event_buffer_inst/u_ae_ddr_event_buffer/gen_mig_ddr3.u_ddr3/u_ddr3_mig/u_ddr3_infrastructure/pll_clk3
    MMCME2_ADV_X1Y2      MMCME2_ADV (Prop_mmcme2_adv_CLKIN1_CLKFBOUT)
                                                     -3.104     0.308 r  ae_ddr_axis_event_buffer_inst/u_ae_ddr_event_buffer/gen_mig_ddr3.u_ddr3/u_ddr3_mig/u_ddr3_infrastructure/gen_mmcm.mmcm_i/CLKFBOUT
                         net (fo=1, routed)           1.524     1.832    ae_ddr_axis_event_buffer_inst/u_ae_ddr_event_buffer/gen_mig_ddr3.u_ddr3/u_ddr3_mig/u_ddr3_infrastructure/clk_pll_i
    BUFGCTRL_X0Y0        BUFG (Prop_bufg_I_O)         0.081     1.913 r  ae_ddr_axis_event_buffer_inst/u_ae_ddr_event_buffer/gen_mig_ddr3.u_ddr3/u_ddr3_mig/u_ddr3_infrastructure/u_bufg_clkdiv0/O
                         net (fo=11684, routed)       1.422     3.335    ae_ddr_axis_event_buffer_inst/u_ae_ddr_event_buffer/u_meta_fifo/gnuram_async_fifo.xpm_fifo_base_inst/gen_cdc_pntr.rd_pntr_cdc_inst/src_clk
    SLICE_X125Y135       FDRE                                         r  ae_ddr_axis_event_buffer_inst/u_ae_ddr_event_buffer/u_meta_fifo/gnuram_async_fifo.xpm_fifo_base_inst/gen_cdc_pntr.rd_pntr_cdc_inst/src_gray_ff_reg[3]/C
  -------------------------------------------------------------------    -------------------
    SLICE_X125Y135       FDRE (Prop_fdre_C_Q)         0.348     3.683 r  ae_ddr_axis_event_buffer_inst/u_ae_ddr_event_buffer/u_meta_fifo/gnuram_async_fifo.xpm_fifo_base_inst/gen_cdc_pntr.rd_pntr_cdc_inst/src_gray_ff_reg[3]/Q
                         net (fo=1, routed)           0.377     4.060    ae_ddr_axis_event_buffer_inst/u_ae_ddr_event_buffer/u_meta_fifo/gnuram_async_fifo.xpm_fifo_base_inst/gen_cdc_pntr.rd_pntr_cdc_inst/async_path[3]
    SLICE_X125Y134       FDRE                                         r  ae_ddr_axis_event_buffer_inst/u_ae_ddr_event_buffer/u_meta_fifo/gnuram_async_fifo.xpm_fifo_base_inst/gen_cdc_pntr.rd_pntr_cdc_inst/dest_graysync_ff_reg[0][3]/D
  -------------------------------------------------------------------    -------------------

                         (clock sys_clk_system_clk_module rise edge)
                                                      0.000     0.000 r  
    R4                                                0.000     0.000 r  sys_clk_p (IN)
                         net (fo=0)                   0.000     0.000    system_clk_module_inst/inst/clk_in1_p
    R4                   IBUFDS (Prop_ibufds_I_O)     0.804     0.804 r  system_clk_module_inst/inst/clkin1_ibufgds/O
                         net (fo=1, routed)           3.050     3.854    system_clk_module_inst/inst/clk_in1_system_clk_module
    MMCME2_ADV_X0Y2      MMCME2_ADV (Prop_mmcme2_adv_CLKIN1_CLKOUT0)
                                                     -6.451    -2.597 r  system_clk_module_inst/inst/mmcm_adv_inst/CLKOUT0
                         net (fo=1, routed)           1.488    -1.110    system_clk_module_inst/inst/sys_clk_system_clk_module
    BUFGCTRL_X0Y1        BUFG (Prop_bufg_I_O)         0.077    -1.033 r  system_clk_module_inst/inst/clkout1_buf/O
                         net (fo=11069, routed)       1.313     0.280    ae_ddr_axis_event_buffer_inst/u_ae_ddr_event_buffer/u_meta_fifo/gnuram_async_fifo.xpm_fifo_base_inst/gen_cdc_pntr.rd_pntr_cdc_inst/dest_clk
    SLICE_X125Y134       FDRE                                         r  ae_ddr_axis_event_buffer_inst/u_ae_ddr_event_buffer/u_meta_fifo/gnuram_async_fifo.xpm_fifo_base_inst/gen_cdc_pntr.rd_pntr_cdc_inst/dest_graysync_ff_reg[0][3]/C
                         clock pessimism              0.766     1.046    
    SLICE_X125Y134       FDRE (Setup_fdre_C_D)       -0.209     0.837    ae_ddr_axis_event_buffer_inst/u_ae_ddr_event_buffer/u_meta_fifo/gnuram_async_fifo.xpm_fifo_base_inst/gen_cdc_pntr.rd_pntr_cdc_inst/dest_graysync_ff_reg[0][3]
  -------------------------------------------------------------------
                         data arrival                           4.060    
                         clock arrival                          0.837    
  -------------------------------------------------------------------
                         relative delay                         3.223    

Reference path:
    Location             Delay type                Incr(ns)  Path(ns)    Netlist Resource(s)
  -------------------------------------------------------------------    -------------------
                         (clock clk_pll_i rise edge)
                                                      0.000     0.000 r  
    R4                                                0.000     0.000 r  sys_clk_p (IN)
                         net (fo=0)                   0.000     0.000    system_clk_module_inst/inst/clk_in1_p
    R4                   IBUFDS (Prop_ibufds_I_O)     0.804     0.804 r  system_clk_module_inst/inst/clkin1_ibufgds/O
                         net (fo=1, routed)           3.050     3.854    system_clk_module_inst/inst/clk_in1_system_clk_module
    MMCME2_ADV_X0Y2      MMCME2_ADV (Prop_mmcme2_adv_CLKIN1_CLKOUT0)
                                                     -6.451    -2.597 r  system_clk_module_inst/inst/mmcm_adv_inst/CLKOUT0
                         net (fo=1, routed)           1.488    -1.110    system_clk_module_inst/inst/sys_clk_system_clk_module
    BUFGCTRL_X0Y1        BUFG (Prop_bufg_I_O)         0.077    -1.033 r  system_clk_module_inst/inst/clkout1_buf/O
                         net (fo=11069, routed)       1.553     0.520    ae_ddr_clk_400M_inst/inst/sys_clk_200M
    MMCME2_ADV_X0Y1      MMCME2_ADV (Prop_mmcme2_adv_CLKIN1_CLKOUT0)
                                                     -3.377    -2.857 r  ae_ddr_clk_400M_inst/inst/mmcm_adv_inst/CLKOUT0
                         net (fo=1, routed)           1.747    -1.110    ae_ddr_clk_400M_inst/inst/ae_ddr_clk_ddr_clk_gen_400M
    BUFGCTRL_X0Y6        BUFG (Prop_bufg_I_O)         0.077    -1.033 r  ae_ddr_clk_400M_inst/inst/clkout1_buf/O
                         net (fo=1, routed)           1.417     0.384    ae_ddr_axis_event_buffer_inst/u_ae_ddr_event_buffer/gen_mig_ddr3.u_ddr3/u_ddr3_mig/u_ddr3_infrastructure/mmcm_clk
    PLLE2_ADV_X1Y2       PLLE2_ADV (Prop_plle2_adv_CLKIN1_CLKOUT3)
                                                      0.073     0.457 r  ae_ddr_axis_event_buffer_inst/u_ae_ddr_event_buffer/gen_mig_ddr3.u_ddr3/u_ddr3_mig/u_ddr3_infrastructure/plle2_i/CLKOUT3
                         net (fo=1, routed)           1.029     1.486    ae_ddr_axis_event_buffer_inst/u_ae_ddr_event_buffer/gen_mig_ddr3.u_ddr3/u_ddr3_mig/u_ddr3_infrastructure/pll_clk3_out
    BUFHCE_X1Y24         BUFH (Prop_bufh_I_O)         0.069     1.555 r  ae_ddr_axis_event_buffer_inst/u_ae_ddr_event_buffer/gen_mig_ddr3.u_ddr3/u_ddr3_mig/u_ddr3_infrastructure/u_bufh_pll_clk3/O
                         net (fo=1, routed)           0.777     2.332    ae_ddr_axis_event_buffer_inst/u_ae_ddr_event_buffer/gen_mig_ddr3.u_ddr3/u_ddr3_mig/u_ddr3_infrastructure/pll_clk3
    MMCME2_ADV_X1Y2      MMCME2_ADV (Prop_mmcme2_adv_CLKIN1_CLKFBOUT)
                                                     -2.927    -0.595 r  ae_ddr_axis_event_buffer_inst/u_ae_ddr_event_buffer/gen_mig_ddr3.u_ddr3/u_ddr3_mig/u_ddr3_infrastructure/gen_mmcm.mmcm_i/CLKFBOUT
                         net (fo=1, routed)           1.452     0.857    ae_ddr_axis_event_buffer_inst/u_ae_ddr_event_buffer/gen_mig_ddr3.u_ddr3/u_ddr3_mig/u_ddr3_infrastructure/clk_pll_i
    BUFGCTRL_X0Y0        BUFG (Prop_bufg_I_O)         0.077     0.934 r  ae_ddr_axis_event_buffer_inst/u_ae_ddr_event_buffer/gen_mig_ddr3.u_ddr3/u_ddr3_mig/u_ddr3_infrastructure/u_bufg_clkdiv0/O
                         net (fo=11684, routed)       1.314     2.248    ae_ddr_axis_event_buffer_inst/u_ae_ddr_event_buffer/u_meta_fifo/gnuram_async_fifo.xpm_fifo_base_inst/gen_cdc_pntr.rd_pntr_cdc_inst/src_clk
    SLICE_X125Y135       FDRE                                         r  ae_ddr_axis_event_buffer_inst/u_ae_ddr_event_buffer/u_meta_fifo/gnuram_async_fifo.xpm_fifo_base_inst/gen_cdc_pntr.rd_pntr_cdc_inst/src_gray_ff_reg[1]/C
  -------------------------------------------------------------------    -------------------
    SLICE_X125Y135       FDRE (Prop_fdre_C_Q)         0.279     2.527 r  ae_ddr_axis_event_buffer_inst/u_ae_ddr_event_buffer/u_meta_fifo/gnuram_async_fifo.xpm_fifo_base_inst/gen_cdc_pntr.rd_pntr_cdc_inst/src_gray_ff_reg[1]/Q
                         net (fo=1, routed)           0.189     2.716    ae_ddr_axis_event_buffer_inst/u_ae_ddr_event_buffer/u_meta_fifo/gnuram_async_fifo.xpm_fifo_base_inst/gen_cdc_pntr.rd_pntr_cdc_inst/async_path[1]
    SLICE_X125Y134       FDRE                                         r  ae_ddr_axis_event_buffer_inst/u_ae_ddr_event_buffer/u_meta_fifo/gnuram_async_fifo.xpm_fifo_base_inst/gen_cdc_pntr.rd_pntr_cdc_inst/dest_graysync_ff_reg[0][1]/D
  -------------------------------------------------------------------    -------------------

                         (clock sys_clk_system_clk_module rise edge)
                                                      0.000     0.000 r  
    R4                                                0.000     0.000 r  sys_clk_p (IN)
                         net (fo=0)                   0.000     0.000    system_clk_module_inst/inst/clk_in1_p
    R4                   IBUFDS (Prop_ibufds_I_O)     0.842     0.842 r  system_clk_module_inst/inst/clkin1_ibufgds/O
                         net (fo=1, routed)           3.576     4.418    system_clk_module_inst/inst/clk_in1_system_clk_module
    MMCME2_ADV_X0Y2      MMCME2_ADV (Prop_mmcme2_adv_CLKIN1_CLKOUT0)
                                                     -6.325    -1.907 r  system_clk_module_inst/inst/mmcm_adv_inst/CLKOUT0
                         net (fo=1, routed)           1.559    -0.348    system_clk_module_inst/inst/sys_clk_system_clk_module
    BUFGCTRL_X0Y1        BUFG (Prop_bufg_I_O)         0.081    -0.267 r  system_clk_module_inst/inst/clkout1_buf/O
                         net (fo=11069, routed)       1.421     1.154    ae_ddr_axis_event_buffer_inst/u_ae_ddr_event_buffer/u_meta_fifo/gnuram_async_fifo.xpm_fifo_base_inst/gen_cdc_pntr.rd_pntr_cdc_inst/dest_clk
    SLICE_X125Y134       FDRE                                         r  ae_ddr_axis_event_buffer_inst/u_ae_ddr_event_buffer/u_meta_fifo/gnuram_async_fifo.xpm_fifo_base_inst/gen_cdc_pntr.rd_pntr_cdc_inst/dest_graysync_ff_reg[0][1]/C
                         clock pessimism             -0.766     0.388    
    SLICE_X125Y134       FDRE (Hold_fdre_C_D)         0.028     0.416    ae_ddr_axis_event_buffer_inst/u_ae_ddr_event_buffer/u_meta_fifo/gnuram_async_fifo.xpm_fifo_base_inst/gen_cdc_pntr.rd_pntr_cdc_inst/dest_graysync_ff_reg[0][1]
  -------------------------------------------------------------------
                         data arrival                           2.716    
                         clock arrival                          0.416    
  -------------------------------------------------------------------
                         relative delay                         2.300    



Id: 17
set_bus_skew -from [get_cells [list {udp_event_sensor_tx_inst/u_req_fifo/gnuram_async_fifo.xpm_fifo_base_inst/gen_cdc_pntr.wr_pntr_cdc_inst/src_gray_ff_reg[0]} {udp_event_sensor_tx_inst/u_req_fifo/gnuram_async_fifo.xpm_fifo_base_inst/gen_cdc_pntr.wr_pntr_cdc_inst/src_gray_ff_reg[1]} {udp_event_sensor_tx_inst/u_req_fifo/gnuram_async_fifo.xpm_fifo_base_inst/gen_cdc_pntr.wr_pntr_cdc_inst/src_gray_ff_reg[2]} {udp_event_sensor_tx_inst/u_req_fifo/gnuram_async_fifo.xpm_fifo_base_inst/gen_cdc_pntr.wr_pntr_cdc_inst/src_gray_ff_reg[3]}]] -to [get_cells [list {udp_event_sensor_tx_inst/u_req_fifo/gnuram_async_fifo.xpm_fifo_base_inst/gen_cdc_pntr.wr_pntr_cdc_inst/dest_graysync_ff_reg[0][0]} {udp_event_sensor_tx_inst/u_req_fifo/gnuram_async_fifo.xpm_fifo_base_inst/gen_cdc_pntr.wr_pntr_cdc_inst/dest_graysync_ff_reg[0][1]} {udp_event_sensor_tx_inst/u_req_fifo/gnuram_async_fifo.xpm_fifo_base_inst/gen_cdc_pntr.wr_pntr_cdc_inst/dest_graysync_ff_reg[0][2]} {udp_event_sensor_tx_inst/u_req_fifo/gnuram_async_fifo.xpm_fifo_base_inst/gen_cdc_pntr.wr_pntr_cdc_inst/dest_graysync_ff_reg[0][3]}]] 5.000
Requirement: 5.000ns
Endpoints: 4

From Clock            To Clock              Endpoint Pin                    Reference Pin                   Corner  Actual(ns)  Slack(ns)
--------------------  --------------------  ------------------------------  ------------------------------  ------  ----------  ---------
sys_clk_system_clk_module
                      clk_pll_i             udp_event_sensor_tx_inst/u_req_fifo/gnuram_async_fifo.xpm_fifo_base_inst/gen_cdc_pntr.wr_pntr_cdc_inst/dest_graysync_ff_reg[0][3]/D
                                                                            udp_event_sensor_tx_inst/u_req_fifo/gnuram_async_fifo.xpm_fifo_base_inst/gen_cdc_pntr.wr_pntr_cdc_inst/dest_graysync_ff_reg[0][2]/D
                                                                                                            Slow         0.870      4.130


Slack (MET) :             4.130ns  (requirement - actual skew)
  Endpoint Source:        udp_event_sensor_tx_inst/u_req_fifo/gnuram_async_fifo.xpm_fifo_base_inst/gen_cdc_pntr.wr_pntr_cdc_inst/src_gray_ff_reg[3]/C
                            (rising edge-triggered cell FDRE clocked by sys_clk_system_clk_module)
  Endpoint Destination:   udp_event_sensor_tx_inst/u_req_fifo/gnuram_async_fifo.xpm_fifo_base_inst/gen_cdc_pntr.wr_pntr_cdc_inst/dest_graysync_ff_reg[0][3]/D
                            (rising edge-triggered cell FDRE clocked by clk_pll_i)
  Reference Source:       udp_event_sensor_tx_inst/u_req_fifo/gnuram_async_fifo.xpm_fifo_base_inst/gen_cdc_pntr.wr_pntr_cdc_inst/src_gray_ff_reg[2]/C
                            (rising edge-triggered cell FDRE clocked by sys_clk_system_clk_module)
  Reference Destination:  udp_event_sensor_tx_inst/u_req_fifo/gnuram_async_fifo.xpm_fifo_base_inst/gen_cdc_pntr.wr_pntr_cdc_inst/dest_graysync_ff_reg[0][2]/D
                            (rising edge-triggered cell FDRE clocked by clk_pll_i)
  Path Type:              Bus Skew (Max at Slow Process Corner)
  Requirement:            5.000ns
  Endpoint Relative Delay:   -0.841ns
  Reference Relative Delay:  -1.932ns
  Relative CRPR:              0.426ns
  Uncertainty:                0.206ns
  Actual Bus Skew:            0.870ns  (Endpoint Relative Delay - Reference Relative Delay - Relative CRPR + Uncertainty)

Endpoint path:
    Location             Delay type                Incr(ns)  Path(ns)    Netlist Resource(s)
  -------------------------------------------------------------------    -------------------
                         (clock sys_clk_system_clk_module rise edge)
                                                      0.000     0.000 r  
    R4                                                0.000     0.000 r  sys_clk_p (IN)
                         net (fo=0)                   0.000     0.000    system_clk_module_inst/inst/clk_in1_p
    R4                   IBUFDS (Prop_ibufds_I_O)     0.842     0.842 r  system_clk_module_inst/inst/clkin1_ibufgds/O
                         net (fo=1, routed)           3.576     4.418    system_clk_module_inst/inst/clk_in1_system_clk_module
    MMCME2_ADV_X0Y2      MMCME2_ADV (Prop_mmcme2_adv_CLKIN1_CLKOUT0)
                                                     -6.325    -1.907 r  system_clk_module_inst/inst/mmcm_adv_inst/CLKOUT0
                         net (fo=1, routed)           1.559    -0.348    system_clk_module_inst/inst/sys_clk_system_clk_module
    BUFGCTRL_X0Y1        BUFG (Prop_bufg_I_O)         0.081    -0.267 r  system_clk_module_inst/inst/clkout1_buf/O
                         net (fo=11069, routed)       1.407     1.140    udp_event_sensor_tx_inst/u_req_fifo/gnuram_async_fifo.xpm_fifo_base_inst/gen_cdc_pntr.wr_pntr_cdc_inst/src_clk
    SLICE_X129Y165       FDRE                                         r  udp_event_sensor_tx_inst/u_req_fifo/gnuram_async_fifo.xpm_fifo_base_inst/gen_cdc_pntr.wr_pntr_cdc_inst/src_gray_ff_reg[3]/C
  -------------------------------------------------------------------    -------------------
    SLICE_X129Y165       FDRE (Prop_fdre_C_Q)         0.348     1.488 r  udp_event_sensor_tx_inst/u_req_fifo/gnuram_async_fifo.xpm_fifo_base_inst/gen_cdc_pntr.wr_pntr_cdc_inst/src_gray_ff_reg[3]/Q
                         net (fo=1, routed)           0.465     1.953    udp_event_sensor_tx_inst/u_req_fifo/gnuram_async_fifo.xpm_fifo_base_inst/gen_cdc_pntr.wr_pntr_cdc_inst/async_path[3]
    SLICE_X129Y166       FDRE                                         r  udp_event_sensor_tx_inst/u_req_fifo/gnuram_async_fifo.xpm_fifo_base_inst/gen_cdc_pntr.wr_pntr_cdc_inst/dest_graysync_ff_reg[0][3]/D
  -------------------------------------------------------------------    -------------------

                         (clock clk_pll_i rise edge)
                                                      0.000     0.000 r  
    R4                                                0.000     0.000 r  sys_clk_p (IN)
                         net (fo=0)                   0.000     0.000    system_clk_module_inst/inst/clk_in1_p
    R4                   IBUFDS (Prop_ibufds_I_O)     0.804     0.804 r  system_clk_module_inst/inst/clkin1_ibufgds/O
                         net (fo=1, routed)           3.050     3.854    system_clk_module_inst/inst/clk_in1_system_clk_module
    MMCME2_ADV_X0Y2      MMCME2_ADV (Prop_mmcme2_adv_CLKIN1_CLKOUT0)
                                                     -6.451    -2.597 r  system_clk_module_inst/inst/mmcm_adv_inst/CLKOUT0
                         net (fo=1, routed)           1.488    -1.110    system_clk_module_inst/inst/sys_clk_system_clk_module
    BUFGCTRL_X0Y1        BUFG (Prop_bufg_I_O)         0.077    -1.033 r  system_clk_module_inst/inst/clkout1_buf/O
                         net (fo=11069, routed)       1.553     0.520    ae_ddr_clk_400M_inst/inst/sys_clk_200M
    MMCME2_ADV_X0Y1      MMCME2_ADV (Prop_mmcme2_adv_CLKIN1_CLKOUT0)
                                                     -3.377    -2.857 r  ae_ddr_clk_400M_inst/inst/mmcm_adv_inst/CLKOUT0
                         net (fo=1, routed)           1.747    -1.110    ae_ddr_clk_400M_inst/inst/ae_ddr_clk_ddr_clk_gen_400M
    BUFGCTRL_X0Y6        BUFG (Prop_bufg_I_O)         0.077    -1.033 r  ae_ddr_clk_400M_inst/inst/clkout1_buf/O
                         net (fo=1, routed)           1.417     0.384    ae_ddr_axis_event_buffer_inst/u_ae_ddr_event_buffer/gen_mig_ddr3.u_ddr3/u_ddr3_mig/u_ddr3_infrastructure/mmcm_clk
    PLLE2_ADV_X1Y2       PLLE2_ADV (Prop_plle2_adv_CLKIN1_CLKOUT3)
                                                      0.073     0.457 r  ae_ddr_axis_event_buffer_inst/u_ae_ddr_event_buffer/gen_mig_ddr3.u_ddr3/u_ddr3_mig/u_ddr3_infrastructure/plle2_i/CLKOUT3
                         net (fo=1, routed)           1.029     1.486    ae_ddr_axis_event_buffer_inst/u_ae_ddr_event_buffer/gen_mig_ddr3.u_ddr3/u_ddr3_mig/u_ddr3_infrastructure/pll_clk3_out
    BUFHCE_X1Y24         BUFH (Prop_bufh_I_O)         0.069     1.555 r  ae_ddr_axis_event_buffer_inst/u_ae_ddr_event_buffer/gen_mig_ddr3.u_ddr3/u_ddr3_mig/u_ddr3_infrastructure/u_bufh_pll_clk3/O
                         net (fo=1, routed)           0.777     2.332    ae_ddr_axis_event_buffer_inst/u_ae_ddr_event_buffer/gen_mig_ddr3.u_ddr3/u_ddr3_mig/u_ddr3_infrastructure/pll_clk3
    MMCME2_ADV_X1Y2      MMCME2_ADV (Prop_mmcme2_adv_CLKIN1_CLKFBOUT)
                                                     -2.927    -0.595 r  ae_ddr_axis_event_buffer_inst/u_ae_ddr_event_buffer/gen_mig_ddr3.u_ddr3/u_ddr3_mig/u_ddr3_infrastructure/gen_mmcm.mmcm_i/CLKFBOUT
                         net (fo=1, routed)           1.452     0.857    ae_ddr_axis_event_buffer_inst/u_ae_ddr_event_buffer/gen_mig_ddr3.u_ddr3/u_ddr3_mig/u_ddr3_infrastructure/clk_pll_i
    BUFGCTRL_X0Y0        BUFG (Prop_bufg_I_O)         0.077     0.934 r  ae_ddr_axis_event_buffer_inst/u_ae_ddr_event_buffer/gen_mig_ddr3.u_ddr3/u_ddr3_mig/u_ddr3_infrastructure/u_bufg_clkdiv0/O
                         net (fo=11684, routed)       1.300     2.234    udp_event_sensor_tx_inst/u_req_fifo/gnuram_async_fifo.xpm_fifo_base_inst/gen_cdc_pntr.wr_pntr_cdc_inst/dest_clk
    SLICE_X129Y166       FDRE                                         r  udp_event_sensor_tx_inst/u_req_fifo/gnuram_async_fifo.xpm_fifo_base_inst/gen_cdc_pntr.wr_pntr_cdc_inst/dest_graysync_ff_reg[0][3]/C
                         clock pessimism              0.766     3.000    
    SLICE_X129Y166       FDRE (Setup_fdre_C_D)       -0.206     2.794    udp_event_sensor_tx_inst/u_req_fifo/gnuram_async_fifo.xpm_fifo_base_inst/gen_cdc_pntr.wr_pntr_cdc_inst/dest_graysync_ff_reg[0][3]
  -------------------------------------------------------------------
                         data arrival                           1.953    
                         clock arrival                          2.794    
  -------------------------------------------------------------------
                         relative delay                        -0.841    

Reference path:
    Location             Delay type                Incr(ns)  Path(ns)    Netlist Resource(s)
  -------------------------------------------------------------------    -------------------
                         (clock sys_clk_system_clk_module rise edge)
                                                      0.000     0.000 r  
    R4                                                0.000     0.000 r  sys_clk_p (IN)
                         net (fo=0)                   0.000     0.000    system_clk_module_inst/inst/clk_in1_p
    R4                   IBUFDS (Prop_ibufds_I_O)     0.804     0.804 r  system_clk_module_inst/inst/clkin1_ibufgds/O
                         net (fo=1, routed)           3.050     3.854    system_clk_module_inst/inst/clk_in1_system_clk_module
    MMCME2_ADV_X0Y2      MMCME2_ADV (Prop_mmcme2_adv_CLKIN1_CLKOUT0)
                                                     -6.451    -2.597 r  system_clk_module_inst/inst/mmcm_adv_inst/CLKOUT0
                         net (fo=1, routed)           1.488    -1.110    system_clk_module_inst/inst/sys_clk_system_clk_module
    BUFGCTRL_X0Y1        BUFG (Prop_bufg_I_O)         0.077    -1.033 r  system_clk_module_inst/inst/clkout1_buf/O
                         net (fo=11069, routed)       1.300     0.267    udp_event_sensor_tx_inst/u_req_fifo/gnuram_async_fifo.xpm_fifo_base_inst/gen_cdc_pntr.wr_pntr_cdc_inst/src_clk
    SLICE_X129Y165       FDRE                                         r  udp_event_sensor_tx_inst/u_req_fifo/gnuram_async_fifo.xpm_fifo_base_inst/gen_cdc_pntr.wr_pntr_cdc_inst/src_gray_ff_reg[2]/C
  -------------------------------------------------------------------    -------------------
    SLICE_X129Y165       FDRE (Prop_fdre_C_Q)         0.304     0.571 r  udp_event_sensor_tx_inst/u_req_fifo/gnuram_async_fifo.xpm_fifo_base_inst/gen_cdc_pntr.wr_pntr_cdc_inst/src_gray_ff_reg[2]/Q
                         net (fo=1, routed)           0.189     0.760    udp_event_sensor_tx_inst/u_req_fifo/gnuram_async_fifo.xpm_fifo_base_inst/gen_cdc_pntr.wr_pntr_cdc_inst/async_path[2]
    SLICE_X129Y166       FDRE                                         r  udp_event_sensor_tx_inst/u_req_fifo/gnuram_async_fifo.xpm_fifo_base_inst/gen_cdc_pntr.wr_pntr_cdc_inst/dest_graysync_ff_reg[0][2]/D
  -------------------------------------------------------------------    -------------------

                         (clock clk_pll_i rise edge)
                                                      0.000     0.000 r  
    R4                                                0.000     0.000 r  sys_clk_p (IN)
                         net (fo=0)                   0.000     0.000    system_clk_module_inst/inst/clk_in1_p
    R4                   IBUFDS (Prop_ibufds_I_O)     0.842     0.842 r  system_clk_module_inst/inst/clkin1_ibufgds/O
                         net (fo=1, routed)           3.576     4.418    system_clk_module_inst/inst/clk_in1_system_clk_module
    MMCME2_ADV_X0Y2      MMCME2_ADV (Prop_mmcme2_adv_CLKIN1_CLKOUT0)
                                                     -6.325    -1.907 r  system_clk_module_inst/inst/mmcm_adv_inst/CLKOUT0
                         net (fo=1, routed)           1.559    -0.348    system_clk_module_inst/inst/sys_clk_system_clk_module
    BUFGCTRL_X0Y1        BUFG (Prop_bufg_I_O)         0.081    -0.267 r  system_clk_module_inst/inst/clkout1_buf/O
                         net (fo=11069, routed)       1.661     1.394    ae_ddr_clk_400M_inst/inst/sys_clk_200M
    MMCME2_ADV_X0Y1      MMCME2_ADV (Prop_mmcme2_adv_CLKIN1_CLKOUT0)
                                                     -3.574    -2.180 r  ae_ddr_clk_400M_inst/inst/mmcm_adv_inst/CLKOUT0
                         net (fo=1, routed)           1.832    -0.348    ae_ddr_clk_400M_inst/inst/ae_ddr_clk_ddr_clk_gen_400M
    BUFGCTRL_X0Y6        BUFG (Prop_bufg_I_O)         0.081    -0.267 r  ae_ddr_clk_400M_inst/inst/clkout1_buf/O
                         net (fo=1, routed)           1.519     1.252    ae_ddr_axis_event_buffer_inst/u_ae_ddr_event_buffer/gen_mig_ddr3.u_ddr3/u_ddr3_mig/u_ddr3_infrastructure/mmcm_clk
    PLLE2_ADV_X1Y2       PLLE2_ADV (Prop_plle2_adv_CLKIN1_CLKOUT3)
                                                      0.077     1.329 r  ae_ddr_axis_event_buffer_inst/u_ae_ddr_event_buffer/gen_mig_ddr3.u_ddr3/u_ddr3_mig/u_ddr3_infrastructure/plle2_i/CLKOUT3
                         net (fo=1, routed)           1.165     2.494    ae_ddr_axis_event_buffer_inst/u_ae_ddr_event_buffer/gen_mig_ddr3.u_ddr3/u_ddr3_mig/u_ddr3_infrastructure/pll_clk3_out
    BUFHCE_X1Y24         BUFH (Prop_bufh_I_O)         0.106     2.600 r  ae_ddr_axis_event_buffer_inst/u_ae_ddr_event_buffer/gen_mig_ddr3.u_ddr3/u_ddr3_mig/u_ddr3_infrastructure/u_bufh_pll_clk3/O
                         net (fo=1, routed)           0.813     3.413    ae_ddr_axis_event_buffer_inst/u_ae_ddr_event_buffer/gen_mig_ddr3.u_ddr3/u_ddr3_mig/u_ddr3_infrastructure/pll_clk3
    MMCME2_ADV_X1Y2      MMCME2_ADV (Prop_mmcme2_adv_CLKIN1_CLKFBOUT)
                                                     -3.104     0.308 r  ae_ddr_axis_event_buffer_inst/u_ae_ddr_event_buffer/gen_mig_ddr3.u_ddr3/u_ddr3_mig/u_ddr3_infrastructure/gen_mmcm.mmcm_i/CLKFBOUT
                         net (fo=1, routed)           1.524     1.832    ae_ddr_axis_event_buffer_inst/u_ae_ddr_event_buffer/gen_mig_ddr3.u_ddr3/u_ddr3_mig/u_ddr3_infrastructure/clk_pll_i
    BUFGCTRL_X0Y0        BUFG (Prop_bufg_I_O)         0.081     1.913 r  ae_ddr_axis_event_buffer_inst/u_ae_ddr_event_buffer/gen_mig_ddr3.u_ddr3/u_ddr3_mig/u_ddr3_infrastructure/u_bufg_clkdiv0/O
                         net (fo=11684, routed)       1.406     3.319    udp_event_sensor_tx_inst/u_req_fifo/gnuram_async_fifo.xpm_fifo_base_inst/gen_cdc_pntr.wr_pntr_cdc_inst/dest_clk
    SLICE_X129Y166       FDRE                                         r  udp_event_sensor_tx_inst/u_req_fifo/gnuram_async_fifo.xpm_fifo_base_inst/gen_cdc_pntr.wr_pntr_cdc_inst/dest_graysync_ff_reg[0][2]/C
                         clock pessimism             -0.766     2.553    
    SLICE_X129Y166       FDRE (Hold_fdre_C_D)         0.138     2.691    udp_event_sensor_tx_inst/u_req_fifo/gnuram_async_fifo.xpm_fifo_base_inst/gen_cdc_pntr.wr_pntr_cdc_inst/dest_graysync_ff_reg[0][2]
  -------------------------------------------------------------------
                         data arrival                           0.760    
                         clock arrival                          2.691    
  -------------------------------------------------------------------
                         relative delay                        -1.932    



Id: 18
set_bus_skew -from [get_cells [list {udp_event_sensor_tx_inst/u_req_fifo/gnuram_async_fifo.xpm_fifo_base_inst/gen_cdc_pntr.rd_pntr_cdc_inst/src_gray_ff_reg[0]} {udp_event_sensor_tx_inst/u_req_fifo/gnuram_async_fifo.xpm_fifo_base_inst/gen_cdc_pntr.rd_pntr_cdc_inst/src_gray_ff_reg[1]} {udp_event_sensor_tx_inst/u_req_fifo/gnuram_async_fifo.xpm_fifo_base_inst/gen_cdc_pntr.rd_pntr_cdc_inst/src_gray_ff_reg[2]} {udp_event_sensor_tx_inst/u_req_fifo/gnuram_async_fifo.xpm_fifo_base_inst/gen_cdc_pntr.rd_pntr_cdc_inst/src_gray_ff_reg[3]}]] -to [get_cells [list {udp_event_sensor_tx_inst/u_req_fifo/gnuram_async_fifo.xpm_fifo_base_inst/gen_cdc_pntr.rd_pntr_cdc_inst/dest_graysync_ff_reg[0][0]} {udp_event_sensor_tx_inst/u_req_fifo/gnuram_async_fifo.xpm_fifo_base_inst/gen_cdc_pntr.rd_pntr_cdc_inst/dest_graysync_ff_reg[0][1]} {udp_event_sensor_tx_inst/u_req_fifo/gnuram_async_fifo.xpm_fifo_base_inst/gen_cdc_pntr.rd_pntr_cdc_inst/dest_graysync_ff_reg[0][2]} {udp_event_sensor_tx_inst/u_req_fifo/gnuram_async_fifo.xpm_fifo_base_inst/gen_cdc_pntr.rd_pntr_cdc_inst/dest_graysync_ff_reg[0][3]}]] 5.000
Requirement: 5.000ns
Endpoints: 4

From Clock            To Clock              Endpoint Pin                    Reference Pin                   Corner  Actual(ns)  Slack(ns)
--------------------  --------------------  ------------------------------  ------------------------------  ------  ----------  ---------
clk_pll_i             sys_clk_system_clk_module
                                            udp_event_sensor_tx_inst/u_req_fifo/gnuram_async_fifo.xpm_fifo_base_inst/gen_cdc_pntr.rd_pntr_cdc_inst/dest_graysync_ff_reg[0][0]/D
                                                                            udp_event_sensor_tx_inst/u_req_fifo/gnuram_async_fifo.xpm_fifo_base_inst/gen_cdc_pntr.rd_pntr_cdc_inst/dest_graysync_ff_reg[0][2]/D
                                                                                                            Slow         0.830      4.170


Slack (MET) :             4.170ns  (requirement - actual skew)
  Endpoint Source:        udp_event_sensor_tx_inst/u_req_fifo/gnuram_async_fifo.xpm_fifo_base_inst/gen_cdc_pntr.rd_pntr_cdc_inst/src_gray_ff_reg[0]/C
                            (rising edge-triggered cell FDRE clocked by clk_pll_i)
  Endpoint Destination:   udp_event_sensor_tx_inst/u_req_fifo/gnuram_async_fifo.xpm_fifo_base_inst/gen_cdc_pntr.rd_pntr_cdc_inst/dest_graysync_ff_reg[0][0]/D
                            (rising edge-triggered cell FDRE clocked by sys_clk_system_clk_module)
  Reference Source:       udp_event_sensor_tx_inst/u_req_fifo/gnuram_async_fifo.xpm_fifo_base_inst/gen_cdc_pntr.rd_pntr_cdc_inst/src_gray_ff_reg[2]/C
                            (rising edge-triggered cell FDRE clocked by clk_pll_i)
  Reference Destination:  udp_event_sensor_tx_inst/u_req_fifo/gnuram_async_fifo.xpm_fifo_base_inst/gen_cdc_pntr.rd_pntr_cdc_inst/dest_graysync_ff_reg[0][2]/D
                            (rising edge-triggered cell FDRE clocked by sys_clk_system_clk_module)
  Path Type:              Bus Skew (Max at Slow Process Corner)
  Requirement:            5.000ns
  Endpoint Relative Delay:    3.379ns
  Reference Relative Delay:   2.329ns
  Relative CRPR:              0.426ns
  Uncertainty:                0.206ns
  Actual Bus Skew:            0.830ns  (Endpoint Relative Delay - Reference Relative Delay - Relative CRPR + Uncertainty)

Endpoint path:
    Location             Delay type                Incr(ns)  Path(ns)    Netlist Resource(s)
  -------------------------------------------------------------------    -------------------
                         (clock clk_pll_i rise edge)
                                                      0.000     0.000 r  
    R4                                                0.000     0.000 r  sys_clk_p (IN)
                         net (fo=0)                   0.000     0.000    system_clk_module_inst/inst/clk_in1_p
    R4                   IBUFDS (Prop_ibufds_I_O)     0.842     0.842 r  system_clk_module_inst/inst/clkin1_ibufgds/O
                         net (fo=1, routed)           3.576     4.418    system_clk_module_inst/inst/clk_in1_system_clk_module
    MMCME2_ADV_X0Y2      MMCME2_ADV (Prop_mmcme2_adv_CLKIN1_CLKOUT0)
                                                     -6.325    -1.907 r  system_clk_module_inst/inst/mmcm_adv_inst/CLKOUT0
                         net (fo=1, routed)           1.559    -0.348    system_clk_module_inst/inst/sys_clk_system_clk_module
    BUFGCTRL_X0Y1        BUFG (Prop_bufg_I_O)         0.081    -0.267 r  system_clk_module_inst/inst/clkout1_buf/O
                         net (fo=11069, routed)       1.661     1.394    ae_ddr_clk_400M_inst/inst/sys_clk_200M
    MMCME2_ADV_X0Y1      MMCME2_ADV (Prop_mmcme2_adv_CLKIN1_CLKOUT0)
                                                     -3.574    -2.180 r  ae_ddr_clk_400M_inst/inst/mmcm_adv_inst/CLKOUT0
                         net (fo=1, routed)           1.832    -0.348    ae_ddr_clk_400M_inst/inst/ae_ddr_clk_ddr_clk_gen_400M
    BUFGCTRL_X0Y6        BUFG (Prop_bufg_I_O)         0.081    -0.267 r  ae_ddr_clk_400M_inst/inst/clkout1_buf/O
                         net (fo=1, routed)           1.519     1.252    ae_ddr_axis_event_buffer_inst/u_ae_ddr_event_buffer/gen_mig_ddr3.u_ddr3/u_ddr3_mig/u_ddr3_infrastructure/mmcm_clk
    PLLE2_ADV_X1Y2       PLLE2_ADV (Prop_plle2_adv_CLKIN1_CLKOUT3)
                                                      0.077     1.329 r  ae_ddr_axis_event_buffer_inst/u_ae_ddr_event_buffer/gen_mig_ddr3.u_ddr3/u_ddr3_mig/u_ddr3_infrastructure/plle2_i/CLKOUT3
                         net (fo=1, routed)           1.165     2.494    ae_ddr_axis_event_buffer_inst/u_ae_ddr_event_buffer/gen_mig_ddr3.u_ddr3/u_ddr3_mig/u_ddr3_infrastructure/pll_clk3_out
    BUFHCE_X1Y24         BUFH (Prop_bufh_I_O)         0.106     2.600 r  ae_ddr_axis_event_buffer_inst/u_ae_ddr_event_buffer/gen_mig_ddr3.u_ddr3/u_ddr3_mig/u_ddr3_infrastructure/u_bufh_pll_clk3/O
                         net (fo=1, routed)           0.813     3.413    ae_ddr_axis_event_buffer_inst/u_ae_ddr_event_buffer/gen_mig_ddr3.u_ddr3/u_ddr3_mig/u_ddr3_infrastructure/pll_clk3
    MMCME2_ADV_X1Y2      MMCME2_ADV (Prop_mmcme2_adv_CLKIN1_CLKFBOUT)
                                                     -3.104     0.308 r  ae_ddr_axis_event_buffer_inst/u_ae_ddr_event_buffer/gen_mig_ddr3.u_ddr3/u_ddr3_mig/u_ddr3_infrastructure/gen_mmcm.mmcm_i/CLKFBOUT
                         net (fo=1, routed)           1.524     1.832    ae_ddr_axis_event_buffer_inst/u_ae_ddr_event_buffer/gen_mig_ddr3.u_ddr3/u_ddr3_mig/u_ddr3_infrastructure/clk_pll_i
    BUFGCTRL_X0Y0        BUFG (Prop_bufg_I_O)         0.081     1.913 r  ae_ddr_axis_event_buffer_inst/u_ae_ddr_event_buffer/gen_mig_ddr3.u_ddr3/u_ddr3_mig/u_ddr3_infrastructure/u_bufg_clkdiv0/O
                         net (fo=11684, routed)       1.405     3.318    udp_event_sensor_tx_inst/u_req_fifo/gnuram_async_fifo.xpm_fifo_base_inst/gen_cdc_pntr.rd_pntr_cdc_inst/src_clk
    SLICE_X134Y168       FDRE                                         r  udp_event_sensor_tx_inst/u_req_fifo/gnuram_async_fifo.xpm_fifo_base_inst/gen_cdc_pntr.rd_pntr_cdc_inst/src_gray_ff_reg[0]/C
  -------------------------------------------------------------------    -------------------
    SLICE_X134Y168       FDRE (Prop_fdre_C_Q)         0.379     3.697 r  udp_event_sensor_tx_inst/u_req_fifo/gnuram_async_fifo.xpm_fifo_base_inst/gen_cdc_pntr.rd_pntr_cdc_inst/src_gray_ff_reg[0]/Q
                         net (fo=1, routed)           0.636     4.333    udp_event_sensor_tx_inst/u_req_fifo/gnuram_async_fifo.xpm_fifo_base_inst/gen_cdc_pntr.rd_pntr_cdc_inst/async_path[0]
    SLICE_X131Y170       FDRE                                         r  udp_event_sensor_tx_inst/u_req_fifo/gnuram_async_fifo.xpm_fifo_base_inst/gen_cdc_pntr.rd_pntr_cdc_inst/dest_graysync_ff_reg[0][0]/D
  -------------------------------------------------------------------    -------------------

                         (clock sys_clk_system_clk_module rise edge)
                                                      0.000     0.000 r  
    R4                                                0.000     0.000 r  sys_clk_p (IN)
                         net (fo=0)                   0.000     0.000    system_clk_module_inst/inst/clk_in1_p
    R4                   IBUFDS (Prop_ibufds_I_O)     0.804     0.804 r  system_clk_module_inst/inst/clkin1_ibufgds/O
                         net (fo=1, routed)           3.050     3.854    system_clk_module_inst/inst/clk_in1_system_clk_module
    MMCME2_ADV_X0Y2      MMCME2_ADV (Prop_mmcme2_adv_CLKIN1_CLKOUT0)
                                                     -6.451    -2.597 r  system_clk_module_inst/inst/mmcm_adv_inst/CLKOUT0
                         net (fo=1, routed)           1.488    -1.110    system_clk_module_inst/inst/sys_clk_system_clk_module
    BUFGCTRL_X0Y1        BUFG (Prop_bufg_I_O)         0.077    -1.033 r  system_clk_module_inst/inst/clkout1_buf/O
                         net (fo=11069, routed)       1.296     0.263    udp_event_sensor_tx_inst/u_req_fifo/gnuram_async_fifo.xpm_fifo_base_inst/gen_cdc_pntr.rd_pntr_cdc_inst/dest_clk
    SLICE_X131Y170       FDRE                                         r  udp_event_sensor_tx_inst/u_req_fifo/gnuram_async_fifo.xpm_fifo_base_inst/gen_cdc_pntr.rd_pntr_cdc_inst/dest_graysync_ff_reg[0][0]/C
                         clock pessimism              0.766     1.029    
    SLICE_X131Y170       FDRE (Setup_fdre_C_D)       -0.075     0.954    udp_event_sensor_tx_inst/u_req_fifo/gnuram_async_fifo.xpm_fifo_base_inst/gen_cdc_pntr.rd_pntr_cdc_inst/dest_graysync_ff_reg[0][0]
  -------------------------------------------------------------------
                         data arrival                           4.333    
                         clock arrival                          0.954    
  -------------------------------------------------------------------
                         relative delay                         3.379    

Reference path:
    Location             Delay type                Incr(ns)  Path(ns)    Netlist Resource(s)
  -------------------------------------------------------------------    -------------------
                         (clock clk_pll_i rise edge)
                                                      0.000     0.000 r  
    R4                                                0.000     0.000 r  sys_clk_p (IN)
                         net (fo=0)                   0.000     0.000    system_clk_module_inst/inst/clk_in1_p
    R4                   IBUFDS (Prop_ibufds_I_O)     0.804     0.804 r  system_clk_module_inst/inst/clkin1_ibufgds/O
                         net (fo=1, routed)           3.050     3.854    system_clk_module_inst/inst/clk_in1_system_clk_module
    MMCME2_ADV_X0Y2      MMCME2_ADV (Prop_mmcme2_adv_CLKIN1_CLKOUT0)
                                                     -6.451    -2.597 r  system_clk_module_inst/inst/mmcm_adv_inst/CLKOUT0
                         net (fo=1, routed)           1.488    -1.110    system_clk_module_inst/inst/sys_clk_system_clk_module
    BUFGCTRL_X0Y1        BUFG (Prop_bufg_I_O)         0.077    -1.033 r  system_clk_module_inst/inst/clkout1_buf/O
                         net (fo=11069, routed)       1.553     0.520    ae_ddr_clk_400M_inst/inst/sys_clk_200M
    MMCME2_ADV_X0Y1      MMCME2_ADV (Prop_mmcme2_adv_CLKIN1_CLKOUT0)
                                                     -3.377    -2.857 r  ae_ddr_clk_400M_inst/inst/mmcm_adv_inst/CLKOUT0
                         net (fo=1, routed)           1.747    -1.110    ae_ddr_clk_400M_inst/inst/ae_ddr_clk_ddr_clk_gen_400M
    BUFGCTRL_X0Y6        BUFG (Prop_bufg_I_O)         0.077    -1.033 r  ae_ddr_clk_400M_inst/inst/clkout1_buf/O
                         net (fo=1, routed)           1.417     0.384    ae_ddr_axis_event_buffer_inst/u_ae_ddr_event_buffer/gen_mig_ddr3.u_ddr3/u_ddr3_mig/u_ddr3_infrastructure/mmcm_clk
    PLLE2_ADV_X1Y2       PLLE2_ADV (Prop_plle2_adv_CLKIN1_CLKOUT3)
                                                      0.073     0.457 r  ae_ddr_axis_event_buffer_inst/u_ae_ddr_event_buffer/gen_mig_ddr3.u_ddr3/u_ddr3_mig/u_ddr3_infrastructure/plle2_i/CLKOUT3
                         net (fo=1, routed)           1.029     1.486    ae_ddr_axis_event_buffer_inst/u_ae_ddr_event_buffer/gen_mig_ddr3.u_ddr3/u_ddr3_mig/u_ddr3_infrastructure/pll_clk3_out
    BUFHCE_X1Y24         BUFH (Prop_bufh_I_O)         0.069     1.555 r  ae_ddr_axis_event_buffer_inst/u_ae_ddr_event_buffer/gen_mig_ddr3.u_ddr3/u_ddr3_mig/u_ddr3_infrastructure/u_bufh_pll_clk3/O
                         net (fo=1, routed)           0.777     2.332    ae_ddr_axis_event_buffer_inst/u_ae_ddr_event_buffer/gen_mig_ddr3.u_ddr3/u_ddr3_mig/u_ddr3_infrastructure/pll_clk3
    MMCME2_ADV_X1Y2      MMCME2_ADV (Prop_mmcme2_adv_CLKIN1_CLKFBOUT)
                                                     -2.927    -0.595 r  ae_ddr_axis_event_buffer_inst/u_ae_ddr_event_buffer/gen_mig_ddr3.u_ddr3/u_ddr3_mig/u_ddr3_infrastructure/gen_mmcm.mmcm_i/CLKFBOUT
                         net (fo=1, routed)           1.452     0.857    ae_ddr_axis_event_buffer_inst/u_ae_ddr_event_buffer/gen_mig_ddr3.u_ddr3/u_ddr3_mig/u_ddr3_infrastructure/clk_pll_i
    BUFGCTRL_X0Y0        BUFG (Prop_bufg_I_O)         0.077     0.934 r  ae_ddr_axis_event_buffer_inst/u_ae_ddr_event_buffer/gen_mig_ddr3.u_ddr3/u_ddr3_mig/u_ddr3_infrastructure/u_bufg_clkdiv0/O
                         net (fo=11684, routed)       1.298     2.232    udp_event_sensor_tx_inst/u_req_fifo/gnuram_async_fifo.xpm_fifo_base_inst/gen_cdc_pntr.rd_pntr_cdc_inst/src_clk
    SLICE_X134Y168       FDRE                                         r  udp_event_sensor_tx_inst/u_req_fifo/gnuram_async_fifo.xpm_fifo_base_inst/gen_cdc_pntr.rd_pntr_cdc_inst/src_gray_ff_reg[2]/C
  -------------------------------------------------------------------    -------------------
    SLICE_X134Y168       FDRE (Prop_fdre_C_Q)         0.304     2.536 r  udp_event_sensor_tx_inst/u_req_fifo/gnuram_async_fifo.xpm_fifo_base_inst/gen_cdc_pntr.rd_pntr_cdc_inst/src_gray_ff_reg[2]/Q
                         net (fo=1, routed)           0.300     2.836    udp_event_sensor_tx_inst/u_req_fifo/gnuram_async_fifo.xpm_fifo_base_inst/gen_cdc_pntr.rd_pntr_cdc_inst/async_path[2]
    SLICE_X131Y170       FDRE                                         r  udp_event_sensor_tx_inst/u_req_fifo/gnuram_async_fifo.xpm_fifo_base_inst/gen_cdc_pntr.rd_pntr_cdc_inst/dest_graysync_ff_reg[0][2]/D
  -------------------------------------------------------------------    -------------------

                         (clock sys_clk_system_clk_module rise edge)
                                                      0.000     0.000 r  
    R4                                                0.000     0.000 r  sys_clk_p (IN)
                         net (fo=0)                   0.000     0.000    system_clk_module_inst/inst/clk_in1_p
    R4                   IBUFDS (Prop_ibufds_I_O)     0.842     0.842 r  system_clk_module_inst/inst/clkin1_ibufgds/O
                         net (fo=1, routed)           3.576     4.418    system_clk_module_inst/inst/clk_in1_system_clk_module
    MMCME2_ADV_X0Y2      MMCME2_ADV (Prop_mmcme2_adv_CLKIN1_CLKOUT0)
                                                     -6.325    -1.907 r  system_clk_module_inst/inst/mmcm_adv_inst/CLKOUT0
                         net (fo=1, routed)           1.559    -0.348    system_clk_module_inst/inst/sys_clk_system_clk_module
    BUFGCTRL_X0Y1        BUFG (Prop_bufg_I_O)         0.081    -0.267 r  system_clk_module_inst/inst/clkout1_buf/O
                         net (fo=11069, routed)       1.402     1.135    udp_event_sensor_tx_inst/u_req_fifo/gnuram_async_fifo.xpm_fifo_base_inst/gen_cdc_pntr.rd_pntr_cdc_inst/dest_clk
    SLICE_X131Y170       FDRE                                         r  udp_event_sensor_tx_inst/u_req_fifo/gnuram_async_fifo.xpm_fifo_base_inst/gen_cdc_pntr.rd_pntr_cdc_inst/dest_graysync_ff_reg[0][2]/C
                         clock pessimism             -0.766     0.369    
    SLICE_X131Y170       FDRE (Hold_fdre_C_D)         0.138     0.507    udp_event_sensor_tx_inst/u_req_fifo/gnuram_async_fifo.xpm_fifo_base_inst/gen_cdc_pntr.rd_pntr_cdc_inst/dest_graysync_ff_reg[0][2]
  -------------------------------------------------------------------
                         data arrival                           2.836    
                         clock arrival                          0.507    
  -------------------------------------------------------------------
                         relative delay                         2.329    



Id: 19
set_bus_skew -from [get_cells [list {ae_ddr_axis_event_buffer_inst/u_ae_ddr_event_buffer/u_meta_fifo/gnuram_async_fifo.xpm_fifo_base_inst/gen_cdc_pntr.wr_pntr_cdc_inst/src_gray_ff_reg[0]} {ae_ddr_axis_event_buffer_inst/u_ae_ddr_event_buffer/u_meta_fifo/gnuram_async_fifo.xpm_fifo_base_inst/gen_cdc_pntr.wr_pntr_cdc_inst/src_gray_ff_reg[1]} {ae_ddr_axis_event_buffer_inst/u_ae_ddr_event_buffer/u_meta_fifo/gnuram_async_fifo.xpm_fifo_base_inst/gen_cdc_pntr.wr_pntr_cdc_inst/src_gray_ff_reg[2]} {ae_ddr_axis_event_buffer_inst/u_ae_ddr_event_buffer/u_meta_fifo/gnuram_async_fifo.xpm_fifo_base_inst/gen_cdc_pntr.wr_pntr_cdc_inst/src_gray_ff_reg[3]}]] -to [get_cells [list {ae_ddr_axis_event_buffer_inst/u_ae_ddr_event_buffer/u_meta_fifo/gnuram_async_fifo.xpm_fifo_base_inst/gen_cdc_pntr.wr_pntr_cdc_inst/dest_graysync_ff_reg[0][0]} {ae_ddr_axis_event_buffer_inst/u_ae_ddr_event_buffer/u_meta_fifo/gnuram_async_fifo.xpm_fifo_base_inst/gen_cdc_pntr.wr_pntr_cdc_inst/dest_graysync_ff_reg[0][1]} {ae_ddr_axis_event_buffer_inst/u_ae_ddr_event_buffer/u_meta_fifo/gnuram_async_fifo.xpm_fifo_base_inst/gen_cdc_pntr.wr_pntr_cdc_inst/dest_graysync_ff_reg[0][2]} {ae_ddr_axis_event_buffer_inst/u_ae_ddr_event_buffer/u_meta_fifo/gnuram_async_fifo.xpm_fifo_base_inst/gen_cdc_pntr.wr_pntr_cdc_inst/dest_graysync_ff_reg[0][3]}]] 5.000
Requirement: 5.000ns
Endpoints: 4

From Clock            To Clock              Endpoint Pin                    Reference Pin                   Corner  Actual(ns)  Slack(ns)
--------------------  --------------------  ------------------------------  ------------------------------  ------  ----------  ---------
sys_clk_system_clk_module
                      clk_pll_i             ae_ddr_axis_event_buffer_inst/u_ae_ddr_event_buffer/u_meta_fifo/gnuram_async_fifo.xpm_fifo_base_inst/gen_cdc_pntr.wr_pntr_cdc_inst/dest_graysync_ff_reg[0][1]/D
                                                                            ae_ddr_axis_event_buffer_inst/u_ae_ddr_event_buffer/u_meta_fifo/gnuram_async_fifo.xpm_fifo_base_inst/gen_cdc_pntr.wr_pntr_cdc_inst/dest_graysync_ff_reg[0][0]/D
                                                                                                            Slow         0.810      4.190


Slack (MET) :             4.190ns  (requirement - actual skew)
  Endpoint Source:        ae_ddr_axis_event_buffer_inst/u_ae_ddr_event_buffer/u_meta_fifo/gnuram_async_fifo.xpm_fifo_base_inst/gen_cdc_pntr.wr_pntr_cdc_inst/src_gray_ff_reg[1]/C
                            (rising edge-triggered cell FDRE clocked by sys_clk_system_clk_module)
  Endpoint Destination:   ae_ddr_axis_event_buffer_inst/u_ae_ddr_event_buffer/u_meta_fifo/gnuram_async_fifo.xpm_fifo_base_inst/gen_cdc_pntr.wr_pntr_cdc_inst/dest_graysync_ff_reg[0][1]/D
                            (rising edge-triggered cell FDRE clocked by clk_pll_i)
  Reference Source:       ae_ddr_axis_event_buffer_inst/u_ae_ddr_event_buffer/u_meta_fifo/gnuram_async_fifo.xpm_fifo_base_inst/gen_cdc_pntr.wr_pntr_cdc_inst/src_gray_ff_reg[0]/C
                            (rising edge-triggered cell FDRE clocked by sys_clk_system_clk_module)
  Reference Destination:  ae_ddr_axis_event_buffer_inst/u_ae_ddr_event_buffer/u_meta_fifo/gnuram_async_fifo.xpm_fifo_base_inst/gen_cdc_pntr.wr_pntr_cdc_inst/dest_graysync_ff_reg[0][0]/D
                            (rising edge-triggered cell FDRE clocked by clk_pll_i)
  Path Type:              Bus Skew (Max at Slow Process Corner)
  Requirement:            5.000ns
  Endpoint Relative Delay:   -0.954ns
  Reference Relative Delay:  -1.964ns
  Relative CRPR:              0.406ns
  Uncertainty:                0.206ns
  Actual Bus Skew:            0.810ns  (Endpoint Relative Delay - Reference Relative Delay - Relative CRPR + Uncertainty)

Endpoint path:
    Location             Delay type                Incr(ns)  Path(ns)    Netlist Resource(s)
  -------------------------------------------------------------------    -------------------
                         (clock sys_clk_system_clk_module rise edge)
                                                      0.000     0.000 r  
    R4                                                0.000     0.000 r  sys_clk_p (IN)
                         net (fo=0)                   0.000     0.000    system_clk_module_inst/inst/clk_in1_p
    R4                   IBUFDS (Prop_ibufds_I_O)     0.842     0.842 r  system_clk_module_inst/inst/clkin1_ibufgds/O
                         net (fo=1, routed)           3.576     4.418    system_clk_module_inst/inst/clk_in1_system_clk_module
    MMCME2_ADV_X0Y2      MMCME2_ADV (Prop_mmcme2_adv_CLKIN1_CLKOUT0)
                                                     -6.325    -1.907 r  system_clk_module_inst/inst/mmcm_adv_inst/CLKOUT0
                         net (fo=1, routed)           1.559    -0.348    system_clk_module_inst/inst/sys_clk_system_clk_module
    BUFGCTRL_X0Y1        BUFG (Prop_bufg_I_O)         0.081    -0.267 r  system_clk_module_inst/inst/clkout1_buf/O
                         net (fo=11069, routed)       1.424     1.157    ae_ddr_axis_event_buffer_inst/u_ae_ddr_event_buffer/u_meta_fifo/gnuram_async_fifo.xpm_fifo_base_inst/gen_cdc_pntr.wr_pntr_cdc_inst/src_clk
    SLICE_X127Y136       FDRE                                         r  ae_ddr_axis_event_buffer_inst/u_ae_ddr_event_buffer/u_meta_fifo/gnuram_async_fifo.xpm_fifo_base_inst/gen_cdc_pntr.wr_pntr_cdc_inst/src_gray_ff_reg[1]/C
  -------------------------------------------------------------------    -------------------
    SLICE_X127Y136       FDRE (Prop_fdre_C_Q)         0.348     1.505 r  ae_ddr_axis_event_buffer_inst/u_ae_ddr_event_buffer/u_meta_fifo/gnuram_async_fifo.xpm_fifo_base_inst/gen_cdc_pntr.wr_pntr_cdc_inst/src_gray_ff_reg[1]/Q
                         net (fo=1, routed)           0.348     1.853    ae_ddr_axis_event_buffer_inst/u_ae_ddr_event_buffer/u_meta_fifo/gnuram_async_fifo.xpm_fifo_base_inst/gen_cdc_pntr.wr_pntr_cdc_inst/async_path[1]
    SLICE_X125Y135       FDRE                                         r  ae_ddr_axis_event_buffer_inst/u_ae_ddr_event_buffer/u_meta_fifo/gnuram_async_fifo.xpm_fifo_base_inst/gen_cdc_pntr.wr_pntr_cdc_inst/dest_graysync_ff_reg[0][1]/D
  -------------------------------------------------------------------    -------------------

                         (clock clk_pll_i rise edge)
                                                      0.000     0.000 r  
    R4                                                0.000     0.000 r  sys_clk_p (IN)
                         net (fo=0)                   0.000     0.000    system_clk_module_inst/inst/clk_in1_p
    R4                   IBUFDS (Prop_ibufds_I_O)     0.804     0.804 r  system_clk_module_inst/inst/clkin1_ibufgds/O
                         net (fo=1, routed)           3.050     3.854    system_clk_module_inst/inst/clk_in1_system_clk_module
    MMCME2_ADV_X0Y2      MMCME2_ADV (Prop_mmcme2_adv_CLKIN1_CLKOUT0)
                                                     -6.451    -2.597 r  system_clk_module_inst/inst/mmcm_adv_inst/CLKOUT0
                         net (fo=1, routed)           1.488    -1.110    system_clk_module_inst/inst/sys_clk_system_clk_module
    BUFGCTRL_X0Y1        BUFG (Prop_bufg_I_O)         0.077    -1.033 r  system_clk_module_inst/inst/clkout1_buf/O
                         net (fo=11069, routed)       1.553     0.520    ae_ddr_clk_400M_inst/inst/sys_clk_200M
    MMCME2_ADV_X0Y1      MMCME2_ADV (Prop_mmcme2_adv_CLKIN1_CLKOUT0)
                                                     -3.377    -2.857 r  ae_ddr_clk_400M_inst/inst/mmcm_adv_inst/CLKOUT0
                         net (fo=1, routed)           1.747    -1.110    ae_ddr_clk_400M_inst/inst/ae_ddr_clk_ddr_clk_gen_400M
    BUFGCTRL_X0Y6        BUFG (Prop_bufg_I_O)         0.077    -1.033 r  ae_ddr_clk_400M_inst/inst/clkout1_buf/O
                         net (fo=1, routed)           1.417     0.384    ae_ddr_axis_event_buffer_inst/u_ae_ddr_event_buffer/gen_mig_ddr3.u_ddr3/u_ddr3_mig/u_ddr3_infrastructure/mmcm_clk
    PLLE2_ADV_X1Y2       PLLE2_ADV (Prop_plle2_adv_CLKIN1_CLKOUT3)
                                                      0.073     0.457 r  ae_ddr_axis_event_buffer_inst/u_ae_ddr_event_buffer/gen_mig_ddr3.u_ddr3/u_ddr3_mig/u_ddr3_infrastructure/plle2_i/CLKOUT3
                         net (fo=1, routed)           1.029     1.486    ae_ddr_axis_event_buffer_inst/u_ae_ddr_event_buffer/gen_mig_ddr3.u_ddr3/u_ddr3_mig/u_ddr3_infrastructure/pll_clk3_out
    BUFHCE_X1Y24         BUFH (Prop_bufh_I_O)         0.069     1.555 r  ae_ddr_axis_event_buffer_inst/u_ae_ddr_event_buffer/gen_mig_ddr3.u_ddr3/u_ddr3_mig/u_ddr3_infrastructure/u_bufh_pll_clk3/O
                         net (fo=1, routed)           0.777     2.332    ae_ddr_axis_event_buffer_inst/u_ae_ddr_event_buffer/gen_mig_ddr3.u_ddr3/u_ddr3_mig/u_ddr3_infrastructure/pll_clk3
    MMCME2_ADV_X1Y2      MMCME2_ADV (Prop_mmcme2_adv_CLKIN1_CLKFBOUT)
                                                     -2.927    -0.595 r  ae_ddr_axis_event_buffer_inst/u_ae_ddr_event_buffer/gen_mig_ddr3.u_ddr3/u_ddr3_mig/u_ddr3_infrastructure/gen_mmcm.mmcm_i/CLKFBOUT
                         net (fo=1, routed)           1.452     0.857    ae_ddr_axis_event_buffer_inst/u_ae_ddr_event_buffer/gen_mig_ddr3.u_ddr3/u_ddr3_mig/u_ddr3_infrastructure/clk_pll_i
    BUFGCTRL_X0Y0        BUFG (Prop_bufg_I_O)         0.077     0.934 r  ae_ddr_axis_event_buffer_inst/u_ae_ddr_event_buffer/gen_mig_ddr3.u_ddr3/u_ddr3_mig/u_ddr3_infrastructure/u_bufg_clkdiv0/O
                         net (fo=11684, routed)       1.314     2.248    ae_ddr_axis_event_buffer_inst/u_ae_ddr_event_buffer/u_meta_fifo/gnuram_async_fifo.xpm_fifo_base_inst/gen_cdc_pntr.wr_pntr_cdc_inst/dest_clk
    SLICE_X125Y135       FDRE                                         r  ae_ddr_axis_event_buffer_inst/u_ae_ddr_event_buffer/u_meta_fifo/gnuram_async_fifo.xpm_fifo_base_inst/gen_cdc_pntr.wr_pntr_cdc_inst/dest_graysync_ff_reg[0][1]/C
                         clock pessimism              0.766     3.014    
    SLICE_X125Y135       FDRE (Setup_fdre_C_D)       -0.207     2.807    ae_ddr_axis_event_buffer_inst/u_ae_ddr_event_buffer/u_meta_fifo/gnuram_async_fifo.xpm_fifo_base_inst/gen_cdc_pntr.wr_pntr_cdc_inst/dest_graysync_ff_reg[0][1]
  -------------------------------------------------------------------
                         data arrival                           1.853    
                         clock arrival                          2.807    
  -------------------------------------------------------------------
                         relative delay                        -0.954    

Reference path:
    Location             Delay type                Incr(ns)  Path(ns)    Netlist Resource(s)
  -------------------------------------------------------------------    -------------------
                         (clock sys_clk_system_clk_module rise edge)
                                                      0.000     0.000 r  
    R4                                                0.000     0.000 r  sys_clk_p (IN)
                         net (fo=0)                   0.000     0.000    system_clk_module_inst/inst/clk_in1_p
    R4                   IBUFDS (Prop_ibufds_I_O)     0.804     0.804 r  system_clk_module_inst/inst/clkin1_ibufgds/O
                         net (fo=1, routed)           3.050     3.854    system_clk_module_inst/inst/clk_in1_system_clk_module
    MMCME2_ADV_X0Y2      MMCME2_ADV (Prop_mmcme2_adv_CLKIN1_CLKOUT0)
                                                     -6.451    -2.597 r  system_clk_module_inst/inst/mmcm_adv_inst/CLKOUT0
                         net (fo=1, routed)           1.488    -1.110    system_clk_module_inst/inst/sys_clk_system_clk_module
    BUFGCTRL_X0Y1        BUFG (Prop_bufg_I_O)         0.077    -1.033 r  system_clk_module_inst/inst/clkout1_buf/O
                         net (fo=11069, routed)       1.315     0.282    ae_ddr_axis_event_buffer_inst/u_ae_ddr_event_buffer/u_meta_fifo/gnuram_async_fifo.xpm_fifo_base_inst/gen_cdc_pntr.wr_pntr_cdc_inst/src_clk
    SLICE_X127Y136       FDRE                                         r  ae_ddr_axis_event_buffer_inst/u_ae_ddr_event_buffer/u_meta_fifo/gnuram_async_fifo.xpm_fifo_base_inst/gen_cdc_pntr.wr_pntr_cdc_inst/src_gray_ff_reg[0]/C
  -------------------------------------------------------------------    -------------------
    SLICE_X127Y136       FDRE (Prop_fdre_C_Q)         0.304     0.586 r  ae_ddr_axis_event_buffer_inst/u_ae_ddr_event_buffer/u_meta_fifo/gnuram_async_fifo.xpm_fifo_base_inst/gen_cdc_pntr.wr_pntr_cdc_inst/src_gray_ff_reg[0]/Q
                         net (fo=1, routed)           0.206     0.792    ae_ddr_axis_event_buffer_inst/u_ae_ddr_event_buffer/u_meta_fifo/gnuram_async_fifo.xpm_fifo_base_inst/gen_cdc_pntr.wr_pntr_cdc_inst/async_path[0]
    SLICE_X124Y135       FDRE                                         r  ae_ddr_axis_event_buffer_inst/u_ae_ddr_event_buffer/u_meta_fifo/gnuram_async_fifo.xpm_fifo_base_inst/gen_cdc_pntr.wr_pntr_cdc_inst/dest_graysync_ff_reg[0][0]/D
  -------------------------------------------------------------------    -------------------

                         (clock clk_pll_i rise edge)
                                                      0.000     0.000 r  
    R4                                                0.000     0.000 r  sys_clk_p (IN)
                         net (fo=0)                   0.000     0.000    system_clk_module_inst/inst/clk_in1_p
    R4                   IBUFDS (Prop_ibufds_I_O)     0.842     0.842 r  system_clk_module_inst/inst/clkin1_ibufgds/O
                         net (fo=1, routed)           3.576     4.418    system_clk_module_inst/inst/clk_in1_system_clk_module
    MMCME2_ADV_X0Y2      MMCME2_ADV (Prop_mmcme2_adv_CLKIN1_CLKOUT0)
                                                     -6.325    -1.907 r  system_clk_module_inst/inst/mmcm_adv_inst/CLKOUT0
                         net (fo=1, routed)           1.559    -0.348    system_clk_module_inst/inst/sys_clk_system_clk_module
    BUFGCTRL_X0Y1        BUFG (Prop_bufg_I_O)         0.081    -0.267 r  system_clk_module_inst/inst/clkout1_buf/O
                         net (fo=11069, routed)       1.661     1.394    ae_ddr_clk_400M_inst/inst/sys_clk_200M
    MMCME2_ADV_X0Y1      MMCME2_ADV (Prop_mmcme2_adv_CLKIN1_CLKOUT0)
                                                     -3.574    -2.180 r  ae_ddr_clk_400M_inst/inst/mmcm_adv_inst/CLKOUT0
                         net (fo=1, routed)           1.832    -0.348    ae_ddr_clk_400M_inst/inst/ae_ddr_clk_ddr_clk_gen_400M
    BUFGCTRL_X0Y6        BUFG (Prop_bufg_I_O)         0.081    -0.267 r  ae_ddr_clk_400M_inst/inst/clkout1_buf/O
                         net (fo=1, routed)           1.519     1.252    ae_ddr_axis_event_buffer_inst/u_ae_ddr_event_buffer/gen_mig_ddr3.u_ddr3/u_ddr3_mig/u_ddr3_infrastructure/mmcm_clk
    PLLE2_ADV_X1Y2       PLLE2_ADV (Prop_plle2_adv_CLKIN1_CLKOUT3)
                                                      0.077     1.329 r  ae_ddr_axis_event_buffer_inst/u_ae_ddr_event_buffer/gen_mig_ddr3.u_ddr3/u_ddr3_mig/u_ddr3_infrastructure/plle2_i/CLKOUT3
                         net (fo=1, routed)           1.165     2.494    ae_ddr_axis_event_buffer_inst/u_ae_ddr_event_buffer/gen_mig_ddr3.u_ddr3/u_ddr3_mig/u_ddr3_infrastructure/pll_clk3_out
    BUFHCE_X1Y24         BUFH (Prop_bufh_I_O)         0.106     2.600 r  ae_ddr_axis_event_buffer_inst/u_ae_ddr_event_buffer/gen_mig_ddr3.u_ddr3/u_ddr3_mig/u_ddr3_infrastructure/u_bufh_pll_clk3/O
                         net (fo=1, routed)           0.813     3.413    ae_ddr_axis_event_buffer_inst/u_ae_ddr_event_buffer/gen_mig_ddr3.u_ddr3/u_ddr3_mig/u_ddr3_infrastructure/pll_clk3
    MMCME2_ADV_X1Y2      MMCME2_ADV (Prop_mmcme2_adv_CLKIN1_CLKFBOUT)
                                                     -3.104     0.308 r  ae_ddr_axis_event_buffer_inst/u_ae_ddr_event_buffer/gen_mig_ddr3.u_ddr3/u_ddr3_mig/u_ddr3_infrastructure/gen_mmcm.mmcm_i/CLKFBOUT
                         net (fo=1, routed)           1.524     1.832    ae_ddr_axis_event_buffer_inst/u_ae_ddr_event_buffer/gen_mig_ddr3.u_ddr3/u_ddr3_mig/u_ddr3_infrastructure/clk_pll_i
    BUFGCTRL_X0Y0        BUFG (Prop_bufg_I_O)         0.081     1.913 r  ae_ddr_axis_event_buffer_inst/u_ae_ddr_event_buffer/gen_mig_ddr3.u_ddr3/u_ddr3_mig/u_ddr3_infrastructure/u_bufg_clkdiv0/O
                         net (fo=11684, routed)       1.422     3.335    ae_ddr_axis_event_buffer_inst/u_ae_ddr_event_buffer/u_meta_fifo/gnuram_async_fifo.xpm_fifo_base_inst/gen_cdc_pntr.wr_pntr_cdc_inst/dest_clk
    SLICE_X124Y135       FDRE                                         r  ae_ddr_axis_event_buffer_inst/u_ae_ddr_event_buffer/u_meta_fifo/gnuram_async_fifo.xpm_fifo_base_inst/gen_cdc_pntr.wr_pntr_cdc_inst/dest_graysync_ff_reg[0][0]/C
                         clock pessimism             -0.766     2.569    
    SLICE_X124Y135       FDRE (Hold_fdre_C_D)         0.187     2.756    ae_ddr_axis_event_buffer_inst/u_ae_ddr_event_buffer/u_meta_fifo/gnuram_async_fifo.xpm_fifo_base_inst/gen_cdc_pntr.wr_pntr_cdc_inst/dest_graysync_ff_reg[0][0]
  -------------------------------------------------------------------
                         data arrival                           0.792    
                         clock arrival                          2.756    
  -------------------------------------------------------------------
                         relative delay                        -1.964    



Id: 20
set_bus_skew -from [get_cells [list {udp_event_sensor_tx_inst/u_evt_word_fifo/gnuram_async_fifo.xpm_fifo_base_inst/gen_cdc_pntr.rd_pntr_cdc_inst/src_gray_ff_reg[0]} {udp_event_sensor_tx_inst/u_evt_word_fifo/gnuram_async_fifo.xpm_fifo_base_inst/gen_cdc_pntr.rd_pntr_cdc_inst/src_gray_ff_reg[1]} {udp_event_sensor_tx_inst/u_evt_word_fifo/gnuram_async_fifo.xpm_fifo_base_inst/gen_cdc_pntr.rd_pntr_cdc_inst/src_gray_ff_reg[2]} {udp_event_sensor_tx_inst/u_evt_word_fifo/gnuram_async_fifo.xpm_fifo_base_inst/gen_cdc_pntr.rd_pntr_cdc_inst/src_gray_ff_reg[3]} {udp_event_sensor_tx_inst/u_evt_word_fifo/gnuram_async_fifo.xpm_fifo_base_inst/gen_cdc_pntr.rd_pntr_cdc_inst/src_gray_ff_reg[4]} {udp_event_sensor_tx_inst/u_evt_word_fifo/gnuram_async_fifo.xpm_fifo_base_inst/gen_cdc_pntr.rd_pntr_cdc_inst/src_gray_ff_reg[5]} {udp_event_sensor_tx_inst/u_evt_word_fifo/gnuram_async_fifo.xpm_fifo_base_inst/gen_cdc_pntr.rd_pntr_cdc_inst/src_gray_ff_reg[6]} {udp_event_sensor_tx_inst/u_evt_word_fifo/gnuram_async_fifo.xpm_fifo_base_inst/gen_cdc_pntr.rd_pntr_cdc_inst/src_gray_ff_reg[7]}]] -to [get_cells [list {udp_event_sensor_tx_inst/u_evt_word_fifo/gnuram_async_fifo.xpm_fifo_base_inst/gen_cdc_pntr.rd_pntr_cdc_inst/dest_graysync_ff_reg[0][0]} {udp_event_sensor_tx_inst/u_evt_word_fifo/gnuram_async_fifo.xpm_fifo_base_inst/gen_cdc_pntr.rd_pntr_cdc_inst/dest_graysync_ff_reg[0][1]} {udp_event_sensor_tx_inst/u_evt_word_fifo/gnuram_async_fifo.xpm_fifo_base_inst/gen_cdc_pntr.rd_pntr_cdc_inst/dest_graysync_ff_reg[0][2]} {udp_event_sensor_tx_inst/u_evt_word_fifo/gnuram_async_fifo.xpm_fifo_base_inst/gen_cdc_pntr.rd_pntr_cdc_inst/dest_graysync_ff_reg[0][3]} {udp_event_sensor_tx_inst/u_evt_word_fifo/gnuram_async_fifo.xpm_fifo_base_inst/gen_cdc_pntr.rd_pntr_cdc_inst/dest_graysync_ff_reg[0][4]} {udp_event_sensor_tx_inst/u_evt_word_fifo/gnuram_async_fifo.xpm_fifo_base_inst/gen_cdc_pntr.rd_pntr_cdc_inst/dest_graysync_ff_reg[0][5]} {udp_event_sensor_tx_inst/u_evt_word_fifo/gnuram_async_fifo.xpm_fifo_base_inst/gen_cdc_pntr.rd_pntr_cdc_inst/dest_graysync_ff_reg[0][6]} {udp_event_sensor_tx_inst/u_evt_word_fifo/gnuram_async_fifo.xpm_fifo_base_inst/gen_cdc_pntr.rd_pntr_cdc_inst/dest_graysync_ff_reg[0][7]}]] 5.000
Requirement: 5.000ns
Endpoints: 8

From Clock            To Clock              Endpoint Pin                    Reference Pin                   Corner  Actual(ns)  Slack(ns)
--------------------  --------------------  ------------------------------  ------------------------------  ------  ----------  ---------
sys_clk_system_clk_module
                      clk_pll_i             udp_event_sensor_tx_inst/u_evt_word_fifo/gnuram_async_fifo.xpm_fifo_base_inst/gen_cdc_pntr.rd_pntr_cdc_inst/dest_graysync_ff_reg[0][5]/D
                                                                            udp_event_sensor_tx_inst/u_evt_word_fifo/gnuram_async_fifo.xpm_fifo_base_inst/gen_cdc_pntr.rd_pntr_cdc_inst/dest_graysync_ff_reg[0][6]/D
                                                                                                            Slow         0.736      4.264


Slack (MET) :             4.264ns  (requirement - actual skew)
  Endpoint Source:        udp_event_sensor_tx_inst/u_evt_word_fifo/gnuram_async_fifo.xpm_fifo_base_inst/gen_cdc_pntr.rd_pntr_cdc_inst/src_gray_ff_reg[5]/C
                            (rising edge-triggered cell FDRE clocked by sys_clk_system_clk_module)
  Endpoint Destination:   udp_event_sensor_tx_inst/u_evt_word_fifo/gnuram_async_fifo.xpm_fifo_base_inst/gen_cdc_pntr.rd_pntr_cdc_inst/dest_graysync_ff_reg[0][5]/D
                            (rising edge-triggered cell FDRE clocked by clk_pll_i)
  Reference Source:       udp_event_sensor_tx_inst/u_evt_word_fifo/gnuram_async_fifo.xpm_fifo_base_inst/gen_cdc_pntr.rd_pntr_cdc_inst/src_gray_ff_reg[6]/C
                            (rising edge-triggered cell FDRE clocked by sys_clk_system_clk_module)
  Reference Destination:  udp_event_sensor_tx_inst/u_evt_word_fifo/gnuram_async_fifo.xpm_fifo_base_inst/gen_cdc_pntr.rd_pntr_cdc_inst/dest_graysync_ff_reg[0][6]/D
                            (rising edge-triggered cell FDRE clocked by clk_pll_i)
  Path Type:              Bus Skew (Max at Slow Process Corner)
  Requirement:            5.000ns
  Endpoint Relative Delay:   -0.908ns
  Reference Relative Delay:  -1.815ns
  Relative CRPR:              0.376ns
  Uncertainty:                0.206ns
  Actual Bus Skew:            0.736ns  (Endpoint Relative Delay - Reference Relative Delay - Relative CRPR + Uncertainty)

Endpoint path:
    Location             Delay type                Incr(ns)  Path(ns)    Netlist Resource(s)
  -------------------------------------------------------------------    -------------------
                         (clock sys_clk_system_clk_module rise edge)
                                                      0.000     0.000 r  
    R4                                                0.000     0.000 r  sys_clk_p (IN)
                         net (fo=0)                   0.000     0.000    system_clk_module_inst/inst/clk_in1_p
    R4                   IBUFDS (Prop_ibufds_I_O)     0.842     0.842 r  system_clk_module_inst/inst/clkin1_ibufgds/O
                         net (fo=1, routed)           3.576     4.418    system_clk_module_inst/inst/clk_in1_system_clk_module
    MMCME2_ADV_X0Y2      MMCME2_ADV (Prop_mmcme2_adv_CLKIN1_CLKOUT0)
                                                     -6.325    -1.907 r  system_clk_module_inst/inst/mmcm_adv_inst/CLKOUT0
                         net (fo=1, routed)           1.559    -0.348    system_clk_module_inst/inst/sys_clk_system_clk_module
    BUFGCTRL_X0Y1        BUFG (Prop_bufg_I_O)         0.081    -0.267 r  system_clk_module_inst/inst/clkout1_buf/O
                         net (fo=11069, routed)       1.403     1.136    udp_event_sensor_tx_inst/u_evt_word_fifo/gnuram_async_fifo.xpm_fifo_base_inst/gen_cdc_pntr.rd_pntr_cdc_inst/src_clk
    SLICE_X130Y180       FDRE                                         r  udp_event_sensor_tx_inst/u_evt_word_fifo/gnuram_async_fifo.xpm_fifo_base_inst/gen_cdc_pntr.rd_pntr_cdc_inst/src_gray_ff_reg[5]/C
  -------------------------------------------------------------------    -------------------
    SLICE_X130Y180       FDRE (Prop_fdre_C_Q)         0.348     1.484 r  udp_event_sensor_tx_inst/u_evt_word_fifo/gnuram_async_fifo.xpm_fifo_base_inst/gen_cdc_pntr.rd_pntr_cdc_inst/src_gray_ff_reg[5]/Q
                         net (fo=1, routed)           0.398     1.882    udp_event_sensor_tx_inst/u_evt_word_fifo/gnuram_async_fifo.xpm_fifo_base_inst/gen_cdc_pntr.rd_pntr_cdc_inst/async_path[5]
    SLICE_X126Y180       FDRE                                         r  udp_event_sensor_tx_inst/u_evt_word_fifo/gnuram_async_fifo.xpm_fifo_base_inst/gen_cdc_pntr.rd_pntr_cdc_inst/dest_graysync_ff_reg[0][5]/D
  -------------------------------------------------------------------    -------------------

                         (clock clk_pll_i rise edge)
                                                      0.000     0.000 r  
    R4                                                0.000     0.000 r  sys_clk_p (IN)
                         net (fo=0)                   0.000     0.000    system_clk_module_inst/inst/clk_in1_p
    R4                   IBUFDS (Prop_ibufds_I_O)     0.804     0.804 r  system_clk_module_inst/inst/clkin1_ibufgds/O
                         net (fo=1, routed)           3.050     3.854    system_clk_module_inst/inst/clk_in1_system_clk_module
    MMCME2_ADV_X0Y2      MMCME2_ADV (Prop_mmcme2_adv_CLKIN1_CLKOUT0)
                                                     -6.451    -2.597 r  system_clk_module_inst/inst/mmcm_adv_inst/CLKOUT0
                         net (fo=1, routed)           1.488    -1.110    system_clk_module_inst/inst/sys_clk_system_clk_module
    BUFGCTRL_X0Y1        BUFG (Prop_bufg_I_O)         0.077    -1.033 r  system_clk_module_inst/inst/clkout1_buf/O
                         net (fo=11069, routed)       1.553     0.520    ae_ddr_clk_400M_inst/inst/sys_clk_200M
    MMCME2_ADV_X0Y1      MMCME2_ADV (Prop_mmcme2_adv_CLKIN1_CLKOUT0)
                                                     -3.377    -2.857 r  ae_ddr_clk_400M_inst/inst/mmcm_adv_inst/CLKOUT0
                         net (fo=1, routed)           1.747    -1.110    ae_ddr_clk_400M_inst/inst/ae_ddr_clk_ddr_clk_gen_400M
    BUFGCTRL_X0Y6        BUFG (Prop_bufg_I_O)         0.077    -1.033 r  ae_ddr_clk_400M_inst/inst/clkout1_buf/O
                         net (fo=1, routed)           1.417     0.384    ae_ddr_axis_event_buffer_inst/u_ae_ddr_event_buffer/gen_mig_ddr3.u_ddr3/u_ddr3_mig/u_ddr3_infrastructure/mmcm_clk
    PLLE2_ADV_X1Y2       PLLE2_ADV (Prop_plle2_adv_CLKIN1_CLKOUT3)
                                                      0.073     0.457 r  ae_ddr_axis_event_buffer_inst/u_ae_ddr_event_buffer/gen_mig_ddr3.u_ddr3/u_ddr3_mig/u_ddr3_infrastructure/plle2_i/CLKOUT3
                         net (fo=1, routed)           1.029     1.486    ae_ddr_axis_event_buffer_inst/u_ae_ddr_event_buffer/gen_mig_ddr3.u_ddr3/u_ddr3_mig/u_ddr3_infrastructure/pll_clk3_out
    BUFHCE_X1Y24         BUFH (Prop_bufh_I_O)         0.069     1.555 r  ae_ddr_axis_event_buffer_inst/u_ae_ddr_event_buffer/gen_mig_ddr3.u_ddr3/u_ddr3_mig/u_ddr3_infrastructure/u_bufh_pll_clk3/O
                         net (fo=1, routed)           0.777     2.332    ae_ddr_axis_event_buffer_inst/u_ae_ddr_event_buffer/gen_mig_ddr3.u_ddr3/u_ddr3_mig/u_ddr3_infrastructure/pll_clk3
    MMCME2_ADV_X1Y2      MMCME2_ADV (Prop_mmcme2_adv_CLKIN1_CLKFBOUT)
                                                     -2.927    -0.595 r  ae_ddr_axis_event_buffer_inst/u_ae_ddr_event_buffer/gen_mig_ddr3.u_ddr3/u_ddr3_mig/u_ddr3_infrastructure/gen_mmcm.mmcm_i/CLKFBOUT
                         net (fo=1, routed)           1.452     0.857    ae_ddr_axis_event_buffer_inst/u_ae_ddr_event_buffer/gen_mig_ddr3.u_ddr3/u_ddr3_mig/u_ddr3_infrastructure/clk_pll_i
    BUFGCTRL_X0Y0        BUFG (Prop_bufg_I_O)         0.077     0.934 r  ae_ddr_axis_event_buffer_inst/u_ae_ddr_event_buffer/gen_mig_ddr3.u_ddr3/u_ddr3_mig/u_ddr3_infrastructure/u_bufg_clkdiv0/O
                         net (fo=11684, routed)       1.296     2.230    udp_event_sensor_tx_inst/u_evt_word_fifo/gnuram_async_fifo.xpm_fifo_base_inst/gen_cdc_pntr.rd_pntr_cdc_inst/dest_clk
    SLICE_X126Y180       FDRE                                         r  udp_event_sensor_tx_inst/u_evt_word_fifo/gnuram_async_fifo.xpm_fifo_base_inst/gen_cdc_pntr.rd_pntr_cdc_inst/dest_graysync_ff_reg[0][5]/C
                         clock pessimism              0.766     2.996    
    SLICE_X126Y180       FDRE (Setup_fdre_C_D)       -0.206     2.790    udp_event_sensor_tx_inst/u_evt_word_fifo/gnuram_async_fifo.xpm_fifo_base_inst/gen_cdc_pntr.rd_pntr_cdc_inst/dest_graysync_ff_reg[0][5]
  -------------------------------------------------------------------
                         data arrival                           1.882    
                         clock arrival                          2.790    
  -------------------------------------------------------------------
                         relative delay                        -0.908    

Reference path:
    Location             Delay type                Incr(ns)  Path(ns)    Netlist Resource(s)
  -------------------------------------------------------------------    -------------------
                         (clock sys_clk_system_clk_module rise edge)
                                                      0.000     0.000 r  
    R4                                                0.000     0.000 r  sys_clk_p (IN)
                         net (fo=0)                   0.000     0.000    system_clk_module_inst/inst/clk_in1_p
    R4                   IBUFDS (Prop_ibufds_I_O)     0.804     0.804 r  system_clk_module_inst/inst/clkin1_ibufgds/O
                         net (fo=1, routed)           3.050     3.854    system_clk_module_inst/inst/clk_in1_system_clk_module
    MMCME2_ADV_X0Y2      MMCME2_ADV (Prop_mmcme2_adv_CLKIN1_CLKOUT0)
                                                     -6.451    -2.597 r  system_clk_module_inst/inst/mmcm_adv_inst/CLKOUT0
                         net (fo=1, routed)           1.488    -1.110    system_clk_module_inst/inst/sys_clk_system_clk_module
    BUFGCTRL_X0Y1        BUFG (Prop_bufg_I_O)         0.077    -1.033 r  system_clk_module_inst/inst/clkout1_buf/O
                         net (fo=11069, routed)       1.296     0.263    udp_event_sensor_tx_inst/u_evt_word_fifo/gnuram_async_fifo.xpm_fifo_base_inst/gen_cdc_pntr.rd_pntr_cdc_inst/src_clk
    SLICE_X131Y179       FDRE                                         r  udp_event_sensor_tx_inst/u_evt_word_fifo/gnuram_async_fifo.xpm_fifo_base_inst/gen_cdc_pntr.rd_pntr_cdc_inst/src_gray_ff_reg[6]/C
  -------------------------------------------------------------------    -------------------
    SLICE_X131Y179       FDRE (Prop_fdre_C_Q)         0.304     0.567 r  udp_event_sensor_tx_inst/u_evt_word_fifo/gnuram_async_fifo.xpm_fifo_base_inst/gen_cdc_pntr.rd_pntr_cdc_inst/src_gray_ff_reg[6]/Q
                         net (fo=1, routed)           0.304     0.871    udp_event_sensor_tx_inst/u_evt_word_fifo/gnuram_async_fifo.xpm_fifo_base_inst/gen_cdc_pntr.rd_pntr_cdc_inst/async_path[6]
    SLICE_X127Y179       FDRE                                         r  udp_event_sensor_tx_inst/u_evt_word_fifo/gnuram_async_fifo.xpm_fifo_base_inst/gen_cdc_pntr.rd_pntr_cdc_inst/dest_graysync_ff_reg[0][6]/D
  -------------------------------------------------------------------    -------------------

                         (clock clk_pll_i rise edge)
                                                      0.000     0.000 r  
    R4                                                0.000     0.000 r  sys_clk_p (IN)
                         net (fo=0)                   0.000     0.000    system_clk_module_inst/inst/clk_in1_p
    R4                   IBUFDS (Prop_ibufds_I_O)     0.842     0.842 r  system_clk_module_inst/inst/clkin1_ibufgds/O
                         net (fo=1, routed)           3.576     4.418    system_clk_module_inst/inst/clk_in1_system_clk_module
    MMCME2_ADV_X0Y2      MMCME2_ADV (Prop_mmcme2_adv_CLKIN1_CLKOUT0)
                                                     -6.325    -1.907 r  system_clk_module_inst/inst/mmcm_adv_inst/CLKOUT0
                         net (fo=1, routed)           1.559    -0.348    system_clk_module_inst/inst/sys_clk_system_clk_module
    BUFGCTRL_X0Y1        BUFG (Prop_bufg_I_O)         0.081    -0.267 r  system_clk_module_inst/inst/clkout1_buf/O
                         net (fo=11069, routed)       1.661     1.394    ae_ddr_clk_400M_inst/inst/sys_clk_200M
    MMCME2_ADV_X0Y1      MMCME2_ADV (Prop_mmcme2_adv_CLKIN1_CLKOUT0)
                                                     -3.574    -2.180 r  ae_ddr_clk_400M_inst/inst/mmcm_adv_inst/CLKOUT0
                         net (fo=1, routed)           1.832    -0.348    ae_ddr_clk_400M_inst/inst/ae_ddr_clk_ddr_clk_gen_400M
    BUFGCTRL_X0Y6        BUFG (Prop_bufg_I_O)         0.081    -0.267 r  ae_ddr_clk_400M_inst/inst/clkout1_buf/O
                         net (fo=1, routed)           1.519     1.252    ae_ddr_axis_event_buffer_inst/u_ae_ddr_event_buffer/gen_mig_ddr3.u_ddr3/u_ddr3_mig/u_ddr3_infrastructure/mmcm_clk
    PLLE2_ADV_X1Y2       PLLE2_ADV (Prop_plle2_adv_CLKIN1_CLKOUT3)
                                                      0.077     1.329 r  ae_ddr_axis_event_buffer_inst/u_ae_ddr_event_buffer/gen_mig_ddr3.u_ddr3/u_ddr3_mig/u_ddr3_infrastructure/plle2_i/CLKOUT3
                         net (fo=1, routed)           1.165     2.494    ae_ddr_axis_event_buffer_inst/u_ae_ddr_event_buffer/gen_mig_ddr3.u_ddr3/u_ddr3_mig/u_ddr3_infrastructure/pll_clk3_out
    BUFHCE_X1Y24         BUFH (Prop_bufh_I_O)         0.106     2.600 r  ae_ddr_axis_event_buffer_inst/u_ae_ddr_event_buffer/gen_mig_ddr3.u_ddr3/u_ddr3_mig/u_ddr3_infrastructure/u_bufh_pll_clk3/O
                         net (fo=1, routed)           0.813     3.413    ae_ddr_axis_event_buffer_inst/u_ae_ddr_event_buffer/gen_mig_ddr3.u_ddr3/u_ddr3_mig/u_ddr3_infrastructure/pll_clk3
    MMCME2_ADV_X1Y2      MMCME2_ADV (Prop_mmcme2_adv_CLKIN1_CLKFBOUT)
                                                     -3.104     0.308 r  ae_ddr_axis_event_buffer_inst/u_ae_ddr_event_buffer/gen_mig_ddr3.u_ddr3/u_ddr3_mig/u_ddr3_infrastructure/gen_mmcm.mmcm_i/CLKFBOUT
                         net (fo=1, routed)           1.524     1.832    ae_ddr_axis_event_buffer_inst/u_ae_ddr_event_buffer/gen_mig_ddr3.u_ddr3/u_ddr3_mig/u_ddr3_infrastructure/clk_pll_i
    BUFGCTRL_X0Y0        BUFG (Prop_bufg_I_O)         0.081     1.913 r  ae_ddr_axis_event_buffer_inst/u_ae_ddr_event_buffer/gen_mig_ddr3.u_ddr3/u_ddr3_mig/u_ddr3_infrastructure/u_bufg_clkdiv0/O
                         net (fo=11684, routed)       1.402     3.315    udp_event_sensor_tx_inst/u_evt_word_fifo/gnuram_async_fifo.xpm_fifo_base_inst/gen_cdc_pntr.rd_pntr_cdc_inst/dest_clk
    SLICE_X127Y179       FDRE                                         r  udp_event_sensor_tx_inst/u_evt_word_fifo/gnuram_async_fifo.xpm_fifo_base_inst/gen_cdc_pntr.rd_pntr_cdc_inst/dest_graysync_ff_reg[0][6]/C
                         clock pessimism             -0.766     2.549    
    SLICE_X127Y179       FDRE (Hold_fdre_C_D)         0.136     2.685    udp_event_sensor_tx_inst/u_evt_word_fifo/gnuram_async_fifo.xpm_fifo_base_inst/gen_cdc_pntr.rd_pntr_cdc_inst/dest_graysync_ff_reg[0][6]
  -------------------------------------------------------------------
                         data arrival                           0.871    
                         clock arrival                          2.685    
  -------------------------------------------------------------------
                         relative delay                        -1.815    



Id: 21
set_bus_skew -from [get_cells [list {udp_event_sensor_tx_inst/u_evt_word_fifo/gnuram_async_fifo.xpm_fifo_base_inst/gen_cdc_pntr.wr_pntr_cdc_inst/src_gray_ff_reg[0]} {udp_event_sensor_tx_inst/u_evt_word_fifo/gnuram_async_fifo.xpm_fifo_base_inst/gen_cdc_pntr.wr_pntr_cdc_inst/src_gray_ff_reg[1]} {udp_event_sensor_tx_inst/u_evt_word_fifo/gnuram_async_fifo.xpm_fifo_base_inst/gen_cdc_pntr.wr_pntr_cdc_inst/src_gray_ff_reg[2]} {udp_event_sensor_tx_inst/u_evt_word_fifo/gnuram_async_fifo.xpm_fifo_base_inst/gen_cdc_pntr.wr_pntr_cdc_inst/src_gray_ff_reg[3]} {udp_event_sensor_tx_inst/u_evt_word_fifo/gnuram_async_fifo.xpm_fifo_base_inst/gen_cdc_pntr.wr_pntr_cdc_inst/src_gray_ff_reg[4]} {udp_event_sensor_tx_inst/u_evt_word_fifo/gnuram_async_fifo.xpm_fifo_base_inst/gen_cdc_pntr.wr_pntr_cdc_inst/src_gray_ff_reg[5]} {udp_event_sensor_tx_inst/u_evt_word_fifo/gnuram_async_fifo.xpm_fifo_base_inst/gen_cdc_pntr.wr_pntr_cdc_inst/src_gray_ff_reg[6]} {udp_event_sensor_tx_inst/u_evt_word_fifo/gnuram_async_fifo.xpm_fifo_base_inst/gen_cdc_pntr.wr_pntr_cdc_inst/src_gray_ff_reg[7]}]] -to [get_cells [list {udp_event_sensor_tx_inst/u_evt_word_fifo/gnuram_async_fifo.xpm_fifo_base_inst/gen_cdc_pntr.wr_pntr_cdc_inst/dest_graysync_ff_reg[0][0]} {udp_event_sensor_tx_inst/u_evt_word_fifo/gnuram_async_fifo.xpm_fifo_base_inst/gen_cdc_pntr.wr_pntr_cdc_inst/dest_graysync_ff_reg[0][1]} {udp_event_sensor_tx_inst/u_evt_word_fifo/gnuram_async_fifo.xpm_fifo_base_inst/gen_cdc_pntr.wr_pntr_cdc_inst/dest_graysync_ff_reg[0][2]} {udp_event_sensor_tx_inst/u_evt_word_fifo/gnuram_async_fifo.xpm_fifo_base_inst/gen_cdc_pntr.wr_pntr_cdc_inst/dest_graysync_ff_reg[0][3]} {udp_event_sensor_tx_inst/u_evt_word_fifo/gnuram_async_fifo.xpm_fifo_base_inst/gen_cdc_pntr.wr_pntr_cdc_inst/dest_graysync_ff_reg[0][4]} {udp_event_sensor_tx_inst/u_evt_word_fifo/gnuram_async_fifo.xpm_fifo_base_inst/gen_cdc_pntr.wr_pntr_cdc_inst/dest_graysync_ff_reg[0][5]} {udp_event_sensor_tx_inst/u_evt_word_fifo/gnuram_async_fifo.xpm_fifo_base_inst/gen_cdc_pntr.wr_pntr_cdc_inst/dest_graysync_ff_reg[0][6]} {udp_event_sensor_tx_inst/u_evt_word_fifo/gnuram_async_fifo.xpm_fifo_base_inst/gen_cdc_pntr.wr_pntr_cdc_inst/dest_graysync_ff_reg[0][7]}]] 5.000
Requirement: 5.000ns
Endpoints: 8

From Clock            To Clock              Endpoint Pin                    Reference Pin                   Corner  Actual(ns)  Slack(ns)
--------------------  --------------------  ------------------------------  ------------------------------  ------  ----------  ---------
clk_pll_i             sys_clk_system_clk_module
                                            udp_event_sensor_tx_inst/u_evt_word_fifo/gnuram_async_fifo.xpm_fifo_base_inst/gen_cdc_pntr.wr_pntr_cdc_inst/dest_graysync_ff_reg[0][7]/D
                                                                            udp_event_sensor_tx_inst/u_evt_word_fifo/gnuram_async_fifo.xpm_fifo_base_inst/gen_cdc_pntr.wr_pntr_cdc_inst/dest_graysync_ff_reg[0][4]/D
                                                                                                            Slow         0.969      4.031


Slack (MET) :             4.031ns  (requirement - actual skew)
  Endpoint Source:        udp_event_sensor_tx_inst/u_evt_word_fifo/gnuram_async_fifo.xpm_fifo_base_inst/gen_cdc_pntr.wr_pntr_cdc_inst/src_gray_ff_reg[7]/C
                            (rising edge-triggered cell FDRE clocked by clk_pll_i)
  Endpoint Destination:   udp_event_sensor_tx_inst/u_evt_word_fifo/gnuram_async_fifo.xpm_fifo_base_inst/gen_cdc_pntr.wr_pntr_cdc_inst/dest_graysync_ff_reg[0][7]/D
                            (rising edge-triggered cell FDRE clocked by sys_clk_system_clk_module)
  Reference Source:       udp_event_sensor_tx_inst/u_evt_word_fifo/gnuram_async_fifo.xpm_fifo_base_inst/gen_cdc_pntr.wr_pntr_cdc_inst/src_gray_ff_reg[4]/C
                            (rising edge-triggered cell FDRE clocked by clk_pll_i)
  Reference Destination:  udp_event_sensor_tx_inst/u_evt_word_fifo/gnuram_async_fifo.xpm_fifo_base_inst/gen_cdc_pntr.wr_pntr_cdc_inst/dest_graysync_ff_reg[0][4]/D
                            (rising edge-triggered cell FDRE clocked by sys_clk_system_clk_module)
  Path Type:              Bus Skew (Max at Slow Process Corner)
  Requirement:            5.000ns
  Endpoint Relative Delay:    3.322ns
  Reference Relative Delay:   2.172ns
  Relative CRPR:              0.386ns
  Uncertainty:                0.206ns
  Actual Bus Skew:            0.969ns  (Endpoint Relative Delay - Reference Relative Delay - Relative CRPR + Uncertainty)

Endpoint path:
    Location             Delay type                Incr(ns)  Path(ns)    Netlist Resource(s)
  -------------------------------------------------------------------    -------------------
                         (clock clk_pll_i rise edge)
                                                      0.000     0.000 r  
    R4                                                0.000     0.000 r  sys_clk_p (IN)
                         net (fo=0)                   0.000     0.000    system_clk_module_inst/inst/clk_in1_p
    R4                   IBUFDS (Prop_ibufds_I_O)     0.842     0.842 r  system_clk_module_inst/inst/clkin1_ibufgds/O
                         net (fo=1, routed)           3.576     4.418    system_clk_module_inst/inst/clk_in1_system_clk_module
    MMCME2_ADV_X0Y2      MMCME2_ADV (Prop_mmcme2_adv_CLKIN1_CLKOUT0)
                                                     -6.325    -1.907 r  system_clk_module_inst/inst/mmcm_adv_inst/CLKOUT0
                         net (fo=1, routed)           1.559    -0.348    system_clk_module_inst/inst/sys_clk_system_clk_module
    BUFGCTRL_X0Y1        BUFG (Prop_bufg_I_O)         0.081    -0.267 r  system_clk_module_inst/inst/clkout1_buf/O
                         net (fo=11069, routed)       1.661     1.394    ae_ddr_clk_400M_inst/inst/sys_clk_200M
    MMCME2_ADV_X0Y1      MMCME2_ADV (Prop_mmcme2_adv_CLKIN1_CLKOUT0)
                                                     -3.574    -2.180 r  ae_ddr_clk_400M_inst/inst/mmcm_adv_inst/CLKOUT0
                         net (fo=1, routed)           1.832    -0.348    ae_ddr_clk_400M_inst/inst/ae_ddr_clk_ddr_clk_gen_400M
    BUFGCTRL_X0Y6        BUFG (Prop_bufg_I_O)         0.081    -0.267 r  ae_ddr_clk_400M_inst/inst/clkout1_buf/O
                         net (fo=1, routed)           1.519     1.252    ae_ddr_axis_event_buffer_inst/u_ae_ddr_event_buffer/gen_mig_ddr3.u_ddr3/u_ddr3_mig/u_ddr3_infrastructure/mmcm_clk
    PLLE2_ADV_X1Y2       PLLE2_ADV (Prop_plle2_adv_CLKIN1_CLKOUT3)
                                                      0.077     1.329 r  ae_ddr_axis_event_buffer_inst/u_ae_ddr_event_buffer/gen_mig_ddr3.u_ddr3/u_ddr3_mig/u_ddr3_infrastructure/plle2_i/CLKOUT3
                         net (fo=1, routed)           1.165     2.494    ae_ddr_axis_event_buffer_inst/u_ae_ddr_event_buffer/gen_mig_ddr3.u_ddr3/u_ddr3_mig/u_ddr3_infrastructure/pll_clk3_out
    BUFHCE_X1Y24         BUFH (Prop_bufh_I_O)         0.106     2.600 r  ae_ddr_axis_event_buffer_inst/u_ae_ddr_event_buffer/gen_mig_ddr3.u_ddr3/u_ddr3_mig/u_ddr3_infrastructure/u_bufh_pll_clk3/O
                         net (fo=1, routed)           0.813     3.413    ae_ddr_axis_event_buffer_inst/u_ae_ddr_event_buffer/gen_mig_ddr3.u_ddr3/u_ddr3_mig/u_ddr3_infrastructure/pll_clk3
    MMCME2_ADV_X1Y2      MMCME2_ADV (Prop_mmcme2_adv_CLKIN1_CLKFBOUT)
                                                     -3.104     0.308 r  ae_ddr_axis_event_buffer_inst/u_ae_ddr_event_buffer/gen_mig_ddr3.u_ddr3/u_ddr3_mig/u_ddr3_infrastructure/gen_mmcm.mmcm_i/CLKFBOUT
                         net (fo=1, routed)           1.524     1.832    ae_ddr_axis_event_buffer_inst/u_ae_ddr_event_buffer/gen_mig_ddr3.u_ddr3/u_ddr3_mig/u_ddr3_infrastructure/clk_pll_i
    BUFGCTRL_X0Y0        BUFG (Prop_bufg_I_O)         0.081     1.913 r  ae_ddr_axis_event_buffer_inst/u_ae_ddr_event_buffer/gen_mig_ddr3.u_ddr3/u_ddr3_mig/u_ddr3_infrastructure/u_bufg_clkdiv0/O
                         net (fo=11684, routed)       1.403     3.316    udp_event_sensor_tx_inst/u_evt_word_fifo/gnuram_async_fifo.xpm_fifo_base_inst/gen_cdc_pntr.wr_pntr_cdc_inst/src_clk
    SLICE_X134Y179       FDRE                                         r  udp_event_sensor_tx_inst/u_evt_word_fifo/gnuram_async_fifo.xpm_fifo_base_inst/gen_cdc_pntr.wr_pntr_cdc_inst/src_gray_ff_reg[7]/C
  -------------------------------------------------------------------    -------------------
    SLICE_X134Y179       FDRE (Prop_fdre_C_Q)         0.348     3.664 r  udp_event_sensor_tx_inst/u_evt_word_fifo/gnuram_async_fifo.xpm_fifo_base_inst/gen_cdc_pntr.wr_pntr_cdc_inst/src_gray_ff_reg[7]/Q
                         net (fo=1, routed)           0.478     4.142    udp_event_sensor_tx_inst/u_evt_word_fifo/gnuram_async_fifo.xpm_fifo_base_inst/gen_cdc_pntr.wr_pntr_cdc_inst/async_path[7]
    SLICE_X131Y179       FDRE                                         r  udp_event_sensor_tx_inst/u_evt_word_fifo/gnuram_async_fifo.xpm_fifo_base_inst/gen_cdc_pntr.wr_pntr_cdc_inst/dest_graysync_ff_reg[0][7]/D
  -------------------------------------------------------------------    -------------------

                         (clock sys_clk_system_clk_module rise edge)
                                                      0.000     0.000 r  
    R4                                                0.000     0.000 r  sys_clk_p (IN)
                         net (fo=0)                   0.000     0.000    system_clk_module_inst/inst/clk_in1_p
    R4                   IBUFDS (Prop_ibufds_I_O)     0.804     0.804 r  system_clk_module_inst/inst/clkin1_ibufgds/O
                         net (fo=1, routed)           3.050     3.854    system_clk_module_inst/inst/clk_in1_system_clk_module
    MMCME2_ADV_X0Y2      MMCME2_ADV (Prop_mmcme2_adv_CLKIN1_CLKOUT0)
                                                     -6.451    -2.597 r  system_clk_module_inst/inst/mmcm_adv_inst/CLKOUT0
                         net (fo=1, routed)           1.488    -1.110    system_clk_module_inst/inst/sys_clk_system_clk_module
    BUFGCTRL_X0Y1        BUFG (Prop_bufg_I_O)         0.077    -1.033 r  system_clk_module_inst/inst/clkout1_buf/O
                         net (fo=11069, routed)       1.296     0.263    udp_event_sensor_tx_inst/u_evt_word_fifo/gnuram_async_fifo.xpm_fifo_base_inst/gen_cdc_pntr.wr_pntr_cdc_inst/dest_clk
    SLICE_X131Y179       FDRE                                         r  udp_event_sensor_tx_inst/u_evt_word_fifo/gnuram_async_fifo.xpm_fifo_base_inst/gen_cdc_pntr.wr_pntr_cdc_inst/dest_graysync_ff_reg[0][7]/C
                         clock pessimism              0.766     1.029    
    SLICE_X131Y179       FDRE (Setup_fdre_C_D)       -0.209     0.820    udp_event_sensor_tx_inst/u_evt_word_fifo/gnuram_async_fifo.xpm_fifo_base_inst/gen_cdc_pntr.wr_pntr_cdc_inst/dest_graysync_ff_reg[0][7]
  -------------------------------------------------------------------
                         data arrival                           4.142    
                         clock arrival                          0.820    
  -------------------------------------------------------------------
                         relative delay                         3.322    

Reference path:
    Location             Delay type                Incr(ns)  Path(ns)    Netlist Resource(s)
  -------------------------------------------------------------------    -------------------
                         (clock clk_pll_i rise edge)
                                                      0.000     0.000 r  
    R4                                                0.000     0.000 r  sys_clk_p (IN)
                         net (fo=0)                   0.000     0.000    system_clk_module_inst/inst/clk_in1_p
    R4                   IBUFDS (Prop_ibufds_I_O)     0.804     0.804 r  system_clk_module_inst/inst/clkin1_ibufgds/O
                         net (fo=1, routed)           3.050     3.854    system_clk_module_inst/inst/clk_in1_system_clk_module
    MMCME2_ADV_X0Y2      MMCME2_ADV (Prop_mmcme2_adv_CLKIN1_CLKOUT0)
                                                     -6.451    -2.597 r  system_clk_module_inst/inst/mmcm_adv_inst/CLKOUT0
                         net (fo=1, routed)           1.488    -1.110    system_clk_module_inst/inst/sys_clk_system_clk_module
    BUFGCTRL_X0Y1        BUFG (Prop_bufg_I_O)         0.077    -1.033 r  system_clk_module_inst/inst/clkout1_buf/O
                         net (fo=11069, routed)       1.553     0.520    ae_ddr_clk_400M_inst/inst/sys_clk_200M
    MMCME2_ADV_X0Y1      MMCME2_ADV (Prop_mmcme2_adv_CLKIN1_CLKOUT0)
                                                     -3.377    -2.857 r  ae_ddr_clk_400M_inst/inst/mmcm_adv_inst/CLKOUT0
                         net (fo=1, routed)           1.747    -1.110    ae_ddr_clk_400M_inst/inst/ae_ddr_clk_ddr_clk_gen_400M
    BUFGCTRL_X0Y6        BUFG (Prop_bufg_I_O)         0.077    -1.033 r  ae_ddr_clk_400M_inst/inst/clkout1_buf/O
                         net (fo=1, routed)           1.417     0.384    ae_ddr_axis_event_buffer_inst/u_ae_ddr_event_buffer/gen_mig_ddr3.u_ddr3/u_ddr3_mig/u_ddr3_infrastructure/mmcm_clk
    PLLE2_ADV_X1Y2       PLLE2_ADV (Prop_plle2_adv_CLKIN1_CLKOUT3)
                                                      0.073     0.457 r  ae_ddr_axis_event_buffer_inst/u_ae_ddr_event_buffer/gen_mig_ddr3.u_ddr3/u_ddr3_mig/u_ddr3_infrastructure/plle2_i/CLKOUT3
                         net (fo=1, routed)           1.029     1.486    ae_ddr_axis_event_buffer_inst/u_ae_ddr_event_buffer/gen_mig_ddr3.u_ddr3/u_ddr3_mig/u_ddr3_infrastructure/pll_clk3_out
    BUFHCE_X1Y24         BUFH (Prop_bufh_I_O)         0.069     1.555 r  ae_ddr_axis_event_buffer_inst/u_ae_ddr_event_buffer/gen_mig_ddr3.u_ddr3/u_ddr3_mig/u_ddr3_infrastructure/u_bufh_pll_clk3/O
                         net (fo=1, routed)           0.777     2.332    ae_ddr_axis_event_buffer_inst/u_ae_ddr_event_buffer/gen_mig_ddr3.u_ddr3/u_ddr3_mig/u_ddr3_infrastructure/pll_clk3
    MMCME2_ADV_X1Y2      MMCME2_ADV (Prop_mmcme2_adv_CLKIN1_CLKFBOUT)
                                                     -2.927    -0.595 r  ae_ddr_axis_event_buffer_inst/u_ae_ddr_event_buffer/gen_mig_ddr3.u_ddr3/u_ddr3_mig/u_ddr3_infrastructure/gen_mmcm.mmcm_i/CLKFBOUT
                         net (fo=1, routed)           1.452     0.857    ae_ddr_axis_event_buffer_inst/u_ae_ddr_event_buffer/gen_mig_ddr3.u_ddr3/u_ddr3_mig/u_ddr3_infrastructure/clk_pll_i
    BUFGCTRL_X0Y0        BUFG (Prop_bufg_I_O)         0.077     0.934 r  ae_ddr_axis_event_buffer_inst/u_ae_ddr_event_buffer/gen_mig_ddr3.u_ddr3/u_ddr3_mig/u_ddr3_infrastructure/u_bufg_clkdiv0/O
                         net (fo=11684, routed)       1.296     2.230    udp_event_sensor_tx_inst/u_evt_word_fifo/gnuram_async_fifo.xpm_fifo_base_inst/gen_cdc_pntr.wr_pntr_cdc_inst/src_clk
    SLICE_X134Y179       FDRE                                         r  udp_event_sensor_tx_inst/u_evt_word_fifo/gnuram_async_fifo.xpm_fifo_base_inst/gen_cdc_pntr.wr_pntr_cdc_inst/src_gray_ff_reg[4]/C
  -------------------------------------------------------------------    -------------------
    SLICE_X134Y179       FDRE (Prop_fdre_C_Q)         0.304     2.534 r  udp_event_sensor_tx_inst/u_evt_word_fifo/gnuram_async_fifo.xpm_fifo_base_inst/gen_cdc_pntr.wr_pntr_cdc_inst/src_gray_ff_reg[4]/Q
                         net (fo=1, routed)           0.197     2.731    udp_event_sensor_tx_inst/u_evt_word_fifo/gnuram_async_fifo.xpm_fifo_base_inst/gen_cdc_pntr.wr_pntr_cdc_inst/async_path[4]
    SLICE_X132Y179       FDRE                                         r  udp_event_sensor_tx_inst/u_evt_word_fifo/gnuram_async_fifo.xpm_fifo_base_inst/gen_cdc_pntr.wr_pntr_cdc_inst/dest_graysync_ff_reg[0][4]/D
  -------------------------------------------------------------------    -------------------

                         (clock sys_clk_system_clk_module rise edge)
                                                      0.000     0.000 r  
    R4                                                0.000     0.000 r  sys_clk_p (IN)
                         net (fo=0)                   0.000     0.000    system_clk_module_inst/inst/clk_in1_p
    R4                   IBUFDS (Prop_ibufds_I_O)     0.842     0.842 r  system_clk_module_inst/inst/clkin1_ibufgds/O
                         net (fo=1, routed)           3.576     4.418    system_clk_module_inst/inst/clk_in1_system_clk_module
    MMCME2_ADV_X0Y2      MMCME2_ADV (Prop_mmcme2_adv_CLKIN1_CLKOUT0)
                                                     -6.325    -1.907 r  system_clk_module_inst/inst/mmcm_adv_inst/CLKOUT0
                         net (fo=1, routed)           1.559    -0.348    system_clk_module_inst/inst/sys_clk_system_clk_module
    BUFGCTRL_X0Y1        BUFG (Prop_bufg_I_O)         0.081    -0.267 r  system_clk_module_inst/inst/clkout1_buf/O
                         net (fo=11069, routed)       1.403     1.136    udp_event_sensor_tx_inst/u_evt_word_fifo/gnuram_async_fifo.xpm_fifo_base_inst/gen_cdc_pntr.wr_pntr_cdc_inst/dest_clk
    SLICE_X132Y179       FDRE                                         r  udp_event_sensor_tx_inst/u_evt_word_fifo/gnuram_async_fifo.xpm_fifo_base_inst/gen_cdc_pntr.wr_pntr_cdc_inst/dest_graysync_ff_reg[0][4]/C
                         clock pessimism             -0.766     0.370    
    SLICE_X132Y179       FDRE (Hold_fdre_C_D)         0.189     0.559    udp_event_sensor_tx_inst/u_evt_word_fifo/gnuram_async_fifo.xpm_fifo_base_inst/gen_cdc_pntr.wr_pntr_cdc_inst/dest_graysync_ff_reg[0][4]
  -------------------------------------------------------------------
                         data arrival                           2.731    
                         clock arrival                          0.559    
  -------------------------------------------------------------------
                         relative delay                         2.172    



